0,0,0,0,0,0,0,0,0,0,0,0,0,0,0,0,0,0,0,0,0,0,0,0,0,0,0,0,0,0,0,0,0,0,0,0,0,0,0,0,0,0,0,0,0,0,0,0,0,0,0,0,0,0,0,0,0,0,0,0,0,0,0,0,0,0,0,0,0,0,0,0,0,0,0,0,0,0,0,0,0,0,0,0,0,0,0,0,0,0,0,0,0,0,0,0,0,0,0,0,0,0,0,0,0,0,0,0,0,0,0,0,0,0,0,0,0,0,0,0,0,0,0,0,0,0,0,0,0,0,0,0,0,0,0,0,0,0,0,0,0,0,0,0,0,0,0,0,0,0,0,0,0,0,0,0,0,0,0,0,0,0,0,0,0,0,0,0,0,0,0,0,0,0,0,0,0,0,0
0,0,0,0,0,0,0,0,0,0,0,0,0,0,0,0,0,0,0,0,0,0,0,0,0,0,0,0,0,0,0,0,0,0,0,0,0,0,0,0,0,0,0,0,0,0,0,0,0,0,0,0,0,0,0,0,0,0,0,0,0,0,0,0,0,0,0,0,0,0,0,0,0,0,0,0,0,0,0,0,0,0,0,0,0,0,0,0,0,0,0,0,0,0,0,0,0,0,0,0,0,0,0,0,0,0,0,0,0,0,0,0,0,0,0,0,0,0,0,0,0,0,0,0,0,0,0,0,0,0,0,0,0,0,0,0,0,0,0,0,0,0,0,0,0,0,0,0,0,0,0,0,0,0,0,0,0,0,0,0,0,0,0,0,0,0,0,0,0,0,0,0,0,0,0,0,0,0,0
0,0,0,0,0,0,0,0,0,0,0,0,0,0,0,0,0,0,0,0,0,0,0,0,0,0,0,0,0,0,0,0,0,0,0,0,0,0,0,0,0,0,0,0,0,0,0,0,0,0,0,0,0,0,0,0,0,0,0,0,0,0,0,0,0,0,0,0,0,0,0,0,0,0,0,0,0,0,0,0,0,0,0,0,0,0,0,0,0,0,0,0,0,0,0,0,0,0,0,0,0,0,0,0,0,0,0,0,0,0,0,0,0,0,0,0,0,0,0,0,0,0,0,0,0,0,0,0,0,0,0,0,0,0,0,0,0,0,0,0,0,0,0,0,0,0,0,0,0,0,0,0,0,0,0,0,0,0,0,0,0,0,0,0,0,0,0,0,0,0,0,0,0,0,0,0,0,0,0
0,0,0,0,0,0,0,0,0,0,0,0,0,0,0,0,0,0,0,0,0,0,0,0,0,0,0,0,0,0,0,0,0,0,0,0,0,0,0,0,0,0,0,0,0,0,0,0,0,0,0,0,0,0,0,0,0,0,0,0,0,0,0,0,0,0,0,0,0,0,0,0,0,0,0,0,0,0,0,0,0,0,0,0,0,0,0,0,0,0,0,0,0,0,0,0,0,0,0,0,0,0,0,0,0,0,0,0,0,0,0,0,0,0,0,0,0,0,0,0,0,0,0,0,0,0,0,0,0,0,0,0,0,0,0,0,0,0,0,0,0,0,0,0,0,0,0,0,0,0,0,0,0,0,0,0,0,0,0,0,0,0,0,0,0,0,0,0,0,0,0,0,0,0,0,0,0,0,0
0,0,0,0,0,0,0,0,0,0,0,0,0,0,0,0,0,0,0,0,0,0,0,0,0,0,0,0,0,0,0,0,0,0,0,0,0,0,0,0,0,0,0,0,0,0,0,0,0,0,0,0,0,0,0,0,0,0,0,0,0,0,0,0,0,0,0,0,0,0,0,0,0,0,0,0,0,0,0,0,0,0,0,0,0,0,0,0,0,0,0,0,0,0,0,0,0,0,0,0,0,0,0,0,0,0,0,0,0,0,0,0,0,0,0,0,0,0,0,0,0,0,0,0,0,0,0,0,0,0,0,0,0,0,0,0,0,0,0,0,0,0,0,0,0,0,0,0,0,0,0,0,0,0,0,0,0,0,0,0,0,0,0,0,0,0,0,0,0,0,0,0,0,0,0,0,0,0,0
0,0,0,0,0,0,0,0,0,0,0,0,0,0,0,0,0,0,0,0,0,0,0,0,0,0,0,0,0,0,0,0,0,0,0,0,0,0,0,0,0,0,0,0,0,0,0,0,0,0,0,0,0,0,0,0,0,0,0,0,0,0,0,0,0,0,0,0,0,0,0,0,0,0,0,0,0,0,0,0,0,0,0,0,0,0,0,0,0,0,0,0,0,0,0,0,0,0,0,0,0,0,0,0,0,0,0,0,0,0,0,0,0,0,0,0,0,0,0,0,0,0,0,0,0,0,0,0,0,0,0,0,0,0,0,0,0,0,0,0,0,0,0,0,0,0,0,0,0,0,0,0,0,0,0,0,0,0,0,0,0,0,0,0,0,0,0,0,0,0,0,0,0,0,0,0,0,0,0
0,0,0,0,0,0,0,0,0,0,0,0,0,0,0,0,0,0,0,0,0,0,0,0,0,0,0,0,0,0,0,0,0,0,0,0,0,0,0,0,0,0,0,0,0,0,0,0,0,0,0,0,0,0,0,0,0,0,0,0,0,0,0,0,0,0,0,0,0,0,0,0,0,0,0,0,0,0,0,0,0,0,0,0,0,0,0,0,0,0,0,0,0,0,0,0,0,0,0,0,0,0,0,0,0,0,0,0,0,0,0,0,0,0,0,0,0,0,0,0,0,0,0,0,0,0,0,0,0,0,0,0,0,0,0,0,0,0,0,0,0,0,0,0,0,0,0,0,0,0,0,0,0,0,0,0,0,0,0,0,0,0,0,0,0,0,0,0,0,0,0,0,0,0,0,0,0,0,0
0,0,0,0,0,0,0,0,0,0,0,0,0,0,0,0,0,0,0,0,0,0,0,0,0,0,0,0,0,0,0,0,0,0,0,0,0,0,0,0,0,0,0,0,0,0,0,0,0,0,0,0,0,0,0,0,0,0,0,0,0,0,0,0,0,0,0,0,0,0,0,0,0,0,0,0,0,0,0,0,0,0,0,0,0,0,0,0,0,0,0,0,0,0,0,0,0,0,0,0,0,0,0,0,0,0,0,0,0,0,0,0,0,0,0,0,0,0,0,0,0,0,0,0,0,0,0,0,0,0,0,0,0,0,0,0,0,0,0,0,0,0,0,0,0,0,0,0,0,0,0,0,0,0,0,0,0,0,0,0,0,0,0,0,0,0,0,0,0,0,0,0,0,0,0,0,0,0,0
0,0,0,0,0,0,0,0,0,0,0,0,0,0,0,0,0,0,0,0,0,0,0,0,0,0,0,0,0,0,0,0,0,0,0,0,0,0,0,0,0,0,0,0,0,0,0,0,0,0,0,0,0,0,0,0,0,0,0,0,0,0,0,0,0,0,0,0,0,0,0,0,0,0,0,0,0,0,0,0,0,0,0,0,0,0,0,0,0,0,0,0,0,0,0,0,0,0,0,0,0,0,0,0,0,0,0,0,0,0,0,0,0,0,0,0,0,0,0,0,0,0,0,0,0,0,0,0,0,0,0,0,0,0,0,0,0,0,0,0,0,0,0,0,0,0,0,0,0,0,0,0,0,0,0,0,0,0,0,0,0,0,0,0,0,0,0,0,0,0,0,0,0,0,0,0,0,0,0
0,0,0,0,0,0,0,0,0,0,0,0,0,0,0,0,0,0,0,0,0,0,0,0,0,0,0,0,0,0,0,0,0,0,0,0,0,0,0,0,0,0,0,0,0,0,0,0,0,0,0,0,0,0,0,0,0,0,0,0,0,0,0,0,0,0,0,0,0,0,0,0,0,0,0,0,0,0,0,0,0,0,0,0,0,0,0,0,0,0,0,0,0,0,0,0,0,0,0,0,0,0,0,0,0,0,0,0,0,0,0,0,0,0,0,0,0,0,0,0,0,0,0,0,0,0,0,0,0,0,0,0,0,0,0,0,0,0,0,0,0,0,0,0,0,0,0,0,0,0,0,0,0,0,0,0,0,0,0,0,0,0,0,0,0,0,0,0,0,0,0,0,0,0,0,0,0,0,0
0,0,0,0,0,0,0,0,0,0,0,0,0,0,0,0,0,0,0,0,0,0,0,0,0,0,0,0,0,0,0,0,0,0,0,0,0,0,0,0,0,0,0,0,0,0,0,0,0,0,0,0,0,0,0,0,0,0,0,0,0,0,0,0,0,0,0,0,0,0,0,0,0,0,0,0,0,0,0,0,0,0,0,0,0,0,0,0,0,0,0,0,0,0,0,0,0,0,0,0,0,0,0,0,0,0,0,0,0,0,0,0,0,0,0,0,0,0,0,0,0,0,0,0,0,0,0,0,0,0,0,0,0,0,0,0,0,0,0,0,0,0,0,0,0,0,0,0,0,0,0,0,0,0,0,0,0,0,0,0,0,0,0,0,0,0,0,0,0,0,0,0,0,0,0,0,0,0,0
0,0,0,0,0,0,0,0,0,0,0,0,0,0,0,0,0,0,0,0,0,0,0,0,0,0,0,0,0,0,0,0,0,0,0,0,0,0,0,0,0,0,0,0,0,0,0,0,0,0,0,0,0,0,0,0,0,0,0,0,0,0,0,0,0,0,0,0,0,0,0,0,0,0,0,0,0,0,0,0,0,0,0,0,0,0,0,0,0,0,0,0,0,0,0,0,0,0,0,0,0,0,0,0,0,0,0,0,0,0,0,0,0,0,0,0,0,0,0,0,0,0,0,0,0,0,0,0,0,0,0,0,0,0,0,0,0,0,0,0,0,0,0,0,0,0,0,0,0,0,0,0,0,0,0,0,0,0,0,0,0,0,0,0,0,0,0,0,0,0,0,0,0,0,0,0,0,0,0
0,0,0,0,0,0,0,0,0,0,0,0,0,0,0,0,0,0,0,0,0,0,0,0,0,0,0,0,0,0,0,0,0,0,0,0,0,0,0,0,0,0,0,0,0,0,0,0,0,0,0,0,0,0,0,0,0,0,0,0,0,0,0,0,0,0,0,0,0,0,0,0,0,0,0,0,0,0,0,0,0,0,0,0,0,0,0,0,0,0,0,0,0,0,0,0,0,0,0,0,0,0,0,0,0,0,0,0,0,0,0,0,0,0,0,0,0,0,0,0,0,0,0,0,0,0,0,0,0,0,0,0,0,0,0,0,0,0,0,0,0,0,0,0,0,0,0,0,0,0,0,0,0,0,0,0,0,0,0,0,0,0,0,0,0,0,0,0,0,0,0,0,0,0,0,0,0,0,0
0,0,0,0,0,0,0,0,0,0,0,0,0,0,0,0,0,0,0,0,0,0,0,0,0,0,0,0,0,0,0,0,0,0,0,0,0,0,0,0,0,0,0,0,0,0,0,0,0,0,0,0,0,0,0,0,0,0,0,0,0,0,0,0,0,0,0,0,0,0,0,0,0,0,0,0,0,0,0,0,0,0,0,0,0,0,0,0,0,0,0,0,0,0,0,0,0,0,0,0,0,0,0,0,0,0,0,0,0,0,0,0,0,0,0,0,0,0,0,0,0,0,0,0,0,0,0,0,0,0,0,0,0,0,0,0,0,0,0,0,0,0,0,0,0,0,0,0,0,0,0,0,0,0,0,0,0,0,0,0,0,0,0,0,0,0,0,0,0,0,0,0,0,0,0,0,0,0,0
0,0,3,1,1,1,0,2,1,0,0,0,1,0,0,0,1,0,3,1,2,3,0,0,2,0,0,0,0,0,0,0,0,0,0,7,0,0,0,857,57,0,23,4,0,1,1,6,9,0,10,0,0,0,0,116,120,1,137,0,47,2,0,11,35,8,21,0,0,1,65,0,3,3,0,0,38,0,0,0,0,0,0,0,0,0,0,0,1,0,0,0,0,8,39,0,12,0,0,2,0,0,0,0,0,0,0,0,0,0,1,0,0,0,2,0,3,0,0,0,0,1,0,0,0,0,0,0,0,0,0,0,0,0,0,0,0,0,0,0,0,1,0,0,0,0,0,0,0,0,0,0,0,0,0,0,0,11,0,0,8,30,4,0,36,65,1,226,51,0,0,0,0,0,0,1,0,1,0
4,3,6,1,1,9,1,2,0,0,0,0,0,0,2,0,0,0,8,0,0,8,0,0,0,0,0,0,0,0,0,0,0,0,3,4,0,0,0,624,6,9,19,3,2,5,7,4,34,0,66,0,0,0,0,60,129,2,97,1,51,2,0,27,6,6,13,0,0,0,28,0,1,2,0,0,40,0,0,0,0,0,0,0,0,0,0,2,0,1,1,0,0,1,12,0,2,1,0,0,0,0,0,0,0,0,1,0,0,0,0,0,0,2,0,0,0,0,0,0,0,7,1,3,4,0,0,0,1,0,0,1,0,0,1,0,0,0,0,0,0,0,0,0,0,1,0,0,0,0,0,0,0,0,0,0,0,1,0,0,2,22,2,0,32,51,0,118,35,0,2,0,1,0,0,1,0,3,0
4,2,1,1,1,5,0,3,1,0,0,0,7,1,0,0,2,0,5,0,0,7,0,0,2,0,0,0,0,0,0,0,0,0,1,4,0,0,0,195,5,3,0,5,5,0,1,0,7,0,20,0,0,0,0,22,121,0,36,0,33,1,0,8,3,9,2,0,0,0,6,0,2,2,0,0,87,0,0,1,0,0,0,0,0,0,0,0,2,0,2,0,0,10,29,0,5,4,0,21,0,0,0,0,0,0,0,0,0,0,1,1,1,1,3,0,0,0,0,2,2,3,1,2,4,0,0,0,2,0,0,0,0,0,0,0,0,0,0,0,1,0,1,0,0,0,0,0,0,0,0,0,1,0,0,0,0,4,0,0,1,30,2,0,32,51,0,156,25,0,0,0,0,0,0,0,0,0,0
2,1,13,2,1,1,0,0,0,0,0,0,2,1,1,0,0,0,12,0,0,3,0,0,0,0,0,0,0,0,0,0,0,0,2,1,0,0,1,531,20,4,3,22,1,0,8,5,13,0,45,0,0,0,0,24,145,1,71,0,81,2,0,10,0,4,9,0,0,0,11,0,1,0,0,0,108,0,0,0,0,0,0,0,0,0,0,4,2,0,3,2,0,5,30,2,11,2,0,3,0,0,0,0,0,0,1,0,0,0,1,1,0,0,3,0,0,0,0,1,2,6,2,7,5,0,0,0,1,0,0,0,0,0,0,0,0,0,0,0,0,0,0,0,0,0,0,0,0,0,0,0,0,1,0,0,0,0,0,1,4,37,1,0,34,46,0,124,38,0,0,0,0,2,0,0,1,0,0
0,0,0,0,0,0,0,0,0,0,0,0,0,0,0,0,0,0,0,0,0,0,0,0,0,0,0,0,0,0,0,0,0,0,0,0,0,0,0,0,0,0,0,0,0,0,0,0,0,0,0,0,0,0,0,0,0,0,0,0,0,0,0,0,0,0,0,0,0,0,0,0,0,0,0,0,0,0,0,0,0,0,0,0,0,0,0,0,0,0,0,0,0,0,0,0,0,0,0,0,0,0,0,0,0,0,0,0,0,0,0,0,0,0,0,0,0,0,0,0,0,0,0,0,0,0,0,0,0,0,0,0,0,0,0,0,0,0,0,0,0,0,0,0,0,0,0,0,0,0,0,0,0,0,0,0,0,0,0,0,0,0,0,0,0,0,0,0,0,0,0,0,0,0,0,0,0,0,0
0,2,5,0,0,22,0,0,0,0,0,0,2,0,0,0,0,0,1,0,0,2,0,0,1,0,0,0,0,0,0,0,0,0,3,1,0,0,0,166,11,0,1,6,0,1,5,0,15,0,13,0,0,1,0,2,32,0,63,3,52,0,0,19,22,10,7,0,0,0,3,0,0,3,0,0,17,0,0,0,0,0,0,0,0,0,0,3,1,0,0,1,0,7,8,0,1,0,0,0,0,0,0,0,0,1,0,0,0,0,0,0,0,0,0,0,0,0,0,0,0,0,0,0,1,0,0,1,0,0,0,0,0,0,0,0,0,0,0,1,0,0,0,0,0,0,0,0,0,0,0,0,0,0,0,0,0,22,0,0,5,19,6,0,33,87,0,140,82,0,0,0,0,0,0,1,0,0,0
5,6,18,0,2,6,0,4,0,0,0,0,5,2,2,0,0,0,0,0,0,12,0,0,1,0,0,0,0,0,0,0,0,0,0,1,0,0,0,308,4,2,37,4,1,0,17,1,2,0,29,0,0,0,0,7,35,0,15,0,21,0,2,29,13,19,8,0,0,0,11,0,1,1,0,0,42,0,0,1,0,0,0,0,0,0,0,2,4,0,1,0,0,5,9,0,1,1,0,1,0,0,0,0,0,0,3,0,0,0,1,1,1,1,0,0,1,0,0,0,0,2,2,2,3,0,0,0,0,0,0,0,2,0,0,0,0,2,1,0,0,0,0,1,0,0,0,0,0,0,0,0,1,0,0,0,0,11,0,0,2,35,2,0,401,159,1,121,43,0,0,0,1,0,0,0,0,0,0
0,0,12,0,0,4,0,0,0,0,0,0,9,0,1,7,0,0,0,0,9,7,0,0,2,0,1,0,0,0,0,0,0,1,0,3,0,0,0,827,11,6,14,8,1,0,50,3,16,0,17,0,0,0,0,50,203,6,64,0,47,0,0,182,15,2,27,0,0,0,44,0,3,2,0,3,92,0,0,0,0,0,0,0,0,0,0,31,48,0,0,0,0,4,28,12,5,1,0,0,0,1,0,0,0,0,0,0,0,0,0,0,0,0,0,0,0,0,0,0,0,1,0,1,3,0,0,0,3,0,0,4,0,0,0,0,0,0,1,1,0,13,0,3,0,1,1,1,0,0,0,0,2,3,0,0,0,12,0,0,10,2,9,0,4,92,11,587,14,0,1,0,6,0,0,0,0,1,0
1,1,0,0,0,1,0,0,0,0,0,0,2,0,1,0,0,0,0,0,0,1,0,0,0,0,0,0,0,0,0,0,0,0,0,0,0,0,0,229,1,1,2,2,3,5,1,0,15,0,4,0,0,0,0,3,57,1,6,0,13,0,0,24,3,1,3,0,0,0,11,0,2,0,0,0,35,0,0,2,0,0,0,0,0,0,0,0,1,0,0,0,0,5,19,1,5,2,0,1,0,0,0,0,0,0,0,0,0,0,0,0,0,0,0,0,0,0,0,0,0,1,0,1,6,0,0,0,1,0,0,1,3,0,0,0,0,0,1,4,0,0,0,0,0,1,0,0,0,0,0,0,0,0,0,0,0,2,0,0,1,8,1,0,21,109,0,327,38,0,0,0,1,0,0,0,0,0,0
2,1,5,2,7,7,0,1,0,0,0,0,2,1,1,1,6,0,0,0,0,8,0,0,0,0,0,0,0,0,0,0,0,0,0,0,0,0,0,582,6,16,3,2,5,0,6,1,9,0,6,0,0,0,0,5,190,0,28,0,21,0,2,39,4,13,4,0,0,0,36,1,18,0,0,0,50,0,0,2,1,0,0,0,0,0,0,3,0,0,0,0,0,7,33,0,3,0,0,3,0,0,0,0,0,1,0,0,0,0,0,0,0,0,0,1,0,0,0,0,2,3,1,3,8,0,0,1,0,0,0,0,1,0,0,0,0,0,2,1,0,4,0,0,0,0,0,0,0,0,0,0,1,1,0,0,0,29,0,0,0,65,4,0,92,125,0,397,50,0,1,0,0,0,0,0,0,2,0
6,5,4,21,3,5,0,0,0,0,0,0,5,4,0,1,5,0,0,0,0,5,0,0,6,1,0,0,0,0,0,0,0,0,0,0,0,0,0,482,2,65,41,1,2,2,20,0,19,0,10,0,0,0,1,3,84,2,36,0,10,6,0,19,17,5,8,0,0,0,31,0,11,1,0,0,45,0,0,2,0,0,0,0,0,0,0,1,2,0,4,0,1,22,47,1,2,0,0,0,0,0,0,0,0,0,2,0,0,0,0,0,1,0,0,0,0,0,0,0,1,4,3,4,9,0,0,0,1,0,0,0,4,1,0,0,0,0,1,1,0,0,0,1,0,0,0,0,0,0,0,0,1,0,0,0,0,12,0,0,3,39,3,0,121,109,3,501,52,0,0,0,0,0,0,0,0,0,0
10,7,11,10,1,1,0,1,1,0,0,0,5,1,2,1,3,0,0,0,1,10,0,0,1,0,0,0,0,0,0,0,0,0,0,4,0,0,0,905,7,3,27,15,4,0,9,5,34,0,44,0,0,0,0,17,108,3,100,3,28,1,1,49,18,33,7,0,0,0,67,1,1,2,0,0,49,0,0,1,0,0,0,0,0,0,0,1,1,1,2,1,0,5,25,0,4,3,0,0,0,0,0,0,0,0,1,0,0,0,0,0,1,0,0,0,0,0,0,0,2,5,0,2,0,0,0,0,3,0,0,0,1,0,0,0,0,0,1,4,0,0,0,2,0,0,0,0,0,0,0,0,3,4,0,0,0,8,0,2,3,127,3,0,90,157,2,331,36,0,0,0,0,1,0,1,0,0,0
0,0,0,0,0,0,0,0,0,0,0,0,0,0,0,0,0,0,0,0,0,0,0,0,0,0,0,0,0,0,0,0,0,0,0,0,0,0,0,0,0,0,0,0,0,0,0,0,0,0,0,0,0,0,0,0,0,0,0,0,0,0,0,0,0,0,0,0,0,0,0,0,0,0,0,0,0,0,0,0,0,0,0,0,0,0,0,0,0,0,0,0,0,0,0,0,0,0,0,0,0,0,0,0,0,0,0,0,0,0,0,0,0,0,0,0,0,0,0,0,0,0,0,0,0,0,0,0,0,0,0,0,0,0,0,0,0,0,0,0,0,0,0,0,0,0,0,0,0,0,0,0,0,0,0,0,0,0,0,0,0,0,0,0,0,0,0,0,0,0,0,0,0,0,0,0,0,0,0
0,0,0,0,0,0,0,0,0,0,0,0,0,0,0,0,0,0,0,0,0,0,0,0,0,0,0,0,0,0,0,0,0,0,0,0,0,0,0,0,0,0,0,0,0,0,0,0,0,0,0,0,0,0,0,0,0,0,0,0,0,0,0,0,0,0,0,0,0,0,0,0,0,0,0,0,0,0,0,0,0,0,0,0,0,0,0,0,0,0,0,0,0,0,0,0,0,0,0,0,0,0,0,0,0,0,0,0,0,0,0,0,0,0,0,0,0,0,0,0,0,0,0,0,0,0,0,0,0,0,0,0,0,0,0,0,0,0,0,0,0,0,0,0,0,0,0,0,0,0,0,0,0,0,0,0,0,0,0,0,0,0,0,0,0,0,0,0,0,0,0,0,0,0,0,0,0,0,0
0,0,0,0,0,0,0,0,0,0,0,0,0,0,0,0,0,0,0,0,0,0,0,0,0,0,0,0,0,0,0,0,0,0,0,0,0,0,0,0,0,0,0,0,0,0,0,0,0,0,0,0,0,0,0,0,0,0,0,0,0,0,0,0,0,0,0,0,0,0,0,0,0,0,0,0,0,0,0,0,0,0,0,0,0,0,0,0,0,0,0,0,0,0,0,0,0,0,0,0,0,0,0,0,0,0,0,0,0,0,0,0,0,0,0,0,0,0,0,0,0,0,0,0,0,0,0,0,0,0,0,0,0,0,0,0,0,0,0,0,0,0,0,0,0,0,0,0,0,0,0,0,0,0,0,0,0,0,0,0,0,0,0,0,0,0,0,0,0,0,0,0,0,0,0,0,0,0,0
4,4,5,7,9,1,0,0,0,0,0,0,4,1,1,0,3,0,0,0,0,2,0,0,1,0,0,0,0,0,0,0,0,0,0,0,0,0,0,222,2,21,0,2,3,0,0,0,23,0,10,0,0,0,0,9,69,1,31,0,8,1,2,16,2,3,4,0,0,0,13,0,5,2,0,0,15,0,0,0,0,0,0,0,0,0,0,1,3,0,0,0,0,2,8,0,4,4,0,0,0,0,0,0,0,0,0,0,0,0,0,0,0,0,1,0,0,0,0,1,1,1,1,1,16,0,0,0,1,0,0,1,1,0,0,0,0,1,0,0,0,0,0,1,0,1,0,0,0,0,0,0,2,0,0,0,0,4,0,0,7,20,6,0,20,48,0,240,27,0,0,1,0,0,0,1,0,0,0
2,1,6,0,0,1,0,0,0,0,0,0,0,0,0,1,2,0,1,0,0,3,0,0,1,0,0,0,0,0,0,0,0,1,0,0,0,0,1,162,56,9,3,8,1,0,1,0,15,0,2,0,0,0,0,1,61,3,77,6,21,5,5,10,3,6,1,0,0,0,12,0,1,2,0,0,59,0,0,0,0,0,0,0,0,0,0,1,2,1,6,0,0,3,31,0,4,14,0,3,0,0,0,0,0,0,0,0,0,0,0,0,0,0,0,0,0,0,0,0,1,1,0,2,3,0,0,1,0,0,0,9,0,0,0,0,0,2,0,5,0,1,1,0,0,0,0,0,0,0,1,0,2,6,1,0,0,20,0,0,2,19,2,0,36,97,27,121,13,0,0,0,0,0,0,0,0,0,0
1,0,5,0,3,4,0,0,0,0,0,0,5,1,0,0,3,0,0,0,0,5,0,0,2,0,0,0,0,0,0,0,0,2,0,0,1,0,1,324,16,4,2,17,5,0,2,0,13,0,7,0,0,1,0,3,175,5,94,5,28,20,10,38,3,9,4,0,0,0,27,0,3,0,0,1,73,0,0,0,0,0,0,0,0,0,0,1,3,2,9,0,1,5,19,0,7,10,0,4,0,0,0,1,1,0,1,0,0,0,0,0,0,0,0,0,0,0,0,0,0,0,2,0,2,0,0,0,0,0,0,10,1,0,2,0,0,2,0,6,0,7,0,0,0,0,0,0,0,0,1,0,0,5,0,0,0,5,0,0,11,50,4,0,98,172,2,196,15,0,0,1,0,0,0,0,0,2,0
2,0,3,0,0,13,0,0,0,0,0,0,1,0,0,0,3,0,0,0,0,3,0,0,0,0,0,0,0,0,0,0,0,0,0,4,1,0,0,674,9,5,2,12,2,3,18,0,8,0,10,0,0,0,0,1,111,0,41,1,101,1,5,29,14,29,14,0,0,0,16,0,2,1,0,0,13,0,0,0,0,0,0,0,0,0,0,1,4,2,1,0,0,4,38,0,26,7,0,4,0,0,0,0,0,0,0,0,0,0,0,0,0,0,0,0,0,0,0,0,0,0,0,1,7,0,0,0,0,0,0,0,0,0,0,0,0,0,0,0,0,14,0,0,0,0,0,0,0,0,0,0,5,0,0,0,0,38,0,0,4,55,5,0,31,49,2,179,14,0,0,3,0,0,0,0,0,0,1
5,0,5,0,3,10,0,0,0,0,0,0,6,1,0,1,4,0,0,0,0,7,0,0,0,0,0,0,0,0,0,0,0,0,0,1,3,0,0,144,1,9,1,9,0,3,7,0,5,0,6,0,0,0,0,0,141,0,22,0,87,6,2,36,5,4,6,0,0,0,7,0,7,2,0,0,38,0,0,1,1,0,0,0,0,0,1,2,4,0,2,1,1,14,75,0,36,7,0,1,0,0,0,0,0,0,0,0,0,0,0,0,0,0,0,0,0,0,0,0,0,0,0,0,3,0,0,2,2,0,0,4,0,0,1,0,0,0,0,0,0,1,0,0,0,0,0,0,0,0,0,0,0,0,1,0,0,3,0,0,13,26,5,0,50,263,5,499,28,0,0,1,0,0,0,0,0,2,1
0,0,0,0,0,0,0,0,0,0,0,0,0,0,0,0,0,0,0,0,0,0,0,0,0,0,0,0,0,0,0,0,0,0,0,0,0,0,0,0,0,0,0,0,0,0,0,0,0,0,0,0,0,0,0,0,0,0,0,0,0,0,0,0,0,0,0,0,0,0,0,0,0,0,0,0,0,0,0,0,0,0,0,0,0,0,0,0,0,0,0,0,0,0,0,0,0,0,0,0,0,0,0,0,0,0,0,0,0,0,0,0,0,0,0,0,0,0,0,0,0,0,0,0,0,0,0,0,0,0,0,0,0,0,0,0,0,0,0,0,0,0,0,0,0,0,0,0,0,0,0,0,0,0,0,0,0,0,0,0,0,0,0,0,0,0,0,0,0,0,0,0,0,0,0,0,0,0,0
21,3,3,1,15,4,0,0,0,1,0,0,6,0,1,0,2,0,4,0,11,4,0,0,6,0,0,0,0,0,0,0,0,0,1,1,0,0,0,307,1,0,1,1,0,20,65,0,5,0,0,0,0,0,0,1,59,14,12,0,321,11,14,15,7,6,8,0,0,0,35,0,15,2,0,0,26,0,0,0,0,0,0,0,0,0,0,0,2,0,1,0,0,0,31,0,7,5,0,0,0,0,0,0,0,0,1,0,0,0,0,0,0,2,0,0,0,0,0,1,3,0,1,0,0,1,0,1,3,0,0,0,0,0,1,0,0,1,0,3,0,0,0,1,0,0,0,0,0,0,0,0,0,1,0,0,0,13,0,0,10,37,6,0,37,137,0,957,67,0,0,5,1,0,0,0,0,2,1
0,0,0,0,0,0,0,0,0,0,0,0,0,0,0,0,0,0,0,0,0,0,0,0,0,0,0,0,0,0,0,0,0,0,0,0,0,0,0,0,0,0,0,0,0,0,0,0,0,0,0,0,0,0,0,0,0,0,0,0,0,0,0,0,0,0,0,0,0,0,0,0,0,0,0,0,0,0,0,0,0,0,0,0,0,0,0,0,0,0,0,0,0,0,0,0,0,0,0,0,0,0,0,0,0,0,0,0,0,0,0,0,0,0,0,0,0,0,0,0,0,0,0,0,0,0,0,0,0,0,0,0,0,0,0,0,0,0,0,0,0,0,0,0,0,0,0,0,0,0,0,0,0,0,0,0,0,0,0,0,0,0,0,0,0,0,0,0,0,0,0,0,0,0,0,0,0,0,0
1,0,17,0,0,1,0,0,0,0,1,0,4,0,0,0,9,0,0,0,0,0,0,0,2,0,0,0,0,0,0,0,0,0,0,0,0,0,0,342,0,0,0,0,0,4,42,0,2,0,1,0,0,0,0,0,113,5,11,0,264,0,3,15,5,16,1,0,0,0,98,0,6,1,0,0,17,1,0,0,0,0,0,0,0,0,0,0,0,0,0,0,0,0,47,1,1,0,0,3,0,0,0,0,0,0,0,0,0,0,0,0,0,0,1,0,0,0,0,1,1,0,1,1,2,0,0,0,0,0,1,2,1,0,1,0,0,2,0,14,0,1,0,1,0,0,0,0,0,0,0,0,1,0,0,0,0,3,0,1,2,60,2,0,20,56,1,276,110,0,0,9,0,0,0,0,0,0,0
7,0,10,0,2,14,0,0,0,1,1,0,7,0,2,0,5,0,3,0,0,0,0,0,7,0,0,1,0,0,0,0,0,0,0,0,0,0,2,333,0,0,0,2,0,6,53,0,3,0,1,0,0,0,0,0,101,9,49,0,390,1,2,13,4,28,8,0,0,0,36,0,3,0,0,0,8,0,0,0,0,0,0,0,0,0,0,0,2,0,0,0,0,2,53,0,5,15,0,0,0,0,0,0,1,0,1,0,0,0,1,0,1,0,1,0,0,0,0,1,1,0,1,1,2,0,0,0,13,0,0,0,0,0,2,0,0,0,0,2,1,0,0,1,0,0,0,0,0,0,1,0,0,0,0,0,0,8,0,0,11,71,7,0,26,116,1,452,35,0,0,7,0,0,0,0,0,1,0
5,0,6,0,0,6,0,0,0,0,0,0,2,1,0,0,3,0,0,0,0,2,0,0,1,0,0,0,0,0,0,0,0,0,0,0,0,0,0,403,4,0,0,1,1,3,54,0,3,0,3,0,0,0,0,1,52,3,52,0,249,1,1,11,7,2,4,0,0,0,77,0,3,2,0,0,17,0,0,1,0,0,0,0,0,0,0,0,1,0,1,1,0,2,63,0,10,6,0,0,0,0,0,0,0,0,1,0,0,0,0,0,0,0,0,0,0,0,0,0,0,1,0,0,1,0,0,0,1,0,0,0,0,0,0,0,0,0,0,1,1,0,1,0,0,0,0,0,0,0,0,0,0,0,0,0,0,4,0,0,5,12,8,0,45,78,3,165,66,0,0,7,0,0,0,1,0,2,0
6,0,17,0,0,12,1,0,0,0,0,0,4,0,1,0,3,0,0,0,0,1,0,0,2,0,0,0,0,0,0,0,0,0,0,0,0,0,0,262,5,0,0,4,0,4,28,0,10,0,0,0,0,2,0,0,69,1,15,0,142,0,3,14,3,6,4,0,0,0,72,0,10,0,0,2,33,0,0,0,0,0,0,0,0,0,0,2,3,0,0,0,0,7,56,0,11,1,0,1,0,0,0,0,0,0,1,0,0,0,0,1,0,1,0,0,0,0,0,0,0,1,0,2,1,1,0,0,4,1,0,1,1,0,3,0,0,0,0,0,1,0,0,0,0,0,0,1,0,0,0,0,2,1,0,0,0,3,0,0,5,21,7,0,13,85,0,257,20,0,0,0,0,0,0,0,0,3,2
1,1,27,0,1,14,1,0,0,0,0,0,1,2,0,0,1,0,1,0,0,5,0,0,2,0,0,0,0,0,0,0,0,0,2,4,0,0,2,243,22,2,2,6,1,4,22,0,8,0,4,0,0,1,0,1,100,5,30,1,65,7,13,21,2,2,7,0,0,0,56,0,9,2,0,0,67,2,0,2,0,0,0,0,0,0,0,2,5,0,1,0,0,10,55,0,9,6,0,0,0,0,0,2,0,0,3,0,0,0,0,0,0,0,0,0,0,0,0,0,0,3,1,6,2,0,0,0,2,0,0,2,0,0,0,0,0,7,0,7,0,1,1,3,0,0,0,1,0,0,0,0,2,0,0,0,0,7,0,0,2,15,3,0,22,84,12,255,53,0,0,0,0,0,0,1,0,1,0
4,0,4,0,1,16,0,0,0,0,0,0,0,0,0,0,0,0,0,0,0,1,0,0,0,0,0,0,0,0,0,0,0,0,0,0,0,0,0,7,2,0,0,0,0,0,0,0,0,0,0,0,0,0,0,0,2,0,2,0,26,0,1,0,20,1,26,0,0,0,4,1,1,1,0,0,0,0,0,1,0,0,0,0,0,0,0,0,0,0,0,0,0,0,21,0,1,0,0,1,0,0,0,0,0,0,0,0,0,0,0,0,0,0,0,0,0,0,0,0,0,0,0,0,0,0,0,0,0,0,0,0,0,0,0,0,0,0,0,0,0,2,0,0,0,0,0,0,0,0,0,0,0,1,0,0,0,9,0,0,4,15,2,0,26,41,0,902,47,0,0,0,0,0,0,0,0,0,6
3,0,8,0,0,12,0,0,0,0,0,0,6,1,0,0,6,0,0,0,0,10,0,0,1,0,0,0,0,0,0,0,0,0,0,3,1,0,3,432,36,3,6,14,2,16,32,2,15,0,7,0,0,1,0,3,109,1,69,1,258,13,6,52,6,2,11,0,0,1,286,1,3,4,0,0,55,3,0,0,2,0,0,0,0,0,0,2,4,0,2,0,0,5,82,1,39,5,0,0,0,0,0,0,0,0,0,0,0,0,0,1,0,0,0,0,0,0,0,0,0,0,0,1,3,0,0,0,1,0,0,2,0,0,6,0,0,2,0,2,0,4,0,0,0,0,0,1,0,0,0,0,9,0,0,0,0,16,0,1,8,51,11,0,49,340,67,565,41,0,0,9,1,0,0,0,0,2,1
3,0,27,0,0,4,0,0,0,3,0,0,6,1,0,0,6,0,3,0,0,17,0,0,7,0,0,0,0,0,0,0,0,0,8,2,1,0,3,605,36,4,18,31,0,50,64,5,9,0,13,0,1,1,17,14,93,4,280,0,238,29,13,11,55,9,27,0,0,1,111,0,15,10,0,0,118,4,0,4,1,0,0,0,7,0,0,10,24,1,2,0,0,7,25,0,31,1,0,0,0,1,0,0,0,0,3,0,0,0,3,1,0,0,1,0,0,0,0,0,2,4,0,1,10,1,0,0,5,0,0,0,0,0,0,0,0,0,0,0,1,0,1,6,2,0,0,0,0,0,2,0,5,1,5,0,0,7,0,0,11,38,7,0,207,91,1,345,75,0,0,7,6,0,0,1,0,0,2
6,0,11,0,1,9,0,0,0,0,0,0,1,1,0,0,0,0,2,0,0,37,0,0,1,0,0,0,0,0,1,0,0,10,1,19,0,0,1,448,27,2,13,11,0,23,5,0,7,0,5,0,0,0,4,6,81,1,86,0,94,4,1,24,14,5,21,0,0,0,19,1,14,6,0,2,95,0,0,1,0,0,0,0,0,0,0,13,28,0,4,5,0,16,100,56,50,0,0,0,0,0,0,0,0,0,0,0,0,0,0,0,0,0,0,0,0,0,0,0,0,5,1,1,7,0,0,0,1,0,0,4,1,0,0,0,0,0,3,0,0,2,0,2,0,0,0,0,0,0,0,0,7,27,0,0,0,20,0,0,8,43,12,0,268,119,0,680,63,0,0,2,0,0,0,0,0,0,1
0,0,0,0,0,0,0,0,0,0,0,0,0,0,0,0,0,0,0,0,0,0,0,0,0,0,0,0,0,0,0,0,0,0,0,0,0,0,0,0,0,0,0,0,0,0,0,0,0,0,0,0,0,0,0,0,0,0,0,0,0,0,0,0,0,0,0,0,0,0,0,0,0,0,0,0,0,0,0,0,0,0,0,0,0,0,0,0,0,0,0,0,0,0,0,0,0,0,0,0,0,0,0,0,0,0,0,0,0,0,0,0,0,0,0,0,0,0,0,0,0,0,0,0,0,0,0,0,0,0,0,0,0,0,0,0,0,0,0,0,0,0,0,0,0,0,0,0,0,0,0,0,0,0,0,0,0,0,0,0,0,0,0,0,0,0,0,0,0,0,0,0,0,0,0,0,0,0,0
0,0,0,0,0,0,0,0,0,0,0,0,0,0,0,0,0,0,0,0,0,0,0,0,0,0,0,0,0,0,0,0,0,0,0,0,0,0,0,0,0,0,0,0,0,0,0,0,0,0,0,0,0,0,0,0,0,0,0,0,0,0,0,0,0,0,0,0,0,0,0,0,0,0,0,0,0,0,0,0,0,0,0,0,0,0,0,0,0,0,0,0,0,0,0,0,0,0,0,0,0,0,0,0,0,0,0,0,0,0,0,0,0,0,0,0,0,0,0,0,0,0,0,0,0,0,0,0,0,0,0,0,0,0,0,0,0,0,0,0,0,0,0,0,0,0,0,0,0,0,0,0,0,0,0,0,0,0,0,0,0,0,0,0,0,0,0,0,0,0,0,0,0,0,0,0,0,0,0
0,0,0,0,0,0,0,0,0,0,0,0,0,0,0,0,0,0,0,0,0,0,0,0,0,0,0,0,0,0,0,0,0,0,0,0,0,0,0,0,0,0,0,0,0,0,0,0,0,0,0,0,0,0,0,0,0,0,0,0,0,0,0,0,0,0,0,0,0,0,0,0,0,0,0,0,0,0,0,0,0,0,0,0,0,0,0,0,0,0,0,0,0,0,0,0,0,0,0,0,0,0,0,0,0,0,0,0,0,0,0,0,0,0,0,0,0,0,0,0,0,0,0,0,0,0,0,0,0,0,0,0,0,0,0,0,0,0,0,0,0,0,0,0,0,0,0,0,0,0,0,0,0,0,0,0,0,0,0,0,0,0,0,0,0,0,0,0,0,0,0,0,0,0,0,0,0,0,0
0,0,0,0,0,0,0,0,0,0,0,0,0,0,0,0,0,0,0,0,0,0,0,0,0,0,0,0,0,0,0,0,0,0,0,0,0,0,0,0,0,0,0,0,0,0,0,0,0,0,0,0,0,0,0,0,0,0,0,0,0,0,0,0,0,0,0,0,0,0,0,0,0,0,0,0,0,0,0,0,0,0,0,0,0,0,0,0,0,0,0,0,0,0,0,0,0,0,0,0,0,0,0,0,0,0,0,0,0,0,0,0,0,0,0,0,0,0,0,0,0,0,0,0,0,0,0,0,0,0,0,0,0,0,0,0,0,0,0,0,0,0,0,0,0,0,0,0,0,0,0,0,0,0,0,0,0,0,0,0,0,0,0,0,0,0,0,0,0,0,0,0,0,0,0,0,0,0,0
2,0,43,0,1,6,0,0,0,0,0,0,10,1,0,2,4,0,0,0,0,24,0,0,3,0,0,0,0,0,0,0,0,0,17,8,0,1,0,459,55,5,13,23,1,8,13,4,6,0,27,0,0,0,0,7,112,5,107,0,81,6,4,28,14,25,16,0,0,0,7,0,13,3,0,0,152,2,0,0,0,0,0,0,1,0,0,12,9,0,2,0,0,1,15,0,7,1,0,2,0,0,0,0,0,0,0,0,0,0,1,2,0,0,1,0,0,0,0,0,0,2,2,2,8,0,0,0,4,0,0,1,0,0,0,0,0,3,6,1,0,3,1,1,0,0,0,0,0,0,1,0,0,0,0,0,0,30,1,0,9,44,4,0,226,66,0,182,50,0,0,1,1,0,0,0,0,1,0
22,2,6,0,6,131,3,0,0,9,1,0,5,0,2,0,3,0,0,0,0,10,0,0,0,0,0,0,0,0,0,0,0,0,13,4,0,0,0,586,41,9,7,13,2,5,19,5,3,0,36,0,0,0,0,0,110,4,155,3,200,3,1,54,14,6,17,0,0,1,30,0,16,4,0,0,189,1,0,2,0,0,0,0,0,0,1,6,11,0,1,0,0,6,43,3,18,13,0,0,0,0,0,0,0,0,1,0,0,0,2,2,1,1,0,0,0,0,0,0,3,1,1,3,11,0,0,0,2,0,0,2,0,0,1,0,0,2,19,0,1,4,0,3,0,0,0,3,0,0,1,0,1,2,3,0,0,37,0,0,9,25,10,0,126,156,2,398,44,0,0,11,3,0,0,1,0,5,0
7,0,12,0,0,16,0,0,0,1,0,0,6,0,0,1,3,0,0,0,0,3,0,0,1,0,0,0,1,0,0,0,0,0,0,4,0,0,1,447,23,2,12,31,0,6,6,1,8,0,8,0,0,1,0,4,119,27,100,0,154,4,2,57,16,6,23,0,0,0,16,0,17,1,0,0,89,3,1,0,1,0,0,0,0,0,0,5,1,0,0,1,0,3,59,1,20,16,0,4,0,1,0,2,0,0,2,0,0,0,1,0,1,1,0,0,0,0,0,0,2,3,4,3,6,0,2,2,4,0,0,3,2,0,0,0,0,1,1,0,2,3,0,0,0,2,0,1,0,0,0,0,3,0,0,0,0,39,0,1,11,34,13,0,158,222,0,431,76,0,0,1,0,0,0,0,0,0,3
0,0,0,0,0,0,0,0,0,0,0,0,0,0,0,0,0,0,0,0,0,0,0,0,0,0,0,0,0,0,0,0,0,0,0,0,0,0,0,0,0,0,0,0,0,0,0,0,0,0,0,0,0,0,0,0,0,0,0,0,0,0,0,0,0,0,0,0,0,0,0,0,0,0,0,0,0,0,0,0,0,0,0,0,0,0,0,0,0,0,0,0,0,0,0,0,0,0,0,0,0,0,0,0,0,0,0,0,0,0,0,0,0,0,0,0,0,0,0,0,0,0,0,0,0,0,0,0,0,0,0,0,0,0,0,0,0,0,0,0,0,0,0,0,0,0,0,0,0,0,0,0,0,0,0,0,0,0,0,0,0,0,0,0,0,0,0,0,0,0,0,0,0,0,0,0,0,0,0
0,0,0,0,0,0,0,0,0,0,0,0,0,0,0,0,0,0,0,0,0,0,0,0,0,0,0,0,0,0,0,0,0,0,0,0,0,0,0,0,0,0,0,0,0,0,0,0,0,0,0,0,0,0,0,0,0,0,0,0,0,0,0,0,0,0,0,0,0,0,0,0,0,0,0,0,0,0,0,0,0,0,0,0,0,0,0,0,0,0,0,0,0,0,0,0,0,0,0,0,0,0,0,0,0,0,0,0,0,0,0,0,0,0,0,0,0,0,0,0,0,0,0,0,0,0,0,0,0,0,0,0,0,0,0,0,0,0,0,0,0,0,0,0,0,0,0,0,0,0,0,0,0,0,0,0,0,0,0,0,0,0,0,0,0,0,0,0,0,0,0,0,0,0,0,0,0,0,0
0,0,0,0,0,0,0,0,0,0,0,0,0,0,0,0,0,0,0,0,0,0,0,0,0,0,0,0,0,0,0,0,0,0,0,0,0,0,0,0,0,0,0,0,0,0,0,0,0,0,0,0,0,0,0,0,0,0,0,0,0,0,0,0,0,0,0,0,0,0,0,0,0,0,0,0,0,0,0,0,0,0,0,0,0,0,0,0,0,0,0,0,0,0,0,0,0,0,0,0,0,0,0,0,0,0,0,0,0,0,0,0,0,0,0,0,0,0,0,0,0,0,0,0,0,0,0,0,0,0,0,0,0,0,0,0,0,0,0,0,0,0,0,0,0,0,0,0,0,0,0,0,0,0,0,0,0,0,0,0,0,0,0,0,0,0,0,0,0,0,0,0,0,0,0,0,0,0,0
0,0,0,0,0,0,0,0,0,0,0,0,0,0,0,0,0,0,0,0,0,0,0,0,0,0,0,0,0,0,0,0,0,0,0,0,0,0,0,0,0,0,0,0,0,0,0,0,0,0,0,0,0,0,0,0,0,0,0,0,0,0,0,0,0,0,0,0,0,0,0,0,0,0,0,0,0,0,0,0,0,0,0,0,0,0,0,0,0,0,0,0,0,0,0,0,0,0,0,0,0,0,0,0,0,0,0,0,0,0,0,0,0,0,0,0,0,0,0,0,0,0,0,0,0,0,0,0,0,0,0,0,0,0,0,0,0,0,0,0,0,0,0,0,0,0,0,0,0,0,0,0,0,0,0,0,0,0,0,0,0,0,0,0,0,0,0,0,0,0,0,0,0,0,0,0,0,0,0
18,1,19,0,0,113,2,0,0,4,0,0,7,0,2,2,5,0,0,0,0,7,0,0,2,0,0,0,0,0,0,0,0,0,0,16,1,0,1,1033,47,1,10,18,1,41,9,0,17,0,33,0,1,2,9,2,211,10,132,0,298,3,3,249,19,50,43,0,0,4,18,0,36,0,0,15,56,0,1,1,0,0,0,0,0,0,0,1,1,0,2,0,0,8,109,0,35,5,0,0,0,0,0,0,0,0,0,0,0,0,1,0,0,1,1,0,0,0,0,0,1,5,1,4,4,0,0,0,1,0,0,3,0,0,0,0,0,0,0,1,1,16,0,0,0,1,0,1,0,0,0,0,1,1,0,0,0,67,0,0,13,80,19,0,52,231,14,363,27,0,0,10,0,0,2,2,0,3,3
0,0,0,0,0,0,0,0,0,0,0,0,0,0,0,0,0,0,0,0,0,0,0,0,0,0,0,0,0,0,0,0,0,0,0,0,0,0,0,0,0,0,0,0,0,0,0,0,0,0,0,0,0,0,0,0,0,0,0,0,0,0,0,0,0,0,0,0,0,0,0,0,0,0,0,0,0,0,0,0,0,0,0,0,0,0,0,0,0,0,0,0,0,0,0,0,0,0,0,0,0,0,0,0,0,0,0,0,0,0,0,0,0,0,0,0,0,0,0,0,0,0,0,0,0,0,0,0,0,0,0,0,0,0,0,0,0,0,0,0,0,0,0,0,0,0,0,0,0,0,0,0,0,0,0,0,0,0,0,0,0,0,0,0,0,0,0,0,0,0,0,0,0,0,0,0,0,0,0
0,0,0,0,0,0,0,0,0,0,0,0,0,0,0,0,0,0,0,0,0,0,0,0,0,0,0,0,0,0,0,0,0,0,0,0,0,0,0,0,0,0,0,0,0,0,0,0,0,0,0,0,0,0,0,0,0,0,0,0,0,0,0,0,0,0,0,0,0,0,0,0,0,0,0,0,0,0,0,0,0,0,0,0,0,0,0,0,0,0,0,0,0,0,0,0,0,0,0,0,0,0,0,0,0,0,0,0,0,0,0,0,0,0,0,0,0,0,0,0,0,0,0,0,0,0,0,0,0,0,0,0,0,0,0,0,0,0,0,0,0,0,0,0,0,0,0,0,0,0,0,0,0,0,0,0,0,0,0,0,0,0,0,0,0,0,0,0,0,0,0,0,0,0,0,0,0,0,0
0,0,0,0,0,0,0,0,0,0,0,0,0,0,0,0,0,0,0,0,0,0,0,0,0,0,0,0,0,0,0,0,0,0,0,0,0,0,0,0,0,0,0,0,0,0,0,0,0,0,0,0,0,0,0,0,0,0,0,0,0,0,0,0,0,0,0,0,0,0,0,0,0,0,0,0,0,0,0,0,0,0,0,0,0,0,0,0,0,0,0,0,0,0,0,0,0,0,0,0,0,0,0,0,0,0,0,0,0,0,0,0,0,0,0,0,0,0,0,0,0,0,0,0,0,0,0,0,0,0,0,0,0,0,0,0,0,0,0,0,0,0,0,0,0,0,0,0,0,0,0,0,0,0,0,0,0,0,0,0,0,0,0,0,0,0,0,0,0,0,0,0,0,0,0,0,0,0,0
0,0,0,0,0,0,0,0,0,0,0,0,0,0,0,0,0,0,0,0,0,0,0,0,0,0,0,0,0,0,0,0,0,0,0,0,0,0,0,0,0,0,0,0,0,0,0,0,0,0,0,0,0,0,0,0,0,0,0,0,0,0,0,0,0,0,0,0,0,0,0,0,0,0,0,0,0,0,0,0,0,0,0,0,0,0,0,0,0,0,0,0,0,0,0,0,0,0,0,0,0,0,0,0,0,0,0,0,0,0,0,0,0,0,0,0,0,0,0,0,0,0,0,0,0,0,0,0,0,0,0,0,0,0,0,0,0,0,0,0,0,0,0,0,0,0,0,0,0,0,0,0,0,0,0,0,0,0,0,0,0,0,0,0,0,0,0,0,0,0,0,0,0,0,0,0,0,0,0
0,0,0,0,0,0,0,0,0,0,0,0,0,0,0,0,0,0,0,0,0,0,0,0,0,0,0,0,0,0,0,0,0,0,0,0,0,0,0,0,0,0,0,0,0,0,0,0,0,0,0,0,0,0,0,0,0,0,0,0,0,0,0,0,0,0,0,0,0,0,0,0,0,0,0,0,0,0,0,0,0,0,0,0,0,0,0,0,0,0,0,0,0,0,0,0,0,0,0,0,0,0,0,0,0,0,0,0,0,0,0,0,0,0,0,0,0,0,0,0,0,0,0,0,0,0,0,0,0,0,0,0,0,0,0,0,0,0,0,0,0,0,0,0,0,0,0,0,0,0,0,0,0,0,0,0,0,0,0,0,0,0,0,0,0,0,0,0,0,0,0,0,0,0,0,0,0,0,0
7,0,10,1,2,14,2,0,0,3,0,0,8,1,1,0,0,0,0,0,0,23,0,0,5,0,0,0,0,0,0,0,1,0,1,5,1,1,0,258,30,0,1,8,0,9,3,1,13,0,11,0,0,1,4,0,67,15,37,0,50,8,1,17,10,11,7,0,0,0,14,1,7,3,0,2,136,3,0,0,0,0,0,0,0,0,0,10,4,0,9,0,0,1,21,1,12,4,0,4,0,1,0,0,0,0,0,1,0,0,0,2,1,0,3,0,0,0,0,0,0,3,3,5,13,1,1,2,4,0,0,2,0,0,0,0,0,1,1,0,0,4,1,1,1,0,0,0,0,0,0,0,2,1,0,0,0,24,0,1,13,41,5,0,35,83,1,457,39,0,0,0,0,0,0,0,1,1,0
24,0,54,0,13,90,13,1,0,17,0,0,13,1,2,0,16,0,0,0,0,22,0,0,0,0,0,0,0,0,0,0,0,0,1,13,0,0,2,1075,53,0,8,19,2,110,16,3,45,0,33,0,0,1,18,6,436,41,141,1,270,10,0,88,39,11,38,0,1,1,94,1,76,11,0,9,156,1,1,0,1,0,0,0,0,1,1,9,15,1,0,2,0,16,105,1,35,6,0,1,0,0,0,0,0,0,0,0,0,0,0,0,1,1,0,0,0,0,0,0,2,2,1,7,8,2,0,0,3,0,0,3,1,1,1,0,0,0,3,2,2,14,1,2,1,1,0,0,0,0,2,0,5,2,1,0,0,38,0,2,52,115,23,0,187,257,8,765,71,0,0,2,1,3,0,1,0,3,2
2,0,1,0,0,5,0,0,0,0,0,0,8,1,0,0,2,0,0,0,0,15,0,0,1,1,1,0,0,0,0,0,1,1,0,3,0,0,0,638,75,0,61,2,0,10,4,0,2,0,1,0,0,0,1,0,140,4,6,0,6,5,0,25,121,28,47,0,0,0,0,0,2,5,0,0,79,3,0,0,2,0,1,0,0,1,2,1,32,1,3,37,0,1,1,1,4,12,0,1,0,1,0,0,0,0,0,0,0,0,0,0,1,0,1,0,0,0,0,0,0,1,2,1,9,0,0,2,5,0,0,0,0,0,1,0,0,0,0,0,0,0,0,0,0,0,0,0,0,0,1,0,1,0,0,0,0,7,0,0,51,44,3,0,91,82,1,421,95,0,0,0,1,0,0,0,0,0,0
0,0,0,0,0,1,0,0,0,0,0,0,0,0,0,0,0,0,0,0,0,5,0,0,27,0,0,0,0,0,0,0,0,0,0,0,0,1,0,321,6,0,40,0,5,0,0,0,63,0,0,0,0,0,32,0,139,0,1,0,0,0,0,288,0,8,8,0,0,0,3,0,0,3,0,0,21,0,0,0,0,0,0,0,0,0,0,1,3,0,0,4,0,0,0,0,0,0,0,0,0,0,0,0,0,0,0,0,0,0,0,0,0,0,0,0,0,0,0,0,0,0,0,1,0,0,0,0,0,0,0,0,0,0,0,0,0,0,0,0,0,2,0,0,0,0,0,0,0,0,0,0,0,0,0,0,0,6,0,0,4,9,2,0,22,74,0,44,22,0,0,0,0,0,0,0,0,0,0
5,0,1,2,0,17,0,0,0,0,1,0,0,1,0,0,1,0,0,0,0,4,0,0,4,0,0,2,0,0,0,0,0,0,0,0,1,0,4,1005,200,0,11,3,4,0,3,0,8,0,3,0,0,0,0,1,515,0,46,0,0,0,0,191,28,17,13,0,0,0,26,0,2,2,0,1,95,0,0,0,0,0,0,0,0,0,0,2,5,0,0,0,0,7,81,2,8,1,0,22,0,4,0,0,0,0,0,0,0,0,1,0,0,0,1,0,0,0,0,0,0,2,4,1,26,0,0,0,1,0,0,0,3,0,0,0,0,1,0,0,0,1,0,0,0,0,0,0,0,0,0,0,1,0,0,0,0,6,0,0,65,60,9,0,56,195,9,504,32,1,0,2,0,0,0,0,0,3,0
0,0,0,0,0,0,0,0,0,0,0,0,0,0,0,0,0,0,0,0,0,0,0,0,0,0,0,0,0,0,0,0,0,0,0,0,0,0,0,0,0,0,0,0,0,0,0,0,0,0,0,0,0,0,0,0,0,0,0,0,0,0,0,0,0,0,0,0,0,0,0,0,0,0,0,0,0,0,0,0,0,0,0,0,0,0,0,0,0,0,0,0,0,0,0,0,0,0,0,0,0,0,0,0,0,0,0,0,0,0,0,0,0,0,0,0,0,0,0,0,0,0,0,0,0,0,0,0,0,0,0,0,0,0,0,0,0,0,0,0,0,0,0,0,0,0,0,0,0,0,0,0,0,0,0,0,0,0,0,0,0,0,0,0,0,0,0,0,0,0,0,0,0,0,0,0,0,0,0
2,0,5,0,0,87,1,0,0,0,0,0,2,0,0,0,1,0,0,0,0,20,0,0,23,0,0,0,0,0,0,0,0,0,0,0,0,0,0,590,8,6,47,5,0,15,95,0,3,0,7,0,0,1,2,0,201,1,27,0,54,8,0,133,15,6,12,0,0,0,27,3,8,7,0,0,107,3,0,0,0,4,0,1,0,3,1,2,12,0,1,0,0,0,15,0,2,1,0,0,0,0,0,6,0,0,0,0,0,0,0,2,1,2,3,0,0,0,2,1,0,4,0,7,3,5,0,0,2,0,0,0,0,0,1,0,0,0,0,0,0,0,0,0,0,0,0,1,0,0,0,0,0,0,0,0,0,11,0,0,9,15,4,0,42,62,1,144,44,0,0,0,2,0,0,0,0,1,0
13,0,18,0,0,154,0,0,0,0,0,0,4,1,3,0,3,0,0,0,0,11,0,0,17,0,0,0,1,0,0,0,0,0,3,3,0,0,0,761,9,0,42,11,0,0,29,0,3,0,28,0,1,5,0,0,193,0,100,0,164,2,3,20,17,35,32,0,0,0,3,0,2,10,0,0,168,1,0,0,0,0,0,0,0,2,0,3,2,0,1,0,0,1,34,2,28,4,0,0,0,0,0,3,0,0,0,0,0,0,1,0,0,0,0,0,0,0,0,0,2,1,0,2,2,0,0,0,0,0,0,0,1,0,0,0,0,0,0,0,0,0,0,0,0,1,0,1,0,0,0,0,2,1,4,0,0,23,0,1,12,48,6,0,67,40,0,377,47,0,0,1,1,0,0,0,0,2,0
0,1,1,0,2,22,0,0,0,0,3,0,3,0,0,0,2,0,0,0,0,13,0,0,2,0,0,0,0,0,0,0,0,0,2,2,0,0,0,557,12,0,48,8,1,0,104,1,5,0,11,0,0,3,0,0,219,0,119,0,231,1,1,98,15,25,18,0,0,0,1,0,9,2,0,0,48,0,0,0,0,0,0,0,0,0,0,1,4,1,0,0,0,8,42,2,18,0,0,0,0,0,0,0,0,0,0,0,0,0,1,0,0,0,2,0,0,0,0,0,0,11,1,7,9,0,0,4,3,0,0,0,2,0,1,1,0,0,0,0,0,0,0,0,0,0,0,0,0,0,0,0,0,0,0,0,0,3,0,0,7,30,1,0,44,90,0,269,81,0,0,0,0,0,0,5,0,0,0
1,2,11,0,1,10,0,0,0,0,0,0,4,0,1,0,1,0,0,0,0,6,0,1,5,0,0,0,2,0,0,0,0,0,0,5,0,0,4,752,62,2,28,37,2,1,53,0,4,0,8,0,0,1,0,0,328,1,648,0,12,11,0,79,39,20,30,0,0,0,11,0,0,7,0,0,60,1,0,0,0,1,0,0,0,0,0,2,2,0,1,0,0,2,8,1,1,2,0,9,0,0,0,0,0,0,0,0,0,0,2,0,0,0,0,0,0,0,0,0,1,1,0,1,1,0,0,0,0,0,0,1,0,0,0,0,0,1,0,0,0,0,0,0,0,0,0,0,0,0,0,0,0,0,0,0,0,39,0,0,10,62,6,0,65,201,27,541,39,0,0,0,0,0,0,1,0,2,0
2,3,6,0,0,5,0,0,0,0,0,0,1,1,3,0,1,0,0,0,0,8,0,0,2,0,0,0,1,0,0,0,0,0,0,7,0,0,1,737,37,0,16,13,1,0,38,1,3,0,3,1,0,2,0,0,289,5,276,2,109,0,2,51,31,17,22,0,0,0,13,0,5,1,0,0,49,0,0,0,0,0,0,0,0,0,0,0,0,0,3,0,0,7,32,1,11,0,0,0,0,0,0,0,0,0,1,0,0,0,2,1,1,0,1,0,1,0,0,0,0,1,2,2,5,6,0,0,3,0,0,0,1,0,1,0,0,3,0,0,1,0,0,0,0,0,0,0,0,0,1,0,2,0,0,0,1,19,0,0,3,42,8,0,84,147,25,363,64,0,0,0,0,0,0,0,0,0,0
0,4,47,0,0,4,0,1,0,1,0,0,1,1,0,0,2,0,1,0,0,10,0,0,2,0,0,0,2,0,0,0,0,0,1,1,0,0,2,786,8,0,71,15,1,0,123,6,3,0,6,0,0,0,0,0,220,4,419,0,43,5,0,118,19,10,23,0,0,0,4,0,2,8,0,0,55,2,0,0,0,0,0,0,0,0,0,0,3,0,3,0,0,0,11,1,5,0,0,0,0,0,0,0,0,0,0,0,0,0,2,1,1,0,7,0,1,0,1,2,2,1,0,2,11,0,0,0,2,0,0,0,0,0,0,0,0,2,0,0,1,0,0,2,3,0,0,1,0,0,1,0,2,3,0,0,0,40,0,1,45,32,4,0,35,64,1,226,49,0,0,0,0,0,0,0,0,1,0
1,0,75,0,0,8,6,0,0,0,1,2,4,0,0,0,0,0,0,0,0,59,0,1,5,0,0,0,0,0,0,0,0,0,5,3,0,1,1,627,6,3,59,20,0,0,36,0,0,0,5,0,0,0,0,0,288,1,380,3,14,7,4,51,19,33,24,0,0,0,14,0,4,9,0,2,182,7,0,0,0,0,0,1,0,0,0,3,11,0,5,0,0,4,35,0,17,0,0,1,0,0,0,0,0,0,1,0,0,0,6,3,1,1,10,0,0,0,0,4,5,4,4,13,53,0,0,0,6,0,0,0,1,0,0,0,0,4,3,1,0,1,0,0,0,0,0,0,0,0,5,0,7,1,0,0,0,53,0,2,148,90,13,0,51,145,1,358,61,0,0,0,3,0,0,5,0,1,0
5,2,11,0,1,6,1,0,0,0,0,0,4,0,1,0,0,0,0,0,0,7,0,0,3,0,0,0,0,0,0,0,0,0,0,0,0,0,0,668,15,5,10,9,1,16,9,1,15,0,6,0,0,0,0,3,236,6,179,0,96,4,3,80,7,16,11,0,0,0,7,0,8,2,0,0,117,3,0,1,1,0,0,0,0,0,0,1,4,0,0,0,0,11,38,1,9,4,0,0,0,0,0,0,1,0,1,0,0,0,2,0,4,2,5,0,2,0,1,0,1,2,2,0,8,0,0,1,2,0,0,3,1,0,1,0,0,0,0,0,1,1,0,0,0,2,0,2,0,0,0,0,0,0,0,0,0,22,0,0,7,44,8,0,29,91,1,325,36,0,0,1,2,0,0,0,0,2,1
0,0,0,0,17,3,0,0,0,0,0,0,1,0,0,1,1,0,0,0,0,13,0,0,11,1,0,0,0,0,0,0,0,0,0,0,1,0,0,264,53,1,16,12,0,23,1,0,2,0,4,0,0,0,0,0,84,3,108,0,28,12,0,29,7,11,4,0,0,0,2,2,1,5,0,0,136,1,0,0,0,1,1,0,0,0,0,2,5,0,0,0,0,3,20,0,7,6,0,66,0,0,0,1,0,0,0,0,0,0,1,3,1,2,1,0,4,0,1,0,0,1,0,1,3,0,0,0,0,0,0,0,0,0,0,0,0,0,1,0,0,0,0,0,0,0,0,0,0,0,1,0,0,0,0,0,0,5,0,0,0,43,3,0,30,122,5,210,13,0,0,1,0,0,0,0,0,0,1
8,0,3,0,19,29,47,0,0,0,0,0,1,0,1,0,1,0,12,0,6,9,0,1,28,0,0,0,1,0,0,0,0,0,0,4,0,0,0,1848,70,0,39,0,6,3,2,0,2,0,8,0,8,0,0,0,181,0,69,0,77,19,1,356,85,54,48,0,0,0,3,0,1,3,2,0,74,2,0,0,0,0,0,0,0,0,0,1,15,0,4,9,0,2,15,0,31,0,0,32,0,0,0,0,0,0,32,0,0,0,2,3,2,2,1,0,0,0,0,0,4,1,0,6,2,0,0,1,5,0,0,0,27,0,3,0,0,0,0,0,1,1,0,7,0,0,0,2,0,0,0,0,1,0,0,0,0,133,0,0,5,73,7,0,149,354,28,1042,55,0,0,0,1,0,0,0,0,4,0
2,0,1,0,0,17,14,1,0,0,0,0,7,0,0,0,5,0,1,0,0,15,0,0,6,0,0,0,4,0,0,0,0,0,0,0,0,1,0,646,154,0,7,0,1,77,3,0,2,0,11,0,0,0,18,0,212,4,47,0,5,0,0,60,55,13,33,0,0,1,5,0,5,3,0,0,158,0,0,0,0,0,0,0,0,1,0,2,10,0,3,0,0,0,15,0,9,1,0,11,0,0,0,0,0,0,1,0,0,0,0,2,2,1,4,0,2,1,0,0,2,5,0,7,8,0,0,2,3,0,0,2,1,0,0,0,0,0,0,0,2,3,1,0,0,0,0,10,0,0,0,0,0,0,0,0,0,72,0,0,7,25,2,0,51,110,1,446,61,0,0,0,3,0,0,0,0,1,0
0,0,0,0,0,89,4,0,0,0,0,0,0,0,0,0,0,0,0,0,0,31,1,2,87,0,0,0,0,0,0,0,0,0,0,2,0,0,0,789,32,0,74,0,1,7,2,0,2,0,0,0,0,0,0,0,104,2,5,0,13,4,0,121,54,1,30,0,0,0,50,3,0,29,0,0,149,0,0,0,0,0,0,0,0,0,0,13,60,0,3,11,0,0,1,0,2,0,0,0,0,0,0,1,0,0,0,0,0,0,0,0,0,0,0,0,0,0,0,0,0,1,0,0,0,0,0,0,1,0,0,0,0,0,0,0,0,0,0,0,0,21,0,22,0,1,0,0,0,0,0,0,0,0,0,0,0,180,0,0,291,4,9,0,21,385,89,1480,10,0,62,0,10,0,0,0,0,16,0
2,0,0,0,0,61,1,0,0,0,0,1,0,0,0,0,0,0,0,0,0,13,0,0,2,0,0,0,0,0,0,0,0,0,0,9,0,0,0,379,8,0,273,1,0,57,2,1,8,0,1,0,0,0,6,0,234,0,0,0,3,0,0,73,15,9,25,0,0,0,30,0,25,10,0,0,5,0,0,0,0,0,0,0,0,0,0,3,3,0,0,0,0,2,7,0,9,0,0,0,0,0,0,0,0,0,0,0,0,0,0,0,0,0,0,0,0,0,0,0,0,0,0,1,0,0,0,0,1,0,0,0,0,0,0,0,0,0,0,1,1,1,0,0,0,0,0,0,0,0,0,0,0,0,0,0,0,220,0,0,34,51,3,0,132,269,1,1236,61,0,0,0,0,0,0,0,0,2,0
0,0,6,0,0,14,1,0,0,0,0,9,3,0,0,2,0,0,171,123,0,0,0,0,1,0,0,0,0,0,0,0,0,1,0,1,0,0,0,215,29,0,11,1,495,3,3,0,2,0,0,0,0,0,7,1,227,0,1,0,4,0,0,68,11,4,28,0,0,6,27,2,24,4,0,12,3,0,0,0,0,0,0,0,0,0,0,0,1,0,1,4,0,6,13,0,9,0,0,0,0,0,0,0,0,0,0,0,0,0,0,0,0,0,0,0,0,0,0,0,0,0,0,0,0,0,0,0,0,0,0,0,0,0,0,0,0,1,0,6,0,297,0,0,0,0,0,0,0,0,0,0,0,0,0,0,0,12,0,0,138,31,5,0,86,296,3,426,30,0,0,0,0,0,0,0,0,0,1
1,0,0,0,3,15,0,1,0,0,0,0,9,0,1,0,4,0,0,0,0,61,0,0,6,0,0,2,0,0,0,0,0,0,0,8,0,0,3,342,3,3,205,0,0,5,0,0,2,0,0,0,0,0,0,0,1191,1,2,0,6,0,0,77,52,34,20,0,0,0,0,0,205,9,1,0,4,0,0,0,0,0,0,0,0,0,0,0,0,0,0,1,0,23,32,0,2,0,0,0,0,0,0,0,0,0,0,0,0,0,0,0,0,0,0,0,0,0,0,0,0,1,0,0,0,0,0,0,0,0,0,1,0,0,1,0,0,0,0,0,1,1,0,0,0,1,0,0,0,0,0,0,0,0,0,0,0,75,0,4,39,164,1,0,144,233,11,1291,278,0,2,0,0,0,0,1,0,5,0
2,0,1,0,0,13,0,0,0,0,0,1,0,0,0,0,1,0,0,0,0,6,0,0,0,0,0,0,0,0,0,0,0,0,0,0,0,0,0,39,2,0,10,0,0,1,0,0,0,0,0,0,0,0,0,0,13,0,0,0,0,0,0,9,11,0,5,0,0,1,1,0,7,2,0,0,0,0,0,0,0,0,0,0,0,0,0,0,1,0,0,0,0,0,0,0,7,0,0,0,0,0,0,0,0,0,0,0,0,0,0,0,0,0,0,0,0,0,0,0,0,0,0,0,0,0,0,0,0,0,0,0,0,0,0,0,0,1,0,0,0,18,0,0,0,0,0,0,0,0,0,0,0,0,0,0,0,11,0,1,2,13,3,0,77,62,0,1091,189,0,0,2,0,0,0,0,0,1,0
2,0,0,0,0,10,0,0,0,0,0,38,2,0,0,1,0,0,0,0,0,5,0,0,0,0,0,0,0,0,0,0,0,0,0,0,0,0,2,30,0,0,52,0,0,1,0,0,2,0,0,0,1,0,2,0,75,0,1,0,15,0,0,23,1,1,6,0,0,0,0,0,128,3,0,0,8,0,0,0,0,0,0,0,0,0,0,0,1,0,0,0,0,5,5,0,2,0,0,0,0,0,0,0,0,0,0,0,0,0,0,0,0,0,0,0,0,0,0,0,0,0,0,0,0,0,0,0,1,0,0,0,0,0,0,1,0,0,0,0,0,2,0,0,0,0,0,1,0,0,0,0,0,0,0,0,0,7,0,0,161,38,16,0,20,134,1,855,73,0,0,4,0,0,0,0,69,3,0
2,0,3,0,0,2,0,0,0,0,0,4,10,0,0,0,3,0,0,0,0,25,0,0,0,0,0,0,0,0,0,0,0,0,0,194,0,0,0,22,0,0,82,0,0,3,0,0,0,0,0,0,0,0,0,0,23,0,0,1,8,0,0,9,2,2,3,0,0,1,0,0,31,3,0,0,0,0,0,0,0,0,0,0,0,0,0,0,0,0,0,0,0,15,4,1,1,0,0,0,0,0,0,0,0,0,0,0,0,0,0,1,0,0,0,0,0,0,0,0,0,0,0,0,0,0,0,0,0,0,0,0,0,0,0,0,0,5,0,0,0,1,0,0,0,0,0,0,0,0,0,0,0,0,0,0,0,3,0,0,7,34,107,0,70,157,0,1157,117,0,0,7,0,0,0,0,0,4,0
0,0,0,0,0,0,0,0,0,0,0,0,0,0,0,0,0,0,0,0,0,0,0,0,0,0,0,0,0,0,0,0,0,0,0,0,0,0,0,0,0,0,0,0,0,0,0,0,0,0,0,0,0,0,0,0,0,0,0,0,0,0,0,0,0,0,0,0,0,0,0,0,0,0,0,0,0,0,0,0,0,0,0,0,0,0,0,0,0,0,0,0,0,0,0,0,0,0,0,0,0,0,0,0,0,0,0,0,0,0,0,0,0,0,0,0,0,0,0,0,0,0,0,0,0,0,0,0,0,0,0,0,0,0,0,0,0,0,0,0,0,0,0,0,0,0,0,0,0,0,0,0,0,0,0,0,0,0,0,0,0,0,0,0,0,0,0,0,0,0,0,0,0,0,0,0,0,0,0
0,0,0,0,0,17,0,0,0,0,0,0,0,0,0,0,0,0,0,0,0,1,0,0,1,0,0,0,0,0,0,0,0,0,0,0,0,0,0,212,4,0,192,0,0,4,0,0,3,0,0,0,0,0,0,0,278,0,0,0,0,0,0,288,4,16,11,0,0,0,0,0,3,2,0,0,3,0,0,0,0,0,0,0,0,0,0,0,0,0,0,0,0,1,6,0,2,0,0,0,0,0,0,0,0,0,0,0,0,0,0,0,0,0,0,0,0,0,0,0,0,0,0,0,0,0,0,0,0,0,0,0,0,0,0,0,0,0,0,0,0,0,0,0,0,0,0,0,0,0,0,0,0,0,0,0,0,22,0,0,0,14,2,0,22,95,0,206,31,0,0,0,0,0,0,0,0,0,0
17,0,0,10,11,157,4,0,0,0,0,0,7,1,4,0,11,0,0,0,0,7,0,0,8,0,0,0,0,0,0,0,0,0,0,1,0,0,5,955,2,0,1,0,24,1,0,0,3,0,1,0,0,0,0,0,373,5,0,0,4,1,0,75,7,2,13,0,0,0,2,0,4,1,0,0,76,0,0,0,0,0,0,0,0,0,0,1,2,0,1,0,0,5,12,0,1,1,0,13,0,0,0,0,0,0,0,0,0,0,0,0,0,0,0,0,0,0,0,0,0,0,0,2,36,0,0,2,6,0,0,1,0,0,0,0,0,0,0,0,0,3,1,14,0,0,0,0,0,0,0,0,9,0,1,0,0,10,0,1,7,42,8,0,27,123,5,445,28,0,0,0,1,0,0,0,0,3,0
16,0,0,13,2,119,10,0,0,1,0,0,6,4,0,0,6,0,0,0,0,0,0,0,0,0,0,1,0,0,0,0,0,0,0,2,0,0,0,238,1,0,3,0,0,3,0,0,1,0,0,0,0,0,0,0,118,28,23,0,1,0,0,12,5,0,2,0,0,0,2,0,0,2,0,2,7,0,0,0,0,0,0,0,0,0,0,0,1,0,1,0,0,0,4,0,3,0,0,47,0,0,0,0,0,0,0,0,0,0,0,0,0,0,0,0,0,0,0,0,0,0,0,0,7,0,0,2,8,0,0,0,0,1,1,1,0,0,0,0,0,1,0,0,0,0,0,0,0,0,0,0,2,0,0,0,0,9,0,0,3,16,11,0,75,78,42,413,33,0,0,0,0,0,0,0,0,1,0
0,0,0,0,0,9,0,1,0,0,0,0,1,0,0,0,2,0,1,0,0,0,0,0,0,0,0,0,0,0,0,0,0,0,0,0,0,0,0,332,34,0,9,0,10,1,0,10,12,0,0,0,0,0,24,0,78,1,1,0,29,0,0,39,6,9,15,0,0,1,0,0,18,2,0,0,4,0,0,0,0,0,0,0,0,0,0,0,1,0,0,0,0,0,5,0,2,3,0,54,0,0,0,0,0,0,6,0,0,0,0,2,0,0,0,0,0,0,0,0,1,1,1,0,1,0,0,0,3,0,0,0,0,0,0,1,0,1,0,0,0,0,0,0,0,0,0,0,0,0,0,0,0,0,0,0,0,0,0,0,3,27,3,0,34,113,12,272,28,0,0,0,0,0,0,0,0,0,0
0,0,0,0,0,0,0,0,0,0,0,0,0,0,0,0,0,0,0,0,0,0,0,0,0,0,0,0,0,0,0,0,0,0,0,0,0,0,0,0,0,0,0,0,0,0,0,0,0,0,0,0,0,0,0,0,0,0,0,0,0,0,0,0,0,0,0,0,0,0,0,0,0,0,0,0,0,0,0,0,0,0,0,0,0,0,0,0,0,0,0,0,0,0,0,0,0,0,0,0,0,0,0,0,0,0,0,0,0,0,0,0,0,0,0,0,0,0,0,0,0,0,0,0,0,0,0,0,0,0,0,0,0,0,0,0,0,0,0,0,0,0,0,0,0,0,0,0,0,0,0,0,0,0,0,0,0,0,0,0,0,0,0,0,0,0,0,0,0,0,0,0,0,0,0,0,0,0,0
1,0,0,0,1,12,1,0,0,0,0,0,10,3,0,0,6,0,0,0,0,2,0,0,2,0,0,0,0,0,0,0,0,0,0,1,0,0,1,266,5,0,2,2,0,4,0,0,2,0,1,0,0,0,0,1,141,0,24,0,115,5,0,34,3,2,11,0,0,0,2,0,2,3,0,0,67,1,0,0,0,0,0,0,0,0,0,1,2,0,1,0,0,0,18,0,2,17,0,6,2,0,0,0,0,0,2,0,0,0,0,0,0,0,0,0,0,0,0,0,1,1,0,2,4,0,0,0,3,0,0,6,3,0,0,0,0,1,0,0,0,0,0,0,0,0,0,6,0,0,0,0,1,0,0,0,0,3,0,2,1,37,4,0,23,136,3,648,77,0,0,0,0,0,0,0,0,3,0
0,0,0,0,2,17,0,0,0,0,0,0,3,0,1,0,0,0,0,0,0,7,0,0,4,0,0,0,1,0,0,0,0,0,0,3,0,0,0,699,61,3,41,19,1,0,1,0,10,0,7,0,0,0,0,0,37,0,175,0,416,6,3,90,22,11,19,0,0,0,15,0,2,5,0,0,17,0,0,0,0,0,0,0,0,0,0,0,1,0,0,0,0,0,13,1,7,5,0,0,0,0,0,0,0,0,1,0,0,0,1,0,0,0,0,0,0,0,0,0,0,2,2,7,11,0,0,1,3,0,0,0,0,0,0,0,0,0,0,0,0,1,0,0,0,0,0,0,0,0,0,0,2,1,0,0,0,19,0,1,11,14,9,0,24,91,3,156,14,0,0,0,0,0,1,0,0,2,0
1,0,2,0,0,5,1,0,0,0,1,12,2,0,5,0,3,0,0,0,0,16,0,0,7,0,0,0,1,0,0,0,0,0,0,1,0,0,0,223,25,5,4,15,3,0,0,0,9,0,6,0,3,0,0,0,44,0,113,0,21,8,4,66,8,5,6,0,0,0,5,0,2,7,0,0,29,0,0,0,0,0,0,0,0,0,0,3,2,0,10,0,0,17,21,0,2,2,0,0,0,0,0,0,0,0,1,0,0,0,4,0,1,0,0,0,0,0,0,0,0,1,0,3,8,0,0,1,1,0,0,0,0,0,0,0,0,0,0,0,2,0,0,2,0,1,0,0,0,0,1,0,2,4,0,0,0,18,0,0,18,32,4,0,17,90,2,276,54,0,0,0,1,0,0,0,0,1,0
1,1,11,0,0,16,0,0,0,0,0,1,1,0,0,0,0,0,13,0,0,4,0,0,5,0,0,0,2,0,0,0,0,0,0,1,0,0,2,273,4,9,6,7,0,1,35,1,15,0,1,0,0,0,0,0,77,0,97,1,15,5,3,28,12,7,9,1,0,1,8,0,3,1,0,0,32,1,0,0,0,0,0,0,0,0,0,0,0,0,1,1,0,2,5,0,1,1,0,0,0,0,0,0,0,0,0,0,0,0,1,1,1,0,1,0,0,0,0,0,0,3,0,4,3,0,0,0,0,0,0,0,0,0,1,0,0,0,0,0,0,0,0,1,0,0,0,1,0,0,0,0,1,0,0,0,0,16,0,0,78,21,3,0,32,73,0,201,33,0,0,1,0,0,0,1,0,1,0
3,0,13,0,0,2,0,0,0,0,0,0,1,3,2,0,1,0,4,0,0,10,0,0,23,0,0,0,0,0,0,0,0,0,1,6,0,0,0,212,4,21,5,8,0,0,8,3,12,0,5,0,0,0,0,0,145,2,64,0,10,8,4,15,24,11,12,0,0,0,18,0,1,4,0,0,56,1,0,0,0,0,0,0,0,0,0,0,0,0,3,0,0,2,11,0,6,1,0,0,0,0,0,0,0,0,1,0,0,0,3,2,3,2,2,0,0,0,0,0,0,2,1,2,12,2,0,1,0,0,0,0,0,0,1,0,0,0,0,0,0,2,0,0,0,0,0,1,0,0,0,0,0,2,0,0,0,12,0,0,62,25,5,0,32,52,5,217,48,0,0,0,0,0,0,0,0,1,0
3,0,5,1,1,7,0,0,0,0,0,0,5,0,6,0,0,0,0,1,0,9,0,0,8,0,0,0,2,0,0,0,0,0,0,5,0,0,0,278,10,15,18,17,2,0,4,2,6,0,5,0,0,0,0,0,116,1,96,5,57,14,8,66,11,5,5,0,0,0,17,1,0,0,0,0,85,1,0,0,0,0,0,0,0,0,0,3,0,0,1,0,0,4,7,0,7,5,0,0,0,0,0,0,0,0,1,0,0,0,2,1,0,1,2,0,0,0,2,0,0,2,2,2,14,0,0,0,3,0,0,0,1,0,0,0,0,0,0,0,1,0,0,1,0,0,0,0,0,0,0,0,0,0,0,0,1,16,0,0,31,24,3,0,31,81,2,237,52,0,0,0,0,0,0,0,0,2,0
15,2,5,0,5,5,5,0,0,0,0,0,4,1,1,0,3,0,0,0,0,20,0,0,3,1,0,0,1,0,0,0,0,0,1,3,0,0,1,313,69,0,2,1,0,18,0,0,3,0,41,0,0,1,8,1,184,0,175,0,28,2,1,71,42,2,13,0,0,2,4,0,32,1,0,0,90,5,0,0,0,0,0,0,0,0,0,2,9,0,2,0,0,4,20,0,13,1,0,4,0,0,0,0,0,0,2,0,0,0,0,0,0,0,1,0,0,0,0,0,0,0,0,1,5,0,0,0,0,0,0,0,2,0,0,0,0,0,0,0,0,1,0,0,1,0,0,1,0,0,0,0,0,0,0,0,0,4,0,0,6,33,4,0,47,91,5,236,48,0,0,0,1,0,0,0,0,2,0
0,0,0,0,0,0,0,0,0,0,0,0,0,0,0,0,0,0,0,0,0,0,0,0,0,0,0,0,0,0,0,0,0,0,0,0,0,0,0,0,0,0,0,0,0,0,0,0,0,0,0,0,0,0,0,0,0,0,0,0,0,0,0,0,0,0,0,0,0,0,0,0,0,0,0,0,0,0,0,0,0,0,0,0,0,0,0,0,0,0,0,0,0,0,0,0,0,0,0,0,0,0,0,0,0,0,0,0,0,0,0,0,0,0,0,0,0,0,0,0,0,0,0,0,0,0,0,0,0,0,0,0,0,0,0,0,0,0,0,0,0,0,0,0,0,0,0,0,0,0,0,0,0,0,0,0,0,0,0,0,0,0,0,0,0,0,0,0,0,0,0,0,0,0,0,0,0,0,0
10,0,5,0,4,76,0,0,0,0,0,0,2,3,0,0,4,0,0,1,0,5,0,0,5,1,0,0,0,0,0,0,0,0,0,0,0,0,0,541,20,3,5,3,8,7,6,0,3,0,2,0,0,0,1,3,98,2,80,2,311,1,0,113,9,4,15,0,0,0,5,0,10,2,0,0,61,0,0,0,0,0,0,0,0,0,0,2,1,0,0,1,0,3,57,0,24,3,0,0,0,0,0,0,0,0,0,0,0,0,0,0,0,0,0,0,0,0,0,0,0,0,0,0,3,0,0,0,0,0,0,1,0,0,0,0,0,0,0,0,0,0,1,2,0,0,0,0,0,1,0,0,6,10,0,0,0,17,0,0,4,38,22,0,42,108,7,279,42,0,0,4,0,0,0,0,0,1,2
0,0,0,0,0,0,0,0,0,0,0,0,0,0,0,0,0,0,0,0,0,0,0,0,0,0,0,0,0,0,0,0,0,0,0,0,0,0,0,0,0,0,0,0,0,0,0,0,0,0,0,0,0,0,0,0,0,0,0,0,0,0,0,0,0,0,0,0,0,0,0,0,0,0,0,0,0,0,0,0,0,0,0,0,0,0,0,0,0,0,0,0,0,0,0,0,0,0,0,0,0,0,0,0,0,0,0,0,0,0,0,0,0,0,0,0,0,0,0,0,0,0,0,0,0,0,0,0,0,0,0,0,0,0,0,0,0,0,0,0,0,0,0,0,0,0,0,0,0,0,0,0,0,0,0,0,0,0,0,0,0,0,0,0,0,0,0,0,0,0,0,0,0,0,0,0,0,0,0
0,0,0,0,0,0,0,0,0,0,0,0,0,0,0,0,0,0,0,0,0,0,0,0,0,0,0,0,0,0,0,0,0,0,0,0,0,0,0,0,0,0,0,0,0,0,0,0,0,0,0,0,0,0,0,0,0,0,0,0,0,0,0,0,0,0,0,0,0,0,0,0,0,0,0,0,0,0,0,0,0,0,0,0,0,0,0,0,0,0,0,0,0,0,0,0,0,0,0,0,0,0,0,0,0,0,0,0,0,0,0,0,0,0,0,0,0,0,0,0,0,0,0,0,0,0,0,0,0,0,0,0,0,0,0,0,0,0,0,0,0,0,0,0,0,0,0,0,0,0,0,0,0,0,0,0,0,0,0,0,0,0,0,0,0,0,0,0,0,0,0,0,0,0,0,0,0,0,0
0,0,0,0,0,0,0,0,0,0,0,0,0,0,0,0,0,0,0,0,0,0,0,0,0,0,0,0,0,0,0,0,0,0,0,0,0,0,0,0,0,0,0,0,0,0,0,0,0,0,0,0,0,0,0,0,0,0,0,0,0,0,0,0,0,0,0,0,0,0,0,0,0,0,0,0,0,0,0,0,0,0,0,0,0,0,0,0,0,0,0,0,0,0,0,0,0,0,0,0,0,0,0,0,0,0,0,0,0,0,0,0,0,0,0,0,0,0,0,0,0,0,0,0,0,0,0,0,0,0,0,0,0,0,0,0,0,0,0,0,0,0,0,0,0,0,0,0,0,0,0,0,0,0,0,0,0,0,0,0,0,0,0,0,0,0,0,0,0,0,0,0,0,0,0,0,0,0,0
63,0,0,1,14,45,0,1,0,0,0,0,3,1,0,0,4,0,0,0,0,4,0,0,2,0,0,0,0,0,0,0,0,0,0,1,0,0,0,417,4,0,4,2,0,18,19,0,3,0,9,0,0,1,1,0,50,1,44,0,172,1,0,30,8,6,13,0,0,0,1,0,40,0,0,0,26,0,0,1,1,0,0,0,0,0,0,1,4,0,1,3,0,1,55,2,15,2,0,8,0,0,0,0,0,0,0,0,0,0,0,0,0,0,0,0,0,0,0,0,0,0,0,0,1,0,0,0,0,0,0,0,0,0,2,0,0,0,0,0,4,4,0,3,0,0,0,0,0,0,0,0,3,2,0,0,2,16,0,0,14,32,20,0,45,116,2,516,25,0,0,16,0,0,1,0,0,10,1
0,0,0,0,0,0,0,0,0,0,0,0,0,0,0,0,0,0,0,0,0,0,0,0,0,0,0,0,0,0,0,0,0,0,0,0,0,0,0,0,0,0,0,0,0,0,0,0,0,0,0,0,0,0,0,0,0,0,0,0,0,0,0,0,0,0,0,0,0,0,0,0,0,0,0,0,0,0,0,0,0,0,0,0,0,0,0,0,0,0,0,0,0,0,0,0,0,0,0,0,0,0,0,0,0,0,0,0,0,0,0,0,0,0,0,0,0,0,0,0,0,0,0,0,0,0,0,0,0,0,0,0,0,0,0,0,0,0,0,0,0,0,0,0,0,0,0,0,0,0,0,0,0,0,0,0,0,0,0,0,0,0,0,0,0,0,0,0,0,0,0,0,0,0,0,0,0,0,0
0,0,0,0,0,0,0,0,0,0,0,0,0,0,0,0,0,0,0,0,0,0,0,0,0,0,0,0,0,0,0,0,0,0,0,0,0,0,0,0,0,0,0,0,0,0,0,0,0,0,0,0,0,0,0,0,0,0,0,0,0,0,0,0,0,0,0,0,0,0,0,0,0,0,0,0,0,0,0,0,0,0,0,0,0,0,0,0,0,0,0,0,0,0,0,0,0,0,0,0,0,0,0,0,0,0,0,0,0,0,0,0,0,0,0,0,0,0,0,0,0,0,0,0,0,0,0,0,0,0,0,0,0,0,0,0,0,0,0,0,0,0,0,0,0,0,0,0,0,0,0,0,0,0,0,0,0,0,0,0,0,0,0,0,0,0,0,0,0,0,0,0,0,0,0,0,0,0,0
15,0,1,0,25,29,1,1,0,0,0,0,4,0,0,0,1,0,0,0,0,10,0,0,3,0,0,0,1,0,0,0,0,0,2,1,0,0,0,333,4,0,2,1,1,34,16,3,1,0,18,0,1,0,1,2,99,2,91,0,160,2,2,17,9,3,13,0,0,0,10,0,13,0,0,0,49,2,0,0,0,0,0,0,0,0,0,0,0,0,1,0,0,0,62,2,13,5,0,3,0,0,0,0,0,0,1,0,0,0,1,0,0,0,0,0,0,0,0,0,1,1,1,3,5,0,0,2,2,0,0,0,0,0,1,0,0,0,0,0,4,0,0,0,0,0,0,0,0,0,0,0,1,0,0,0,0,3,0,2,4,27,6,0,50,59,1,374,38,0,0,2,0,0,0,0,0,2,1
15,0,2,0,8,50,0,1,0,3,0,0,2,0,0,0,3,0,0,0,0,3,0,0,2,0,0,1,0,0,0,0,0,0,1,4,0,0,0,387,7,0,1,0,0,25,6,0,2,0,17,0,0,0,0,2,68,2,38,0,126,2,0,32,16,13,12,0,0,1,0,0,117,0,0,0,15,0,0,2,0,0,0,0,0,0,0,0,0,0,2,1,0,2,52,0,8,1,1,0,0,0,0,0,0,0,0,0,0,0,0,0,0,0,0,0,0,0,0,0,0,0,0,0,0,0,0,1,0,0,0,0,0,0,0,0,0,0,0,0,2,0,0,0,0,0,0,0,0,0,0,0,1,1,0,0,0,18,0,0,8,113,3,0,34,56,0,815,95,0,0,1,0,0,0,0,0,2,1
11,1,2,0,14,24,0,0,0,4,0,0,3,2,0,0,6,0,0,0,0,19,0,0,0,0,0,0,0,0,0,0,0,0,4,5,0,0,1,132,25,4,0,2,0,3,0,4,11,0,6,0,0,0,0,4,162,1,52,9,33,1,0,15,6,7,7,0,0,0,6,0,11,1,0,0,126,0,0,0,0,0,0,0,0,0,0,0,8,0,0,0,0,1,51,1,5,2,0,0,0,0,0,0,0,0,0,0,0,0,0,1,0,0,0,0,0,0,0,0,0,0,0,2,8,0,0,0,2,0,0,1,0,0,0,0,0,0,0,0,0,0,0,2,1,0,0,4,0,0,2,0,3,1,1,0,0,18,0,1,1,31,4,0,21,60,0,267,19,0,0,0,0,0,0,0,0,0,0
6,6,12,1,8,22,0,1,0,0,0,0,2,0,0,0,1,0,0,0,0,0,0,0,2,0,0,0,1,0,0,0,0,0,0,1,0,0,0,181,4,0,3,10,0,0,27,7,23,0,1,0,0,0,0,1,123,1,105,0,23,0,1,11,20,6,14,0,0,0,3,0,4,3,0,0,21,0,0,0,0,0,0,0,0,0,0,0,0,0,1,2,0,8,28,0,4,0,0,0,0,0,0,0,0,0,0,0,0,0,1,0,0,0,1,0,1,0,0,0,0,1,0,0,2,0,0,0,1,0,0,0,0,0,0,0,0,0,0,0,2,3,0,0,0,0,0,0,0,0,0,0,1,1,0,0,0,15,0,0,30,29,4,0,28,60,0,492,37,0,0,3,0,0,0,1,0,1,1
1,0,0,0,0,3,1,0,0,0,0,0,0,0,0,0,0,0,0,0,0,8,0,0,0,0,0,0,0,0,1,0,0,1,0,0,0,0,2,663,5,0,1,0,0,0,1,0,2,0,0,0,0,0,0,0,5,0,3,0,3,0,0,36,0,2,5,0,0,0,0,0,0,1,0,0,65,0,0,1,3,0,0,0,0,0,0,0,1,0,0,0,0,0,28,0,3,0,0,0,0,0,0,0,0,0,1,0,2,0,0,0,0,0,0,0,0,0,0,0,0,0,0,0,0,0,0,0,0,0,0,0,0,0,0,0,0,0,0,2,0,25,0,0,0,0,0,0,0,0,0,0,0,0,0,0,0,43,0,0,3,19,0,0,16,15,0,67,22,0,0,0,0,0,0,0,0,0,0
0,0,0,0,0,0,0,0,0,0,0,0,0,0,0,0,0,0,0,0,0,0,0,0,0,0,0,0,0,0,0,0,0,0,0,0,0,0,0,0,0,0,0,0,0,0,0,0,0,0,0,0,0,0,0,0,0,0,0,0,0,0,0,0,0,0,0,0,0,0,0,0,0,0,0,0,0,0,0,0,0,0,0,0,0,0,0,0,0,0,0,0,0,0,0,0,0,0,0,0,0,0,0,0,0,0,0,0,0,0,0,0,0,0,0,0,0,0,0,0,0,0,0,0,0,0,0,0,0,0,0,0,0,0,0,0,0,0,0,0,0,0,0,0,0,0,0,0,0,0,0,0,0,0,0,0,0,0,0,0,0,0,0,0,0,0,0,0,0,0,0,0,0,0,0,0,0,0,0
0,0,0,0,0,0,0,0,0,0,0,0,0,0,0,0,0,0,0,0,0,0,0,0,0,0,0,0,0,0,0,0,0,0,0,0,0,0,0,0,0,0,0,0,0,0,0,0,0,0,0,0,0,0,0,0,0,0,0,0,0,0,0,0,0,0,0,0,0,0,0,0,0,0,0,0,0,0,0,0,0,0,0,0,0,0,0,0,0,0,0,0,0,0,0,0,0,0,0,0,0,0,0,0,0,0,0,0,0,0,0,0,0,0,0,0,0,0,0,0,0,0,0,0,0,0,0,0,0,0,0,0,0,0,0,0,0,0,0,0,0,0,0,0,0,0,0,0,0,0,0,0,0,0,0,0,0,0,0,0,0,0,0,0,0,0,0,0,0,0,0,0,0,0,0,0,0,0,0
0,0,0,0,0,0,0,0,0,0,0,0,0,0,0,0,0,0,0,0,0,0,0,0,0,0,0,0,0,0,0,0,0,0,0,0,0,0,0,0,0,0,0,0,0,0,0,0,0,0,0,0,0,0,0,0,0,0,0,0,0,0,0,0,0,0,0,0,0,0,0,0,0,0,0,0,0,0,0,0,0,0,0,0,0,0,0,0,0,0,0,0,0,0,0,0,0,0,0,0,0,0,0,0,0,0,0,0,0,0,0,0,0,0,0,0,0,0,0,0,0,0,0,0,0,0,0,0,0,0,0,0,0,0,0,0,0,0,0,0,0,0,0,0,0,0,0,0,0,0,0,0,0,0,0,0,0,0,0,0,0,0,0,0,0,0,0,0,0,0,0,0,0,0,0,0,0,0,0
0,0,0,0,0,0,0,0,0,0,0,0,0,0,0,0,0,0,0,0,0,0,0,0,0,0,0,0,0,0,0,0,0,0,0,0,0,0,0,0,0,0,0,0,0,0,0,0,0,0,0,0,0,0,0,0,0,0,0,0,0,0,0,0,0,0,0,0,0,0,0,0,0,0,0,0,0,0,0,0,0,0,0,0,0,0,0,0,0,0,0,0,0,0,0,0,0,0,0,0,0,0,0,0,0,0,0,0,0,0,0,0,0,0,0,0,0,0,0,0,0,0,0,0,0,0,0,0,0,0,0,0,0,0,0,0,0,0,0,0,0,0,0,0,0,0,0,0,0,0,0,0,0,0,0,0,0,0,0,0,0,0,0,0,0,0,0,0,0,0,0,0,0,0,0,0,0,0,0
0,0,0,0,0,0,0,0,0,0,0,0,0,0,0,0,0,0,0,0,0,0,0,0,0,0,0,0,0,0,0,0,0,0,0,0,0,0,0,0,0,0,0,0,0,0,0,0,0,0,0,0,0,0,0,0,0,0,0,0,0,0,0,0,0,0,0,0,0,0,0,0,0,0,0,0,0,0,0,0,0,0,0,0,0,0,0,0,0,0,0,0,0,0,0,0,0,0,0,0,0,0,0,0,0,0,0,0,0,0,0,0,0,0,0,0,0,0,0,0,0,0,0,0,0,0,0,0,0,0,0,0,0,0,0,0,0,0,0,0,0,0,0,0,0,0,0,0,0,0,0,0,0,0,0,0,0,0,0,0,0,0,0,0,0,0,0,0,0,0,0,0,0,0,0,0,0,0,0
0,0,0,0,0,0,0,0,0,0,0,0,0,0,0,0,0,0,0,0,0,0,0,0,0,0,0,0,0,0,0,0,0,0,0,0,0,0,0,0,0,0,0,0,0,0,0,0,0,0,0,0,0,0,0,0,0,0,0,0,0,0,0,0,0,0,0,0,0,0,0,0,0,0,0,0,0,0,0,0,0,0,0,0,0,0,0,0,0,0,0,0,0,0,0,0,0,0,0,0,0,0,0,0,0,0,0,0,0,0,0,0,0,0,0,0,0,0,0,0,0,0,0,0,0,0,0,0,0,0,0,0,0,0,0,0,0,0,0,0,0,0,0,0,0,0,0,0,0,0,0,0,0,0,0,0,0,0,0,0,0,0,0,0,0,0,0,0,0,0,0,0,0,0,0,0,0,0,0
0,0,0,0,0,0,0,0,0,0,0,0,0,0,0,0,0,0,0,0,0,0,0,0,0,0,0,0,0,0,0,0,0,0,0,0,0,0,0,0,0,0,0,0,0,0,0,0,0,0,0,0,0,0,0,0,0,0,0,0,0,0,0,0,0,0,0,0,0,0,0,0,0,0,0,0,0,0,0,0,0,0,0,0,0,0,0,0,0,0,0,0,0,0,0,0,0,0,0,0,0,0,0,0,0,0,0,0,0,0,0,0,0,0,0,0,0,0,0,0,0,0,0,0,0,0,0,0,0,0,0,0,0,0,0,0,0,0,0,0,0,0,0,0,0,0,0,0,0,0,0,0,0,0,0,0,0,0,0,0,0,0,0,0,0,0,0,0,0,0,0,0,0,0,0,0,0,0,0
0,0,0,0,0,0,0,0,0,0,0,0,0,0,0,0,0,0,0,0,0,0,0,0,0,0,0,0,0,0,0,0,0,0,0,0,0,0,0,0,0,0,0,0,0,0,0,0,0,0,0,0,0,0,0,0,0,0,0,0,0,0,0,0,0,0,0,0,0,0,0,0,0,0,0,0,0,0,0,0,0,0,0,0,0,0,0,0,0,0,0,0,0,0,0,0,0,0,0,0,0,0,0,0,0,0,0,0,0,0,0,0,0,0,0,0,0,0,0,0,0,0,0,0,0,0,0,0,0,0,0,0,0,0,0,0,0,0,0,0,0,0,0,0,0,0,0,0,0,0,0,0,0,0,0,0,0,0,0,0,0,0,0,0,0,0,0,0,0,0,0,0,0,0,0,0,0,0,0
8,0,3,0,104,150,0,1,0,9,0,0,0,0,0,0,0,0,0,0,0,6,0,0,0,0,0,0,0,0,0,0,0,0,0,1,0,0,0,218,28,0,1,3,2,3,5,0,1,0,3,0,0,0,2,0,30,0,59,0,3,2,0,19,7,7,5,0,0,0,8,0,24,3,0,0,61,0,0,1,0,0,0,0,0,0,0,2,2,0,0,0,0,5,8,0,9,0,0,0,0,0,0,0,0,0,0,0,0,0,0,0,0,0,0,0,0,0,0,0,0,0,0,0,1,0,0,0,0,0,0,0,0,0,0,0,0,0,0,1,0,0,0,0,0,0,0,0,0,0,0,0,0,16,0,0,0,50,0,0,1,93,4,0,72,76,7,86,28,0,0,0,0,0,21,0,0,0,0
2,0,0,0,1,22,0,1,0,1,0,0,1,0,0,0,0,0,0,0,0,2,0,0,0,0,0,0,1,0,0,0,0,1,0,1,0,0,0,420,14,0,8,1,0,3,3,0,2,0,7,0,1,0,0,0,29,0,35,0,7,0,0,40,8,5,6,0,0,0,0,0,11,0,0,0,12,0,0,0,0,0,0,0,0,0,0,0,0,0,0,0,0,2,54,1,5,0,0,0,0,0,0,0,0,0,1,0,0,0,0,0,0,0,1,0,0,0,0,0,0,0,0,0,0,0,0,0,0,0,0,0,0,0,0,2,0,0,0,0,0,5,0,2,0,0,0,0,0,0,0,0,0,0,0,0,0,32,0,0,0,14,3,0,24,50,1,97,30,0,0,0,0,0,0,0,0,0,0
0,0,0,0,0,0,0,0,0,0,0,0,0,0,0,0,0,0,0,0,0,0,0,0,0,0,0,0,0,0,0,0,0,0,0,0,0,0,0,0,0,0,0,0,0,0,0,0,0,0,0,0,0,0,0,0,0,0,0,0,0,0,0,0,0,0,0,0,0,0,0,0,0,0,0,0,0,0,0,0,0,0,0,0,0,0,0,0,0,0,0,0,0,0,0,0,0,0,0,0,0,0,0,0,0,0,0,0,0,0,0,0,0,0,0,0,0,0,0,0,0,0,0,0,0,0,0,0,0,0,0,0,0,0,0,0,0,0,0,0,0,0,0,0,0,0,0,0,0,0,0,0,0,0,0,0,0,0,0,0,0,0,0,0,0,0,0,0,0,0,0,0,0,0,0,0,0,0,0
5,4,2,0,4,85,1,1,0,2,0,0,0,0,0,0,0,0,0,0,0,10,0,0,1,0,0,0,2,0,0,0,0,0,0,6,0,0,1,360,114,0,6,2,0,2,8,0,0,0,21,0,0,0,0,0,35,6,76,0,30,1,0,40,13,11,14,0,0,0,4,0,4,3,0,0,35,0,0,1,1,0,0,0,0,0,0,2,3,0,1,0,0,5,45,0,17,0,0,1,0,0,0,0,0,0,0,0,0,0,0,0,0,0,1,0,0,0,0,0,0,0,0,0,1,0,0,0,0,0,0,0,0,0,0,0,0,0,0,0,0,27,0,0,0,0,0,0,0,0,1,0,0,0,0,0,0,29,0,0,0,31,5,0,19,31,0,143,31,0,0,0,0,0,2,0,0,0,0
3,0,21,0,3,15,1,0,0,1,0,0,1,0,0,0,0,0,0,0,0,22,0,0,3,0,0,0,1,0,0,0,0,0,13,5,0,0,0,491,63,0,31,17,1,21,58,0,2,0,19,0,0,1,5,0,179,3,118,0,21,7,6,38,35,5,20,0,0,0,13,0,9,18,0,0,168,6,0,1,0,0,0,0,1,0,0,5,24,0,1,0,0,7,28,5,19,0,0,0,0,0,0,0,0,0,0,0,0,0,0,1,0,0,2,0,0,0,0,1,1,0,0,0,2,0,0,0,4,0,0,0,0,0,0,0,0,0,0,0,0,1,0,1,1,0,0,2,0,1,1,0,1,1,0,0,0,11,0,0,16,27,4,0,52,60,0,317,69,0,0,0,2,0,0,1,0,0,1
0,0,0,0,0,0,0,0,0,0,0,0,0,0,0,0,0,0,0,0,0,0,0,0,0,0,0,0,0,0,0,0,0,0,0,0,0,0,0,0,0,0,0,0,0,0,0,0,0,0,0,0,0,0,0,0,0,0,0,0,0,0,0,0,0,0,0,0,0,0,0,0,0,0,0,0,0,0,0,0,0,0,0,0,0,0,0,0,0,0,0,0,0,0,0,0,0,0,0,0,0,0,0,0,0,0,0,0,0,0,0,0,0,0,0,0,0,0,0,0,0,0,0,0,0,0,0,0,0,0,0,0,0,0,0,0,0,0,0,0,0,0,0,0,0,0,0,0,0,0,0,0,0,0,0,0,0,0,0,0,0,0,0,0,0,0,0,0,0,0,0,0,0,0,0,0,0,0,0
2,0,3,3,2,26,0,0,0,5,0,0,0,0,0,0,1,0,0,0,0,7,0,0,4,0,0,0,1,0,0,0,0,0,1,5,0,0,0,484,16,0,3,3,1,13,18,0,0,0,7,0,0,0,1,0,21,0,46,0,66,1,0,185,10,12,11,1,0,0,23,0,10,1,0,0,23,1,0,0,0,0,0,0,0,0,0,0,0,0,1,0,0,2,30,0,9,0,0,1,0,0,0,0,0,0,0,0,0,0,0,0,0,1,0,0,0,0,0,0,0,0,0,0,0,0,0,0,0,0,0,0,0,0,0,0,0,0,0,0,0,0,0,0,0,0,0,0,0,0,0,0,0,0,0,0,0,6,0,0,2,22,8,0,35,55,0,157,35,0,0,3,0,0,0,1,0,1,1
10,0,1,0,19,291,1,0,0,4,0,0,1,0,0,0,2,0,0,0,0,62,0,0,2,0,0,0,28,0,0,0,0,0,9,17,0,0,3,732,10,1,13,16,0,16,48,1,1,0,7,0,0,6,0,0,139,1,126,0,220,5,5,105,11,5,20,0,0,3,702,0,18,17,0,0,170,34,0,0,0,0,0,0,0,0,0,0,4,0,3,0,0,1,47,0,9,2,0,0,0,0,0,0,0,0,1,0,0,0,2,1,0,1,3,0,0,0,0,0,0,0,0,1,6,0,0,2,1,0,0,0,0,0,0,0,0,1,0,0,1,0,0,2,0,0,0,4,0,0,3,0,1,2,0,0,0,16,0,0,7,40,10,0,40,132,20,674,37,0,0,11,1,0,0,0,0,0,1
0,0,0,0,3,11,1,0,0,1,0,0,1,0,0,0,0,0,3,0,0,3,0,0,1,0,0,0,0,0,0,0,0,0,0,0,0,0,0,90,4,1,1,3,0,3,25,1,1,0,3,0,0,0,0,0,28,0,25,0,24,2,2,22,8,1,2,0,0,0,33,0,1,1,0,0,33,0,0,0,0,0,0,0,0,0,0,1,2,0,1,0,0,2,6,0,3,0,0,1,0,0,0,0,0,0,0,0,0,0,0,0,0,0,0,0,0,0,0,0,0,2,1,0,1,0,0,0,1,0,0,0,0,0,0,0,0,0,0,0,1,0,0,0,0,0,0,0,0,0,1,0,0,2,0,0,0,8,0,0,2,5,2,0,25,28,0,130,29,0,0,1,0,0,0,0,0,0,2
2,3,8,0,0,2,1,0,0,0,0,0,0,0,0,0,0,0,0,0,0,5,0,0,3,0,0,0,0,0,0,0,0,0,2,0,0,0,0,109,3,0,12,6,0,13,30,0,0,0,1,0,0,0,0,0,63,2,6,0,18,1,0,13,0,3,2,0,0,0,18,0,3,3,0,0,15,3,0,0,0,0,0,0,0,0,0,0,1,0,1,0,0,3,10,0,2,4,0,1,0,0,0,0,0,0,0,0,0,0,1,1,0,0,0,0,0,0,0,0,0,0,3,1,7,0,1,3,1,0,0,0,2,0,0,0,0,1,0,0,0,0,0,0,0,1,0,0,0,0,0,0,1,0,0,0,0,7,0,0,7,13,4,0,26,34,2,121,147,0,0,0,0,0,1,0,0,0,0
13,0,12,1,3,48,10,21,6,1,0,0,6,1,5,0,2,0,0,0,0,18,0,0,8,0,0,0,1,0,0,0,0,0,1,5,1,0,0,487,81,30,47,8,0,13,37,2,5,0,41,0,0,0,0,0,224,2,50,0,93,7,3,13,17,4,14,0,0,0,14,0,10,4,0,0,85,2,0,0,0,0,0,0,1,1,0,0,0,0,0,0,0,6,25,0,19,0,0,2,0,0,0,0,0,0,0,0,0,0,0,1,1,0,4,0,1,0,0,1,3,5,3,1,13,0,2,0,2,0,1,0,3,0,0,0,0,0,1,0,1,0,0,0,0,0,0,0,0,0,0,0,0,1,0,0,3,8,0,1,18,34,7,0,30,59,0,230,91,0,0,1,0,0,0,0,0,1,0
7,0,0,0,1,15,26,5,0,0,0,0,0,0,0,0,0,0,0,0,0,7,0,0,0,0,0,0,0,0,0,0,0,0,0,10,0,0,0,481,14,0,17,0,0,0,0,0,13,0,1,0,0,0,0,0,150,1,3,0,1,0,0,30,4,1,9,0,0,2,6,0,4,1,0,1,30,0,0,0,0,0,0,0,0,0,0,0,0,0,0,0,0,1,167,6,33,1,1,0,0,0,0,0,0,0,0,0,0,0,0,0,0,0,0,0,0,0,0,0,0,1,0,1,0,0,1,0,0,0,0,0,0,0,0,0,0,0,0,0,0,0,0,0,0,0,0,0,0,0,0,0,0,0,0,0,0,2,0,1,25,52,7,0,25,50,1,696,55,0,0,0,0,0,0,0,0,1,0
4,0,6,0,1,6,3,0,0,0,0,0,2,0,0,0,0,0,0,0,1,1,0,0,2,0,0,0,0,0,0,0,0,0,0,1,0,0,0,399,1,0,6,0,0,1,0,0,1,0,0,0,0,0,0,0,8,2,25,0,16,0,0,23,21,11,11,0,0,0,7,0,0,0,0,22,4,0,0,0,0,0,0,0,0,0,0,1,1,0,0,4,0,0,6,1,5,1,0,0,0,0,0,0,0,0,4,0,0,0,0,0,0,0,0,0,0,0,0,0,0,0,0,0,2,0,2,0,2,0,0,0,2,0,0,0,0,0,0,0,0,5,0,0,0,0,0,0,0,0,0,0,8,0,0,0,0,11,0,0,32,27,25,0,32,83,0,490,52,0,0,3,0,0,0,1,0,6,0
6,0,0,2,2,15,6,0,0,0,0,0,0,0,1,1,1,0,0,0,0,3,0,0,7,0,1,0,0,0,0,0,0,0,0,0,0,0,0,222,1,0,71,0,0,4,0,0,2,0,0,0,1,0,2,0,25,2,2,0,2,0,0,26,4,6,8,0,0,0,7,0,3,2,0,17,15,0,0,0,0,0,0,0,0,0,0,1,1,0,0,0,0,1,10,1,4,0,0,5,0,0,0,0,0,0,10,0,0,0,2,0,0,0,6,0,1,0,0,1,5,4,9,4,4,0,9,2,11,0,0,0,36,0,0,0,0,0,0,0,0,0,0,0,0,0,0,1,0,0,0,0,0,0,0,0,0,2,0,0,15,37,6,0,28,47,0,508,78,0,1,1,0,0,0,1,0,2,0
3,3,3,0,0,8,0,0,0,1,0,0,1,0,0,0,1,0,0,0,0,4,0,0,0,0,0,0,0,0,0,0,0,0,0,0,0,0,0,128,0,0,2,0,2,31,15,0,6,0,4,0,1,0,0,1,14,0,31,0,75,0,1,28,6,4,1,0,0,0,0,0,3,0,0,0,33,0,0,0,0,0,0,0,0,0,1,0,2,0,1,1,0,0,35,0,6,3,0,10,0,0,0,0,0,0,0,0,0,0,0,0,0,0,0,0,0,0,0,0,0,1,0,1,1,0,0,1,0,0,0,0,0,0,1,0,0,0,0,0,0,0,0,4,0,0,0,1,0,0,0,0,5,1,0,0,0,12,0,0,8,25,5,0,15,40,0,95,34,0,0,1,0,0,0,0,0,1,1
1,0,1,0,0,1,0,0,0,0,0,0,0,0,0,0,2,0,0,0,0,0,0,0,1,0,0,0,0,0,0,0,0,0,0,0,0,0,1,205,4,0,1,2,0,28,35,0,9,0,3,0,0,0,0,1,28,2,29,0,89,2,0,39,1,8,5,0,0,0,3,1,9,3,0,0,33,0,0,0,0,0,0,0,0,0,0,0,3,0,0,0,0,0,20,0,1,1,0,0,0,0,0,0,0,0,0,0,0,0,0,0,0,0,0,0,0,0,0,0,0,0,0,0,0,0,0,0,0,0,0,0,0,0,0,0,0,0,0,0,1,2,0,0,0,0,0,0,0,0,0,0,1,4,0,0,1,10,0,5,1,14,0,0,16,16,0,60,33,0,0,0,0,0,0,0,0,1,0
3,1,5,0,0,10,1,1,0,1,0,0,3,1,0,0,1,0,1,0,0,3,0,0,1,0,0,0,3,0,0,0,0,0,1,0,0,0,0,250,13,5,9,6,0,22,53,3,7,0,7,0,0,0,0,0,54,0,91,0,100,0,0,59,5,7,6,0,0,1,18,0,7,0,0,0,47,3,0,2,0,0,0,0,0,0,0,0,0,0,0,3,0,3,51,0,11,2,0,1,0,0,0,0,0,0,0,0,0,0,0,0,0,0,0,0,0,0,0,0,2,2,0,0,2,0,0,0,0,0,0,0,0,0,0,0,0,0,0,0,0,0,0,0,0,0,0,2,0,0,0,0,0,1,0,0,0,6,0,0,8,29,3,0,12,35,1,114,37,0,0,3,0,0,0,0,0,0,0
0,0,0,0,0,1,0,0,0,0,0,0,1,0,0,2,2,0,0,0,0,3,0,0,0,0,0,0,0,0,0,0,0,0,0,0,0,1,1,257,1,2,1,4,0,24,21,0,1,0,2,0,0,0,4,1,66,0,12,0,36,1,2,31,2,7,3,0,0,0,4,0,0,0,0,0,44,0,0,1,0,0,0,0,0,0,0,0,2,0,1,0,0,1,3,1,0,3,0,1,0,0,0,0,0,0,0,0,0,0,0,0,0,0,0,0,0,0,0,0,0,2,0,0,3,0,0,0,1,0,0,0,0,0,0,0,0,0,0,0,0,0,1,1,0,0,0,0,0,0,0,0,0,0,0,0,1,38,0,0,3,3,0,0,9,21,0,53,10,0,0,2,0,0,0,0,0,0,1
13,1,2,0,1,19,0,0,0,1,0,0,8,1,0,4,0,0,0,0,0,5,0,0,0,0,0,0,0,0,0,0,0,0,0,2,0,0,0,133,2,1,6,2,6,16,35,0,3,0,2,0,0,0,1,3,30,2,22,0,86,0,0,10,0,4,5,0,0,0,5,0,8,0,0,0,56,0,0,0,0,0,0,0,0,0,0,0,1,2,0,0,0,3,27,1,2,5,0,2,0,0,0,0,0,0,1,0,0,0,0,0,0,0,1,0,0,0,0,0,0,3,0,1,6,0,0,0,6,0,0,3,0,0,0,0,0,0,0,0,0,1,0,0,0,0,0,0,0,0,0,0,0,0,0,0,0,8,0,0,3,26,3,0,17,38,3,111,24,0,0,2,0,0,0,0,0,1,0
2,2,5,0,0,28,1,0,0,1,0,0,0,0,0,0,1,0,0,0,0,6,0,0,3,0,0,0,1,0,0,1,0,0,0,0,0,0,0,135,0,0,9,3,2,2,1,2,0,0,46,0,0,0,0,8,4,18,46,0,20,1,0,10,10,4,4,0,0,0,10,0,1,1,0,1,35,1,0,1,0,0,0,0,0,0,0,0,2,0,2,0,0,2,36,0,7,1,0,1,0,0,0,0,0,0,1,0,0,0,0,1,0,0,2,0,0,0,0,0,0,0,0,0,2,0,0,0,1,0,0,0,0,0,0,0,0,3,0,0,0,0,0,0,0,0,0,0,0,0,0,0,1,3,0,0,0,15,0,0,0,41,1,0,24,30,0,408,16,0,1,0,0,0,0,0,0,0,0
8,9,6,0,3,29,0,0,0,1,1,0,1,0,7,1,1,0,0,0,0,10,0,0,1,0,0,0,3,0,0,0,0,0,0,6,0,0,1,187,0,1,6,22,2,1,6,0,4,0,3,0,0,7,11,0,90,1,75,1,62,0,2,21,4,0,7,0,0,0,28,0,5,2,0,2,39,1,0,0,0,0,0,0,0,0,0,2,4,4,1,0,0,6,43,2,8,1,0,1,0,0,0,0,1,0,1,0,0,0,0,2,1,0,1,0,0,1,0,0,0,0,0,2,4,0,0,1,1,0,0,0,0,0,0,0,0,3,0,0,0,1,0,1,1,1,0,1,0,0,4,0,0,2,0,0,0,34,0,5,2,13,4,0,32,81,0,304,35,0,0,0,0,0,1,0,0,1,0
5,3,4,0,0,7,1,0,0,1,0,0,0,0,1,0,0,0,0,0,0,4,0,0,2,0,0,0,0,0,0,0,0,0,0,8,0,0,1,268,1,1,5,14,0,0,5,2,11,0,4,0,0,1,0,1,43,6,73,3,79,0,0,35,22,3,10,0,0,0,18,0,1,1,0,0,14,0,0,0,0,0,0,0,0,0,0,1,2,0,1,0,0,5,25,0,15,0,0,2,0,0,0,0,0,0,1,0,0,0,1,0,0,0,0,0,0,0,0,0,0,0,0,1,0,0,0,0,1,0,0,0,0,0,0,0,0,3,0,0,0,2,0,0,0,0,0,1,0,0,1,0,0,3,0,0,0,36,0,1,2,19,3,0,42,35,0,203,30,0,0,0,0,0,0,0,0,1,0
2,0,5,1,2,9,1,7,0,0,0,0,5,0,2,0,2,0,0,0,0,3,0,0,2,0,0,0,1,0,0,0,0,0,0,7,0,0,0,261,5,1,2,7,1,1,5,0,17,0,2,0,0,0,0,2,66,6,42,0,60,0,2,11,3,1,5,0,0,4,15,0,3,2,0,0,60,0,0,0,0,0,0,0,0,0,0,1,3,0,2,0,0,3,62,3,18,2,0,6,0,0,0,0,0,0,2,0,0,0,0,0,0,0,4,0,2,0,0,3,2,2,2,2,6,1,0,0,2,0,0,0,2,0,0,0,0,2,2,1,0,0,0,0,0,0,0,3,0,0,0,0,1,1,0,0,0,11,0,2,7,18,6,0,23,40,0,204,112,0,1,0,0,0,0,0,0,1,0
4,0,0,2,0,3,0,0,0,1,0,0,1,0,0,0,0,0,0,0,0,4,0,0,2,0,0,0,0,0,0,0,0,0,0,1,0,0,0,174,2,0,1,1,2,2,0,0,0,0,0,0,0,0,0,1,89,0,2,0,4,0,0,4,4,1,4,0,0,2,14,0,1,13,0,1,249,0,0,0,0,0,0,0,0,0,0,0,7,0,0,0,0,1,8,0,4,0,0,0,0,0,0,0,4,0,1,0,0,0,1,0,0,0,1,0,0,0,0,0,0,0,0,0,0,0,4,0,0,0,0,0,0,0,2,0,0,0,0,0,0,1,0,0,0,0,0,1,0,0,0,0,0,1,0,0,0,17,0,0,1,26,1,0,20,25,1,240,44,0,0,0,1,0,0,0,0,1,0
0,0,0,0,0,0,0,0,0,0,0,0,0,0,0,0,0,0,0,0,0,0,0,0,0,0,0,0,0,0,0,0,0,0,0,0,0,0,0,0,0,0,0,0,0,0,0,0,0,0,0,0,0,0,0,0,0,0,0,0,0,0,0,0,0,0,0,0,0,0,0,0,0,0,0,0,0,0,0,0,0,0,0,0,0,0,0,0,0,0,0,0,0,0,0,0,0,0,0,0,0,0,0,0,0,0,0,0,0,0,0,0,0,0,0,0,0,0,0,0,0,0,0,0,0,0,0,0,0,0,0,0,0,0,0,0,0,0,0,0,0,0,0,0,0,0,0,0,0,0,0,0,0,0,0,0,0,0,0,0,0,0,0,0,0,0,0,0,0,0,0,0,0,0,0,0,0,0,0
10,0,4,0,0,56,0,26,0,0,0,0,1,0,0,0,3,0,0,0,0,3,0,0,5,1,0,0,0,0,0,0,0,0,0,1,0,0,0,219,72,0,2,1,1,0,0,0,4,0,0,0,0,0,0,1,190,1,5,0,1,0,0,7,18,3,8,0,0,43,46,0,4,5,0,10,100,2,0,1,0,0,0,0,0,0,0,3,6,1,2,0,0,2,36,1,10,1,0,0,0,0,0,0,0,0,3,0,0,0,1,0,1,3,5,0,1,0,6,1,4,15,4,5,33,1,1,1,4,0,0,0,2,0,0,0,0,4,0,0,0,4,2,0,0,0,0,1,0,0,0,0,2,2,0,0,0,44,0,1,16,41,8,0,26,38,0,421,67,0,1,0,0,0,0,2,0,2,0
2,0,3,0,0,17,1,1,0,0,3,0,4,0,0,0,6,0,0,0,0,13,0,0,7,0,0,1,4,0,0,0,0,0,1,3,0,0,1,436,127,0,5,12,0,4,0,1,1,0,6,0,0,0,0,0,283,5,48,0,5,3,1,58,17,7,7,0,0,114,148,2,7,7,0,1,100,0,0,0,0,0,0,0,0,0,0,2,12,0,5,0,0,4,142,11,62,5,0,1,0,1,0,0,0,0,1,0,0,0,3,1,0,0,4,0,3,0,0,2,6,10,3,3,8,2,0,0,3,0,0,1,2,0,2,0,0,0,0,0,1,12,1,0,0,0,0,0,0,0,0,0,0,1,0,0,0,18,0,0,13,51,9,0,60,98,4,297,63,0,0,1,2,0,0,5,1,3,0
1,0,0,0,0,12,0,1,0,0,0,0,0,0,0,0,1,0,0,0,0,2,0,0,2,0,0,0,0,0,0,0,0,0,0,0,0,0,0,165,13,0,5,0,2,4,0,0,1,0,0,0,0,0,0,1,73,0,11,0,16,1,1,3,0,6,1,0,0,6,5,1,1,2,0,0,45,1,0,0,0,0,0,0,0,0,0,0,4,0,1,1,0,12,42,0,7,2,0,6,0,0,0,0,0,0,0,0,0,0,0,0,0,0,2,0,0,0,1,1,0,1,1,0,2,0,0,0,2,0,0,0,1,0,0,0,0,0,0,0,0,0,0,0,0,0,0,0,0,0,0,0,0,0,0,0,0,2,0,0,0,18,4,0,18,17,13,80,39,0,0,0,0,0,0,0,0,0,0
1,0,1,0,1,7,0,4,0,0,0,0,1,0,0,0,3,0,0,0,0,3,0,0,0,0,0,0,0,0,0,0,0,0,0,2,0,0,0,604,12,0,5,4,1,0,3,0,12,0,2,0,0,0,0,1,40,1,22,0,118,3,0,99,4,2,9,0,0,19,19,0,2,1,0,0,29,0,0,0,0,0,0,0,0,0,0,0,1,0,4,0,0,2,19,1,5,7,0,0,0,0,0,0,0,0,0,0,0,0,0,0,0,0,0,0,1,0,0,0,0,5,0,0,2,0,0,0,0,0,0,0,0,0,0,0,0,0,0,0,0,0,0,0,0,0,0,0,0,0,0,0,1,0,0,0,0,1,0,0,5,14,2,0,23,36,0,80,20,0,0,3,0,0,0,0,0,0,1
7,0,1,9,8,14,0,7,0,0,0,0,6,1,0,0,4,0,0,0,0,12,0,0,1,0,0,0,0,0,0,0,0,0,1,1,0,0,0,337,13,0,12,7,1,3,5,2,21,0,2,0,0,0,0,0,34,0,71,0,168,2,1,55,5,4,9,0,0,0,22,0,2,1,0,0,43,0,0,0,0,0,0,0,0,0,0,1,4,0,0,0,0,4,52,0,18,12,0,2,0,0,0,0,0,0,0,0,0,0,0,0,0,1,0,0,0,0,0,0,2,4,1,4,4,0,0,0,2,0,0,1,0,0,0,0,0,0,0,0,1,7,0,0,0,0,0,0,0,0,0,0,1,0,0,0,0,10,0,0,5,26,1,0,23,47,0,148,20,0,0,5,2,0,0,0,0,0,0
0,0,0,0,0,2,0,0,0,0,0,0,0,0,0,0,0,0,0,0,0,0,0,0,1,0,0,0,0,0,0,0,0,0,0,8,0,0,0,397,0,0,0,1,4,0,0,0,0,0,1,0,0,0,0,0,100,3,2,0,3,0,0,43,0,2,2,0,0,0,0,0,1,1,0,0,0,0,0,0,0,0,0,0,0,0,0,0,0,0,0,0,0,3,4,0,0,0,0,3,0,0,0,0,0,0,0,0,0,0,0,0,0,0,0,0,0,0,0,0,0,0,0,0,0,0,0,0,0,0,0,0,0,0,0,0,0,0,0,0,0,2,0,0,0,0,0,121,65,0,0,0,0,0,0,0,0,0,0,6,309,17,2,0,25,35,0,93,31,0,0,0,0,0,0,0,0,0,0
0,0,1,0,2,2,0,0,0,0,0,0,0,0,0,0,0,0,0,0,0,0,0,0,0,0,0,0,0,0,0,0,0,0,0,8,0,0,0,467,0,0,0,1,12,0,1,0,0,0,1,0,0,0,0,0,94,0,1,0,2,0,0,20,5,9,3,0,0,0,1,1,1,0,0,0,0,0,0,0,0,0,0,0,0,0,0,0,0,0,1,0,0,2,3,0,1,0,0,1,0,0,0,0,0,0,0,0,0,0,0,0,0,0,0,0,0,0,0,0,0,1,0,0,0,0,0,0,0,0,0,0,0,0,0,0,0,0,0,0,0,0,0,0,0,0,0,76,5,0,0,0,0,0,0,0,0,0,0,1,29,12,1,0,17,14,0,96,43,0,0,0,0,0,0,0,0,0,0
0,0,0,0,0,0,0,0,0,0,0,0,0,0,0,0,0,0,0,0,0,0,0,0,0,0,0,0,0,0,0,0,0,0,0,0,0,0,0,0,0,0,0,0,0,0,0,0,0,0,0,0,0,0,0,0,0,0,0,0,0,0,0,0,0,0,0,0,0,0,0,0,0,0,0,0,0,0,0,0,0,0,0,0,0,0,0,0,0,0,0,0,0,0,0,0,0,0,0,0,0,0,0,0,0,0,0,0,0,0,0,0,0,0,0,0,0,0,0,0,0,0,0,0,0,0,0,0,0,0,0,0,0,0,0,0,0,0,0,0,0,0,0,0,0,0,0,0,0,0,0,0,0,0,0,0,0,0,0,0,0,0,0,0,0,0,0,0,0,0,0,0,0,0,0,0,0,0,0
0,0,0,0,0,40,0,0,0,0,0,1,1,0,3,0,1,0,39,1,0,2,0,0,3,0,0,0,0,0,0,0,0,0,0,23,0,0,0,335,30,0,95,0,1,15,0,0,33,0,0,0,0,0,45,0,381,9,1,0,15,0,0,14,22,7,24,0,1,0,4,0,74,1,0,0,7,0,0,0,0,0,0,0,0,0,0,0,1,0,0,1,0,278,59,2,20,2,0,21,0,0,0,0,0,0,0,0,0,0,0,0,0,0,0,0,0,0,0,0,2,15,4,18,53,0,2,2,5,0,0,91,0,0,3,0,0,0,1,0,0,0,0,0,0,1,0,0,0,0,0,0,27,0,0,0,0,1,0,1,28,104,8,0,77,78,8,749,48,0,0,0,0,0,0,0,0,0,0
0,0,0,0,0,0,0,0,0,0,0,0,0,0,0,0,0,0,0,0,0,0,0,0,0,0,0,0,0,0,0,0,0,0,0,0,0,0,0,0,0,0,0,0,0,0,0,0,0,0,0,0,0,0,0,0,0,0,0,0,0,0,0,0,0,0,0,0,0,0,0,0,0,0,0,0,0,0,0,0,0,0,0,0,0,0,0,0,0,0,0,0,0,0,0,0,0,0,0,0,0,0,0,0,0,0,0,0,0,0,0,0,0,0,0,0,0,0,0,0,0,0,0,0,0,0,0,0,0,0,0,0,0,0,0,0,0,0,0,0,0,0,0,0,0,0,0,0,0,0,0,0,0,0,0,0,0,0,0,0,0,0,0,0,0,0,0,0,0,0,0,0,0,0,0,0,0,0,0
15,0,0,0,0,4,0,0,0,0,0,0,0,0,0,0,0,0,0,0,0,0,0,0,2,0,0,0,0,0,0,0,0,0,0,0,0,0,0,608,9,0,598,0,19,0,1,0,4,0,0,0,0,0,0,0,223,0,1,0,140,0,0,366,2,6,83,0,0,0,0,0,16,1,0,0,20,0,0,0,0,0,0,0,0,0,0,0,4,0,0,0,0,0,5,0,2,0,0,0,0,0,0,0,0,0,0,0,0,0,0,0,0,0,0,0,0,0,0,0,0,0,0,0,0,0,0,0,0,0,0,2,1,0,0,0,0,0,0,0,0,0,0,0,0,0,0,0,0,0,0,0,0,0,0,0,0,13,0,0,5,23,2,0,45,24,0,190,39,0,0,0,0,0,0,0,0,0,0
0,2,0,0,0,3,0,0,0,0,0,2,0,0,0,0,0,0,0,0,0,5,0,0,15,0,0,0,0,0,0,0,0,0,0,3,0,0,0,461,1,0,430,0,1,0,4,0,1,0,0,0,0,0,0,0,100,0,1,0,58,0,0,60,12,1,35,0,1,0,1,0,4,2,0,0,45,0,0,0,0,0,0,0,0,0,0,3,23,0,0,0,0,0,26,5,32,0,0,0,0,0,0,0,0,0,4,0,0,0,0,0,0,0,0,0,0,0,0,0,0,0,0,0,0,0,0,1,0,0,0,14,0,0,0,0,0,0,0,0,0,0,0,0,0,0,0,0,0,0,0,0,0,0,0,0,0,30,0,0,2,16,3,0,48,71,0,288,32,0,0,0,1,0,0,0,0,0,0
1,0,0,0,0,6,0,0,0,0,0,1,0,0,0,0,0,0,0,1,0,10,0,0,5,0,0,0,0,0,0,0,0,0,0,85,0,0,0,92,1,0,210,0,0,0,4,2,3,0,0,0,0,0,0,0,361,0,0,0,26,0,0,29,11,2,31,0,0,0,4,0,43,2,0,0,113,0,0,0,0,0,0,0,0,0,0,2,9,0,0,0,0,3,31,8,19,0,0,0,0,1,0,0,0,0,0,0,0,0,0,0,0,0,0,0,0,0,0,0,0,0,0,0,0,0,0,0,0,0,0,8,0,0,2,0,0,0,0,1,0,0,0,0,0,0,0,0,0,0,0,0,0,0,0,0,0,63,0,0,0,24,1,0,69,35,0,402,25,0,2,0,3,0,0,0,0,0,0
0,0,0,0,0,5,0,0,0,0,0,0,0,0,0,0,0,0,0,0,0,7,0,0,6,0,0,0,0,0,0,0,0,0,0,37,0,0,0,79,2,0,551,0,2,0,2,0,3,0,0,0,0,0,0,0,474,0,0,0,5,0,0,27,8,20,52,0,1,0,4,0,79,3,0,0,91,0,0,0,0,0,0,0,0,0,0,0,3,0,0,0,0,3,25,0,14,0,0,0,0,0,0,0,0,0,0,0,0,0,0,0,0,0,0,0,0,0,0,0,0,0,0,0,0,0,0,0,0,0,0,4,0,0,0,0,0,0,0,0,0,0,0,0,0,1,0,0,0,0,0,0,0,0,0,0,0,16,0,1,4,65,1,0,43,78,0,750,18,0,70,0,2,0,0,0,0,0,0
1,0,0,0,0,6,0,0,0,0,0,0,0,0,1,0,0,0,1,0,0,1,0,0,118,0,0,0,0,0,0,0,0,0,0,0,0,0,0,178,2,0,617,0,0,1,0,0,13,0,0,0,0,0,0,0,261,0,0,0,0,0,0,68,8,25,78,0,0,0,3,0,8,57,0,0,30,0,0,0,0,0,0,0,0,0,0,5,2,0,0,0,0,0,0,2,6,0,0,0,0,0,0,0,0,0,0,0,0,0,0,0,0,0,0,0,0,0,0,0,0,0,0,0,0,0,0,0,0,0,0,0,0,0,0,0,0,0,0,1,0,0,0,0,0,0,0,0,0,0,0,0,0,0,0,0,0,2,0,0,4,86,0,0,39,59,0,442,73,0,8,0,2,0,0,0,0,0,0
0,0,0,0,0,4,0,0,0,0,0,0,0,0,0,0,0,0,0,0,0,0,0,0,1,0,0,0,0,0,0,0,0,0,0,0,0,0,0,183,5,0,183,0,11,0,0,0,0,0,0,0,0,0,0,0,741,1,0,0,104,0,0,28,3,80,9,0,0,0,0,0,83,9,0,0,66,0,0,0,0,0,0,0,0,0,0,0,0,0,0,0,0,0,1,0,0,0,0,0,0,0,0,0,0,0,0,0,0,0,0,0,0,0,0,0,0,0,0,0,0,0,0,0,0,0,0,0,0,0,0,0,0,0,0,0,0,0,0,0,0,0,0,0,0,0,0,0,0,0,0,0,0,0,0,0,0,0,0,0,0,98,0,0,55,24,0,345,43,0,0,0,0,0,0,0,0,0,0
0,1,0,0,0,0,0,0,0,0,0,0,0,0,0,0,0,0,0,0,0,0,0,0,5,0,0,0,0,0,0,0,0,0,0,1,0,0,0,166,0,0,286,0,2,0,0,0,1,0,0,0,0,0,0,0,449,0,0,0,60,0,0,6,23,23,30,0,0,0,0,0,155,19,0,0,25,0,0,0,0,0,0,0,0,0,0,0,0,0,0,0,0,0,0,0,2,0,0,0,0,0,0,0,0,0,0,0,0,0,0,0,0,0,0,0,0,0,0,0,0,0,0,0,0,0,0,0,0,0,0,0,0,0,0,0,0,0,0,1,0,0,0,0,0,0,0,0,0,0,0,0,0,0,0,0,0,0,0,0,2,24,0,0,40,28,0,261,37,0,0,0,0,1,0,0,0,0,0
0,0,0,0,0,0,0,0,0,0,0,0,0,0,0,0,0,0,0,0,0,0,0,0,0,0,0,0,0,0,0,0,0,0,0,0,0,0,0,0,0,0,0,0,0,0,0,0,0,0,0,0,0,0,0,0,0,0,0,0,0,0,0,0,0,0,0,0,0,0,0,0,0,0,0,0,0,0,0,0,0,0,0,0,0,0,0,0,0,0,0,0,0,0,0,0,0,0,0,0,0,0,0,0,0,0,0,0,0,0,0,0,0,0,0,0,0,0,0,0,0,0,0,0,0,0,0,0,0,0,0,0,0,0,0,0,0,0,0,0,0,0,0,0,0,0,0,0,0,0,0,0,0,0,0,0,0,0,0,0,0,0,0,0,0,0,0,0,0,0,0,0,0,0,0,0,0,0,0
0,0,0,0,0,0,0,0,0,0,0,0,0,0,0,0,0,0,0,0,0,0,0,0,0,0,0,0,0,0,0,0,0,0,0,0,0,0,0,0,0,0,0,0,0,0,0,0,0,0,0,0,0,0,0,0,0,0,0,0,0,0,0,0,0,0,0,0,0,0,0,0,0,0,0,0,0,0,0,0,0,0,0,0,0,0,0,0,0,0,0,0,0,0,0,0,0,0,0,0,0,0,0,0,0,0,0,0,0,0,0,0,0,0,0,0,0,0,0,0,0,0,0,0,0,0,0,0,0,0,0,0,0,0,0,0,0,0,0,0,0,0,0,0,0,0,0,0,0,0,0,0,0,0,0,0,0,0,0,0,0,0,0,0,0,0,0,0,0,0,0,0,0,0,0,0,0,0,0
0,0,0,0,0,0,0,0,0,0,0,0,0,0,0,0,0,0,0,0,0,0,0,0,0,0,0,0,0,0,0,0,0,0,0,0,0,0,0,0,0,0,0,0,0,0,0,0,0,0,0,0,0,0,0,0,0,0,0,0,0,0,0,0,0,0,0,0,0,0,0,0,0,0,0,0,0,0,0,0,0,0,0,0,0,0,0,0,0,0,0,0,0,0,0,0,0,0,0,0,0,0,0,0,0,0,0,0,0,0,0,0,0,0,0,0,0,0,0,0,0,0,0,0,0,0,0,0,0,0,0,0,0,0,0,0,0,0,0,0,0,0,0,0,0,0,0,0,0,0,0,0,0,0,0,0,0,0,0,0,0,0,0,0,0,0,0,0,0,0,0,0,0,0,0,0,0,0,0
1,0,0,0,0,4,0,0,0,0,0,0,0,0,0,67,1,0,28,0,0,2,0,0,0,0,0,0,0,0,0,0,0,0,0,0,0,0,0,80,2,0,287,0,2,0,0,0,3,0,0,0,0,0,0,0,355,0,0,0,2,0,0,20,4,1,12,0,0,0,0,0,2,2,0,0,124,0,0,0,0,0,0,0,0,0,0,2,12,0,0,0,0,0,0,3,2,0,0,0,0,0,0,0,0,0,1,0,0,0,0,0,0,0,0,0,0,0,0,0,0,0,0,0,0,0,0,0,0,0,0,1,0,0,3,3,15,5,24,292,0,9,0,0,0,0,0,0,0,0,0,0,0,0,0,0,0,0,0,0,21,50,11,0,54,436,0,1301,18,0,0,0,0,0,0,0,0,0,0
0,0,0,0,0,19,0,0,0,0,0,0,1,0,0,12,0,0,0,0,0,18,0,0,0,0,0,0,0,0,0,0,0,0,0,0,0,0,0,221,0,0,448,0,2,0,1,0,18,0,0,0,0,0,0,0,418,1,0,0,5,0,0,70,1,23,10,0,0,0,0,0,1,3,0,0,183,0,0,0,0,0,0,0,0,0,0,2,6,0,0,0,0,0,0,2,3,0,0,0,0,0,0,0,0,0,2,0,0,0,0,0,0,0,0,0,0,0,0,0,0,0,0,0,0,0,0,0,0,0,0,2,0,0,7,5,34,26,3,225,0,0,0,0,0,0,0,0,0,0,0,0,0,0,0,0,0,1,0,0,68,115,8,0,48,301,0,716,19,0,0,0,1,0,0,0,0,0,0
0,0,0,0,0,10,0,0,0,0,0,0,1,0,0,1,2,0,0,0,0,5,0,0,1,0,0,0,0,0,0,0,0,4,0,5,0,0,0,63,1,0,681,0,3,0,0,0,1,0,0,0,0,0,0,0,60,0,0,0,0,0,0,13,10,2,21,0,0,0,0,0,8,3,0,0,126,0,0,0,0,0,0,0,0,0,0,3,6,0,0,0,0,8,1,0,3,0,0,0,0,0,0,0,0,0,2,0,0,0,0,0,0,0,0,0,0,0,0,0,0,0,0,0,0,0,0,0,0,0,0,0,0,0,12,1,14,0,2,37,0,0,0,0,0,0,0,0,0,0,0,0,0,0,0,0,0,0,0,0,4,24,1,0,108,242,0,569,20,0,1,0,3,0,0,0,0,0,0
2,2,0,0,0,77,0,0,0,0,0,0,1,0,0,2,0,0,1,0,0,3,0,0,0,0,0,0,0,0,0,0,0,3,0,4,0,0,0,123,0,0,1113,0,0,0,0,0,2,0,0,0,0,0,0,0,145,0,0,0,1,0,0,23,7,20,21,0,1,0,0,0,34,1,0,0,13,0,0,0,0,0,0,0,0,0,0,0,1,0,0,0,0,13,4,1,1,0,0,0,0,1,0,0,0,0,0,0,0,0,0,0,0,0,0,0,0,0,0,0,0,0,0,0,0,0,0,0,0,0,0,0,1,0,1,0,1,1,0,10,0,0,0,0,0,0,0,0,0,0,0,0,0,0,0,0,0,0,0,0,1,64,0,0,45,129,0,344,24,0,0,0,0,0,0,0,0,0,0
0,34,0,0,0,1,0,0,0,0,0,0,0,0,0,0,2,0,0,0,0,0,0,0,3,0,0,0,0,0,0,0,0,1,0,77,0,0,0,475,4,0,1043,0,30,0,0,0,28,1,0,0,0,0,0,0,422,0,0,0,2,0,0,69,20,21,29,0,0,0,0,0,356,5,0,0,29,0,0,0,0,0,0,0,0,0,0,2,9,0,0,0,0,396,53,13,27,0,0,0,0,0,0,0,0,0,2,0,0,0,0,0,0,0,0,0,0,0,0,0,0,0,0,0,0,0,0,0,1,0,0,0,2,0,5,0,0,2,0,19,0,0,0,0,0,0,0,0,0,0,0,0,0,0,0,0,0,8,0,0,3,118,0,0,56,78,0,622,44,0,0,0,0,1,0,0,0,0,0
0,11,0,0,0,0,0,0,0,0,0,0,0,0,0,0,0,0,2,0,0,0,0,0,5,0,0,0,0,0,0,0,0,0,0,3,0,0,0,145,3,0,777,0,5,0,1,0,9,0,0,0,0,0,0,0,521,2,0,0,3,0,0,106,11,6,47,0,0,0,0,0,495,9,0,0,4,0,0,0,0,0,0,0,0,0,0,0,1,0,0,0,0,2,1,1,1,0,0,0,0,0,0,0,0,0,0,0,0,0,0,0,0,0,0,0,0,0,0,0,0,0,0,0,0,0,0,0,0,0,0,0,1,0,0,0,1,6,0,23,0,0,0,0,0,0,0,0,0,0,0,0,0,0,0,0,0,3,0,0,23,36,0,0,60,71,0,372,20,0,0,0,0,0,0,0,0,0,0
0,0,0,0,0,1,0,0,0,0,0,0,5,0,0,1,0,0,1,0,0,1,0,0,5,0,0,0,0,0,0,0,0,0,0,15,0,0,0,114,0,0,338,0,2,0,0,0,10,0,0,0,0,0,0,0,221,14,0,0,1,0,0,14,4,9,26,0,0,78,0,0,510,3,0,0,9,0,0,0,0,0,0,0,0,0,0,0,0,0,1,0,0,13,4,4,6,0,0,0,0,0,0,0,0,0,0,0,0,0,0,0,0,0,0,0,0,0,0,0,0,0,0,0,0,0,0,0,1,0,0,0,1,0,0,2,0,9,0,61,0,0,0,0,0,0,1,0,0,0,0,0,0,0,0,0,0,3,0,0,17,39,1,0,52,133,0,255,33,0,0,0,0,0,0,0,0,0,0
0,5,0,0,0,0,0,0,0,0,0,0,1,0,0,0,1,0,0,0,0,1,0,0,2,0,0,0,0,0,0,0,0,0,0,5,0,0,0,160,1,0,509,0,3,0,0,0,58,1,0,0,0,0,0,0,205,0,0,0,5,0,0,40,12,6,45,0,2,0,0,0,680,4,0,0,11,0,0,0,0,0,0,0,0,0,0,0,2,0,0,0,0,24,5,2,3,0,0,0,0,1,0,0,0,0,0,0,0,0,0,0,0,0,0,0,0,0,0,0,0,0,0,0,0,0,0,0,0,0,0,0,1,0,0,0,0,0,0,4,0,2,0,0,0,1,0,0,0,0,0,0,0,0,0,0,0,5,0,0,13,31,3,0,53,61,3,276,37,0,0,0,0,0,0,1,0,0,0
1,1,0,0,0,27,0,0,0,0,0,0,0,0,0,1,0,0,2,0,0,0,0,0,8,0,0,0,0,0,0,0,0,0,0,2,0,0,0,248,3,0,570,0,2,0,6,1,11,0,0,0,0,0,0,0,801,0,0,0,13,0,0,9,3,42,80,0,0,1,4,0,114,18,0,0,14,0,0,0,0,0,0,0,0,0,0,0,0,0,0,0,0,86,15,6,12,0,0,0,0,0,0,0,0,0,1,0,0,0,0,0,0,0,0,0,0,0,0,0,0,0,1,3,0,0,0,0,1,0,0,1,2,0,1,5,0,0,0,15,0,0,0,0,0,1,0,0,0,0,0,0,0,0,0,0,0,86,0,0,13,83,6,0,46,82,0,387,52,0,0,0,0,1,0,0,0,0,0
0,2,0,0,0,0,0,0,0,0,0,0,0,0,0,0,0,0,0,0,0,2,0,0,1,0,0,0,0,0,0,0,0,0,0,12,0,0,0,141,2,0,911,0,5,0,0,3,2,0,0,0,0,0,0,0,384,1,0,0,6,0,0,82,5,10,45,0,0,0,0,0,388,1,0,0,6,0,0,0,0,0,0,0,0,0,0,0,0,0,0,0,0,7,2,0,2,0,0,0,0,0,0,0,0,0,0,0,0,0,0,0,0,0,0,0,0,0,0,0,0,0,0,0,0,0,0,0,0,0,0,0,1,0,1,0,0,0,1,13,0,0,0,0,0,0,0,0,0,0,0,0,0,0,0,0,0,12,0,0,7,23,0,0,43,84,0,312,29,0,0,0,0,0,0,0,0,0,0
0,3,0,0,0,2,0,0,0,0,0,0,2,0,0,0,0,0,0,0,0,0,0,0,1,0,0,0,0,0,0,0,0,0,0,6,0,0,0,192,0,0,582,0,1,1,0,0,1,0,0,0,0,0,0,0,125,0,0,0,0,0,0,17,22,3,30,0,22,1,1,0,91,4,0,0,0,0,0,0,0,0,0,0,0,0,0,0,1,0,0,0,0,6,4,3,16,0,0,0,0,7,0,0,0,0,5,0,0,0,0,0,0,0,0,0,0,0,0,0,0,0,0,0,0,0,0,1,0,0,0,0,1,0,0,0,0,0,1,6,0,0,0,0,0,0,0,0,0,0,0,0,0,0,0,0,0,11,0,0,18,10,4,0,96,78,0,562,32,0,0,0,0,0,0,0,0,0,0
1,1,0,0,0,0,0,0,0,0,0,0,0,0,0,0,0,1,1,0,0,1,0,0,1,0,0,0,0,0,0,0,0,1,0,3,0,0,0,111,2,0,621,0,1,0,0,0,0,0,0,0,0,0,0,0,42,1,0,0,1,0,0,18,22,29,19,0,86,4,0,0,11,1,0,0,0,0,0,0,0,0,0,0,0,0,0,0,2,0,0,0,0,6,8,2,6,0,0,0,0,1,0,0,0,0,4,0,0,0,0,0,0,0,0,0,0,0,0,0,0,0,0,0,0,0,0,0,0,0,0,0,1,0,3,0,0,0,0,0,0,0,0,0,0,0,0,0,0,0,0,0,1,0,0,0,0,3,0,0,3,39,1,0,93,67,0,349,34,0,0,0,0,0,0,0,0,0,0
0,0,0,0,0,0,0,0,0,0,0,0,2,0,0,3,1,0,1,0,0,0,0,0,1,0,0,0,0,0,0,0,0,0,0,0,0,0,0,266,1,0,60,0,33,1,0,0,1,0,0,0,0,0,0,0,491,2,0,0,1,0,0,23,8,9,8,0,4,0,0,0,381,0,0,0,26,0,0,0,0,0,0,0,0,0,0,0,0,0,2,0,0,1,0,0,4,0,0,0,0,0,0,0,0,0,111,0,0,0,0,0,0,0,0,0,0,0,0,0,0,0,0,0,0,0,0,0,0,0,0,11,2,0,9,0,0,0,0,0,0,0,0,0,0,1,0,0,0,0,0,0,0,0,0,0,0,21,0,0,77,31,2,0,25,80,0,503,3,0,1,0,0,0,0,0,0,0,0
0,4,0,0,0,0,0,0,0,0,0,1,10,0,0,2,0,0,0,0,0,0,0,0,0,0,0,0,0,0,0,0,0,0,0,0,0,0,0,102,0,0,100,0,18,0,0,0,14,4,0,0,0,0,0,0,98,0,0,0,1,0,0,12,1,0,7,0,0,0,0,0,26,1,0,0,127,0,0,0,0,0,0,0,0,0,0,1,9,0,0,0,0,87,27,7,19,0,0,0,0,4,0,0,0,0,11,0,0,2,0,0,0,0,0,0,0,0,0,0,0,0,0,0,0,0,0,0,2,0,0,6,0,0,1,0,1,1,0,5,0,0,0,0,0,0,0,0,0,0,0,0,0,0,0,0,0,1,0,0,95,27,1,0,79,60,2,1613,68,0,0,0,0,0,0,0,0,0,0
0,0,0,0,0,0,0,0,0,0,0,0,2,0,0,0,1,0,0,0,0,0,0,0,0,0,0,0,0,0,0,0,0,0,0,0,0,0,0,472,0,0,127,0,91,0,4,4,6,158,0,0,0,0,0,0,95,0,0,0,0,0,0,161,3,21,32,0,0,0,0,0,32,2,0,0,24,0,0,0,0,0,0,0,0,0,0,3,3,0,8,0,0,4,4,0,10,0,0,0,0,0,0,0,0,0,11,0,0,0,0,0,0,0,0,0,0,0,0,0,0,0,0,0,0,0,0,0,1,0,0,0,0,0,0,0,0,0,0,0,0,0,0,0,0,0,0,0,0,0,0,0,0,0,0,0,0,1,0,0,3,30,0,0,28,105,0,365,10,0,0,0,0,0,0,0,0,0,0
0,2,0,0,0,0,0,0,0,0,0,0,0,0,0,0,0,0,0,0,0,0,0,0,1,0,0,0,0,0,0,0,0,0,0,0,0,0,0,196,0,0,188,0,7,0,0,0,0,0,0,0,0,0,0,0,338,0,0,0,0,0,0,14,5,6,10,0,2,0,0,0,92,1,2,0,16,0,0,0,0,0,0,0,0,0,0,2,3,0,0,0,0,287,24,4,19,0,0,0,0,0,0,0,0,0,49,0,0,0,0,0,0,0,0,0,0,0,0,0,0,0,1,0,0,0,0,0,0,0,0,2,2,0,1,0,0,2,0,5,0,0,0,0,0,1,0,0,0,0,0,0,0,0,0,0,0,20,0,0,105,121,1,0,72,168,0,1516,20,0,0,0,0,0,0,0,0,0,0
0,1,0,0,0,0,0,0,0,0,0,0,0,0,0,1,0,0,1,0,0,1,0,0,0,0,0,0,0,0,0,0,0,0,0,0,0,0,0,200,0,0,893,0,1,0,0,0,2,0,0,0,0,0,0,0,116,0,0,0,0,0,0,71,20,27,29,0,83,0,0,0,4,8,0,0,4,0,0,0,0,0,0,0,0,0,0,0,0,0,0,0,0,2,3,1,1,0,0,0,0,1,0,0,0,0,1,0,0,0,0,0,0,0,0,0,0,0,0,0,0,0,0,0,0,0,0,0,0,0,0,2,0,0,1,0,0,2,0,4,0,1,0,0,0,0,0,0,0,0,0,0,0,0,0,0,0,4,0,0,24,134,3,0,111,186,1,613,26,0,0,0,0,0,0,0,0,0,0
0,2,0,0,0,0,0,0,0,0,0,0,0,0,0,0,0,0,0,0,0,0,0,0,2,0,0,0,0,0,0,0,0,0,0,2,0,0,0,158,4,1,485,0,3,0,0,0,0,0,0,0,0,0,0,0,254,0,0,0,4,0,0,36,21,16,26,0,0,0,0,0,178,3,0,0,2,0,0,0,0,0,0,0,0,0,0,0,3,0,0,0,0,12,10,0,9,0,0,0,0,0,0,0,0,0,0,0,0,0,0,0,0,0,0,0,0,0,0,0,0,0,0,0,0,0,0,0,0,0,0,0,1,0,0,0,0,1,1,10,0,0,0,0,0,1,0,0,0,0,0,0,0,0,0,0,0,2,0,0,14,30,0,0,47,32,0,207,17,0,0,0,0,0,0,0,0,0,0
0,0,0,0,0,0,0,0,0,0,0,0,0,0,0,0,1,0,0,0,0,0,0,1,0,0,0,0,0,0,0,0,0,0,0,0,0,0,0,86,2,0,539,0,0,0,1,0,0,0,0,0,0,0,0,0,86,0,0,0,1,0,0,28,114,14,73,0,0,0,0,0,250,12,0,0,2,0,0,0,0,0,0,0,0,0,0,0,0,0,4,0,0,2,0,1,1,0,0,0,0,0,0,0,0,0,0,0,0,0,0,0,0,0,0,0,0,0,0,0,0,0,0,0,0,0,0,0,0,0,0,0,1,0,0,0,0,0,0,0,0,0,0,0,0,0,0,0,0,0,0,0,0,0,0,0,0,24,0,1,4,33,1,0,49,120,0,513,34,0,0,0,0,0,0,0,0,0,0
0,0,0,0,0,0,0,0,0,0,0,0,0,0,0,0,0,0,0,0,0,2,0,0,0,0,0,0,0,0,0,0,0,1,0,0,0,0,0,325,0,0,476,0,3,0,0,0,1,0,0,0,0,0,0,0,161,0,0,0,0,0,0,110,20,18,27,0,1,0,0,0,4,0,0,0,7,0,0,0,0,0,0,0,0,0,0,0,1,0,1,0,0,2,1,0,5,0,0,0,0,0,0,0,0,0,0,0,0,0,0,0,0,0,0,0,0,0,0,0,0,0,0,0,0,0,0,0,0,0,0,0,0,0,0,0,0,0,0,0,0,0,0,0,0,0,0,0,0,0,0,0,0,0,0,0,0,3,0,0,1,12,0,0,40,34,0,213,13,0,0,0,0,0,0,0,0,0,0
0,0,0,0,0,0,0,0,0,0,0,0,1,0,0,2,0,0,1,0,0,1,0,0,1,0,0,0,0,0,0,0,0,0,0,1,0,0,0,280,1,0,622,0,2,0,5,0,28,2,0,0,0,0,0,0,348,0,0,0,1,0,0,49,42,20,33,0,39,1,0,0,19,6,0,0,4,0,0,0,0,0,0,0,0,0,0,0,0,0,0,0,0,3,8,5,12,0,0,0,0,1,0,0,0,0,3,0,0,0,0,0,0,0,0,0,0,0,0,0,0,0,0,0,0,0,0,0,0,0,0,1,0,0,0,0,0,1,0,1,0,0,0,0,0,0,0,0,0,0,0,0,0,0,0,0,0,1,0,0,23,34,1,0,52,56,0,355,24,0,0,0,1,0,0,0,0,0,0
0,0,0,0,0,0,0,0,0,0,0,0,1,0,0,1,0,0,1,0,0,1,0,0,3,0,0,0,0,0,0,0,0,0,0,0,0,0,0,150,0,0,177,0,7,0,0,0,2,1,0,0,0,0,0,0,470,3,0,0,2,0,0,0,20,6,35,0,7,0,0,0,534,3,0,0,4,0,0,0,0,0,0,0,0,0,0,0,0,0,0,0,0,19,5,2,23,0,0,0,0,0,0,0,0,0,2,0,0,0,0,0,0,0,0,0,0,0,0,0,0,0,0,0,0,0,0,0,0,0,0,2,0,0,0,0,0,0,0,5,1,0,0,0,0,2,0,0,0,0,0,0,0,0,0,0,0,5,0,0,7,56,4,0,27,11,0,796,67,0,0,0,0,0,0,0,0,0,0
0,1,0,0,0,0,0,0,0,0,0,0,0,0,0,0,1,0,0,0,0,1,0,0,5,0,0,0,0,0,0,0,0,0,0,0,0,0,0,46,1,0,215,0,0,0,2,1,9,2,0,0,0,0,0,0,332,1,1,0,11,0,0,83,31,3,61,0,1,0,0,0,50,83,0,0,18,0,0,0,0,0,0,0,0,0,0,1,2,0,0,0,0,11,4,0,1,0,0,0,0,0,0,0,0,0,0,0,0,0,0,0,0,0,0,0,0,0,0,0,0,0,0,0,0,0,0,0,0,0,0,1,1,0,0,0,0,0,0,0,0,0,0,0,0,1,0,0,0,0,0,0,0,0,0,0,0,4,0,0,12,54,0,0,93,510,1,1885,47,0,0,0,0,0,0,0,0,0,0
0,0,0,0,0,0,0,0,0,0,0,0,0,0,0,0,0,0,0,0,0,6,0,0,0,0,0,0,0,0,0,0,0,0,0,0,0,0,0,359,45,0,17,0,9,0,3,7,5,122,0,0,0,0,0,0,20,0,0,0,0,0,0,290,2,15,14,0,0,0,0,0,0,13,0,0,3,0,0,0,0,0,0,0,0,0,0,1,1,0,2,0,0,1,0,0,0,0,0,0,0,0,0,0,0,0,15,0,0,0,0,0,0,0,0,0,0,0,0,0,0,0,0,0,0,0,0,0,0,0,0,2,0,0,2,0,0,0,0,0,0,0,0,0,0,0,0,0,0,0,0,0,0,0,0,0,0,0,0,0,3,10,0,0,40,33,0,188,19,0,0,0,0,0,0,0,0,0,0
0,0,0,0,0,0,0,0,0,0,0,0,0,0,0,0,0,0,0,0,0,35,0,0,1,0,0,0,0,0,0,0,0,0,0,0,0,0,0,478,19,0,29,0,3,0,0,0,0,0,0,0,0,0,0,0,105,2,0,0,0,0,0,33,5,6,34,0,0,0,0,0,6,91,0,0,15,0,0,0,0,0,0,0,0,0,0,1,0,0,0,0,0,0,0,0,0,0,0,0,0,0,0,0,0,0,1,0,0,0,0,0,0,0,0,0,0,0,0,0,0,0,0,0,0,0,0,0,1,0,0,3,1,0,2,0,0,0,0,0,0,0,0,0,0,0,0,0,0,0,0,0,0,0,0,0,0,0,0,0,3,19,1,0,48,21,0,201,33,0,0,0,2,0,0,0,0,0,0
0,0,0,0,0,0,0,0,0,0,0,2,0,0,0,0,0,0,0,0,0,0,0,0,0,0,0,0,0,0,0,0,0,0,0,0,0,0,0,276,2,0,36,0,10,0,0,0,0,0,0,0,0,0,0,0,25,1,0,0,0,0,0,6,8,1,13,0,0,0,0,0,138,0,0,0,2,0,0,0,0,0,0,0,0,0,0,0,3,0,0,0,0,0,21,11,40,0,0,0,0,9,0,0,0,0,2,0,0,0,0,0,0,0,0,0,0,0,0,0,0,0,0,0,0,0,0,0,1,0,0,0,0,0,8,0,0,0,0,1,0,0,0,0,0,1,1,0,0,0,0,0,0,0,0,0,0,0,0,0,5,16,1,0,48,34,2,924,23,0,0,0,0,0,0,0,0,0,0
0,0,0,0,0,0,0,0,0,0,0,2,3,0,0,0,0,0,0,0,0,0,0,0,0,0,0,0,0,0,0,0,0,0,0,0,0,0,0,162,16,0,83,0,6,0,0,0,0,1,0,0,0,0,0,0,65,0,0,0,1,0,0,7,3,1,10,0,8,4,0,0,37,1,0,0,40,0,0,0,0,0,0,0,0,0,0,6,11,0,0,0,0,9,14,5,8,0,0,0,0,1,0,0,0,0,1,0,0,0,0,0,0,0,0,0,0,0,0,0,0,0,0,0,0,0,0,0,0,0,0,0,0,0,2,0,0,0,0,2,0,0,0,0,0,0,0,0,0,0,0,0,0,0,0,0,0,0,0,0,11,21,1,0,56,103,0,1569,16,0,0,0,0,0,0,0,0,0,0
0,0,0,0,0,0,0,0,0,0,0,0,6,0,0,2,0,0,1,0,0,0,0,0,1,0,0,0,0,0,0,0,0,0,0,0,0,0,0,348,3,0,586,0,13,0,1,0,4,0,0,0,1,0,0,0,77,1,0,0,6,0,0,67,7,8,51,0,6,1,0,0,77,12,0,0,27,0,0,0,0,0,0,0,0,0,0,9,9,0,0,0,0,1,3,2,24,0,0,0,0,0,0,0,0,0,3,0,0,0,0,0,0,0,0,0,0,0,0,0,0,0,0,0,0,0,0,0,0,0,0,9,0,0,5,0,0,0,0,1,0,0,0,0,0,0,0,0,0,0,0,0,0,0,0,0,0,0,0,0,34,94,2,0,226,132,1,3039,298,0,0,0,0,0,0,0,0,0,0
0,1,0,0,0,0,0,0,0,0,0,0,7,0,0,1,0,0,0,0,0,0,0,0,0,0,0,0,0,0,0,0,0,0,0,0,0,0,0,127,11,0,344,0,4,0,0,0,0,0,0,0,0,0,0,0,82,0,0,0,0,0,0,31,5,0,114,0,2,2,0,0,28,1,0,0,7,0,0,0,0,0,0,0,0,0,0,3,4,0,0,0,0,13,5,0,20,0,0,0,0,0,0,0,0,0,0,0,0,0,0,0,0,0,0,0,0,0,0,0,0,0,0,0,0,0,0,0,0,0,0,0,0,0,1,0,0,0,0,0,0,0,0,0,0,0,0,0,0,0,0,0,0,0,0,0,0,3,0,0,5,38,0,0,149,39,0,892,159,0,0,0,1,0,0,0,0,0,0
0,0,0,0,0,0,0,0,0,0,0,0,1,0,0,2,0,0,0,0,0,2,0,0,1,0,0,0,0,0,0,0,0,0,0,0,0,0,0,301,10,0,245,0,6,0,3,0,4,0,0,0,0,0,0,0,107,0,0,0,14,0,0,80,4,3,8,0,4,0,0,0,16,1,0,0,35,0,0,0,0,0,0,0,0,0,0,3,1,0,0,0,0,2,4,1,1,0,0,0,0,0,0,0,0,0,0,0,0,0,0,0,0,0,0,0,0,0,0,0,0,1,0,0,0,0,0,0,0,0,0,5,0,0,2,1,0,0,0,0,0,0,0,0,0,0,0,0,0,0,0,0,0,0,0,0,0,1,0,0,12,20,1,0,26,86,0,374,28,0,0,0,0,0,0,0,0,0,0
1,1,0,1,0,0,0,0,0,0,0,0,0,0,0,0,0,0,0,0,0,0,0,0,7,0,0,0,0,0,0,0,0,0,0,0,0,0,0,165,6,0,207,0,6,0,21,0,2,1,0,0,0,0,0,0,333,0,0,0,8,0,0,80,51,3,60,0,0,0,0,0,26,25,0,0,7,0,0,0,0,0,0,0,0,0,0,1,4,0,0,1,0,2,4,0,5,0,0,0,0,0,0,0,0,0,1,0,0,0,0,0,0,0,0,0,0,0,0,0,0,0,0,0,1,0,0,0,0,0,0,13,0,0,2,0,0,0,0,0,0,0,0,0,0,0,0,0,0,0,0,0,0,0,0,0,0,1,0,0,2,21,1,0,44,121,1,478,35,0,0,0,0,0,0,0,0,0,0
0,4,0,0,0,0,0,0,0,0,0,0,3,0,0,0,1,0,1,2,0,0,0,0,0,0,0,0,0,0,0,0,0,0,0,0,0,0,0,378,2,0,128,0,35,0,39,5,35,0,0,0,0,0,0,1,434,1,0,0,30,0,0,83,17,10,48,0,1,0,15,0,88,13,0,0,10,0,0,0,0,0,0,0,0,0,0,2,2,0,0,0,0,0,4,1,5,0,0,0,0,0,0,0,0,0,1,0,0,0,0,0,0,0,0,0,0,0,0,0,0,0,0,0,0,0,0,1,0,0,0,38,1,0,2,0,0,0,0,0,0,0,0,0,0,0,0,0,0,0,0,0,0,0,0,0,0,2,0,0,11,45,0,0,26,79,0,499,52,0,0,0,0,0,0,0,0,0,0
0,1,0,0,0,0,0,0,0,0,0,0,0,0,0,0,0,0,1,0,0,0,0,0,1,0,0,0,0,0,0,0,0,0,0,0,0,0,0,267,8,0,332,0,8,1,5,2,15,1,0,0,0,0,0,0,197,0,0,0,9,0,0,41,24,12,24,0,0,0,0,0,2,10,0,0,10,0,0,0,0,0,0,0,0,0,0,0,3,0,0,0,0,0,2,0,1,0,0,0,0,0,0,0,0,0,2,0,0,0,0,0,0,0,0,0,0,0,0,0,0,0,0,0,1,0,0,0,0,0,0,17,0,0,0,0,0,0,0,0,0,1,0,0,0,1,0,0,0,0,0,0,0,0,0,0,0,3,0,0,3,14,0,0,22,30,0,130,9,0,0,0,0,0,0,0,0,0,0
0,55,0,0,0,0,0,0,0,0,0,0,0,0,0,1,0,0,0,0,0,0,0,1,5,0,0,0,0,0,0,0,0,0,0,0,0,0,0,148,4,0,191,0,5,0,0,0,18,0,0,0,0,0,0,0,104,0,0,0,15,0,0,66,5,9,14,0,0,0,0,0,31,3,0,0,21,0,0,0,0,0,0,0,0,0,0,3,3,0,0,0,0,15,19,1,17,0,0,0,0,0,0,0,0,0,0,0,0,0,0,0,0,0,0,0,0,0,0,0,0,0,0,0,0,0,0,1,0,0,0,5,8,0,0,0,0,0,0,0,0,2,0,0,0,0,0,0,0,0,0,0,0,0,0,0,0,5,0,0,25,28,0,0,44,34,0,551,18,0,0,0,0,0,0,0,0,0,0
0,56,0,0,0,0,0,0,0,0,0,0,11,0,0,1,0,0,0,0,0,0,0,0,1,0,0,0,0,0,0,0,0,0,0,1,0,0,0,226,3,0,280,0,4,0,1,0,9,0,0,0,0,0,0,0,72,0,0,0,4,0,0,104,5,3,26,0,3,2,0,0,16,1,0,0,25,0,0,0,0,0,0,0,0,0,0,0,3,0,0,0,0,5,26,4,45,0,0,0,0,0,0,0,0,0,1,0,0,0,0,0,0,0,0,0,0,0,0,0,0,0,0,0,0,0,0,0,0,0,0,15,1,0,1,0,0,1,0,3,0,4,0,0,0,0,0,0,0,0,0,0,0,0,0,0,0,3,0,0,58,21,1,0,41,28,0,582,17,0,0,0,0,0,0,0,0,0,0
3,48,0,0,0,0,0,0,0,0,0,0,2,0,0,0,0,0,0,0,0,0,0,0,1,0,0,0,0,0,0,0,0,0,0,0,0,0,0,101,1,0,137,0,0,0,3,0,0,0,0,0,0,0,0,0,142,2,0,0,6,0,0,175,4,7,6,0,7,0,0,0,1,1,0,0,46,0,0,0,0,0,0,0,0,0,0,5,4,0,1,0,0,1,3,2,7,0,0,0,0,0,0,0,0,0,0,0,0,0,0,0,0,0,0,0,0,0,0,0,0,0,0,0,0,0,0,0,0,0,0,3,1,0,1,0,0,0,0,2,0,12,0,0,0,3,0,0,0,0,0,0,0,0,0,0,0,22,0,0,68,25,1,0,18,51,0,326,16,0,0,0,1,0,0,0,0,0,0
7,135,0,0,0,0,0,0,0,0,0,0,7,0,0,1,0,0,0,0,0,0,0,0,1,0,0,0,0,0,0,0,0,0,0,0,0,0,0,161,2,0,144,0,0,1,0,0,1,0,0,0,0,0,0,0,168,1,0,0,7,0,0,27,2,2,18,0,10,1,1,0,22,2,0,0,50,0,0,0,0,0,0,0,0,0,0,3,6,0,0,0,0,2,1,8,15,0,0,0,0,0,0,0,0,0,2,0,0,0,0,0,0,0,0,0,0,0,0,0,0,0,0,0,0,0,0,0,0,0,0,67,11,0,1,0,0,0,0,4,0,22,0,0,0,1,0,0,0,0,0,0,0,0,0,0,0,10,0,0,60,43,2,0,21,34,0,340,27,0,0,0,0,0,0,1,0,0,0
2,333,0,0,0,0,0,0,0,0,0,0,2,0,0,4,0,0,0,0,0,0,0,0,0,0,0,0,0,0,0,0,0,0,0,0,0,0,0,119,1,0,78,0,0,0,7,0,3,0,0,0,0,0,0,0,185,0,0,0,2,0,0,81,1,8,4,0,13,0,1,0,7,0,0,0,40,0,0,0,0,0,0,0,0,0,0,7,12,0,0,0,0,0,8,5,16,0,0,0,0,0,0,0,0,0,1,0,0,0,0,0,0,0,0,0,0,0,0,0,0,0,0,0,0,0,0,0,0,0,0,29,4,0,2,0,0,0,0,16,0,82,0,0,0,0,0,0,0,0,0,0,0,0,0,0,0,20,0,0,43,43,1,0,24,27,0,151,22,0,0,0,3,0,0,0,0,0,0
2,107,0,0,0,2,0,0,0,0,0,0,33,0,0,2,3,0,4,0,0,1,0,0,3,0,0,0,0,0,0,0,0,0,0,0,0,0,0,296,2,0,220,0,1,0,1,0,1,0,0,0,0,0,0,0,243,1,1,0,10,0,0,29,1,11,23,0,13,1,2,0,64,3,0,0,23,0,0,0,0,0,0,0,0,0,0,2,1,0,0,0,0,11,44,12,40,0,0,0,0,0,0,0,0,0,2,0,0,0,0,0,0,0,0,0,0,0,0,0,0,0,0,0,0,0,0,1,0,0,0,102,2,0,5,0,0,0,0,36,0,560,0,0,0,0,0,0,0,0,0,0,0,0,0,0,0,96,0,0,120,244,7,0,73,246,1,2546,51,0,0,0,1,0,0,0,0,3,0
0,0,0,0,0,0,0,0,0,0,0,0,0,0,0,0,0,0,0,0,0,4,0,0,0,0,0,0,0,0,0,0,0,0,0,0,0,0,0,182,6,0,210,0,3,0,5,0,0,1,0,0,0,0,0,0,723,1,1,0,25,0,0,16,8,7,7,0,2,0,0,0,18,2,0,0,12,0,0,0,0,0,0,0,0,0,0,1,0,0,0,0,0,2,10,4,9,0,0,0,0,0,0,0,0,0,0,0,0,0,0,0,0,0,0,0,0,0,0,0,0,0,0,0,0,0,0,0,0,0,0,97,0,0,1,0,0,0,0,1,0,59,0,0,0,1,0,0,0,0,0,0,0,0,0,0,0,82,0,0,14,15,1,0,52,30,0,197,7,0,0,0,0,0,0,0,0,0,0
0,4,0,0,0,0,0,0,0,0,0,0,1,0,0,0,0,0,0,0,0,2,0,0,0,0,0,0,0,0,0,0,0,0,0,0,0,0,0,436,44,0,514,0,2,0,2,0,6,0,0,0,0,0,0,0,471,0,0,0,3,0,0,55,4,13,23,0,0,1,0,0,111,2,0,0,4,0,0,0,0,0,0,0,0,0,0,0,1,0,0,0,0,40,33,35,80,0,0,0,0,0,0,0,0,0,0,0,0,0,0,0,0,0,0,0,0,0,0,0,0,0,0,0,0,0,0,0,0,0,0,2,0,0,0,0,1,0,0,0,0,22,0,0,0,0,0,0,0,0,0,0,0,0,0,0,0,60,0,0,2,70,1,0,46,85,0,484,18,0,0,0,0,0,0,0,0,0,0
0,0,0,0,0,0,0,0,0,0,0,1,0,0,0,0,0,0,1,0,0,0,0,0,0,0,0,0,0,0,0,0,0,0,0,0,0,0,0,324,29,0,778,0,6,0,1,0,5,0,0,0,0,0,0,0,173,0,0,0,3,0,0,38,12,10,32,0,1,1,0,0,44,0,0,0,3,0,0,0,0,0,0,0,0,0,0,0,5,0,0,0,0,31,61,62,135,0,0,0,0,0,0,0,0,0,1,0,0,0,0,0,0,0,0,0,0,0,0,0,0,0,0,0,0,0,0,0,2,0,0,2,0,0,2,0,2,0,0,0,0,14,0,0,0,0,0,0,0,0,0,0,0,0,0,0,0,55,0,0,2,62,1,0,55,121,1,468,18,0,0,0,0,0,0,0,0,0,0
0,2,0,0,0,0,0,0,0,0,0,0,0,0,0,0,0,0,0,0,0,4,0,0,14,0,0,0,0,0,0,0,0,0,0,0,0,0,0,114,3,0,547,0,1,0,0,1,2,0,0,0,0,0,1,0,636,0,0,0,2,0,0,18,27,2,35,0,0,0,0,0,131,4,0,0,0,0,0,0,0,0,0,0,0,0,0,0,0,0,0,0,0,2,8,1,6,0,0,0,0,0,0,0,0,0,1,0,0,0,0,0,0,0,0,0,0,0,0,0,0,0,0,0,0,0,0,0,0,0,0,0,0,0,0,0,0,0,0,0,0,1,0,0,0,0,0,0,0,0,0,0,0,0,0,0,0,3,0,0,1,34,0,0,90,45,0,729,16,0,0,0,0,0,0,0,0,0,0
0,3,0,0,0,1,0,0,0,0,0,0,0,0,1,0,0,0,0,0,0,13,0,0,1,0,0,0,0,0,0,0,0,0,0,0,0,0,0,141,1,0,327,0,0,0,29,1,27,2,0,0,0,0,0,0,769,0,1,0,4,0,0,98,22,14,24,0,0,0,26,0,27,6,0,0,21,0,0,0,0,0,0,0,0,0,0,1,4,0,0,0,0,8,100,8,56,0,0,0,0,0,0,0,0,0,0,0,0,0,0,0,0,0,0,0,0,0,0,0,0,0,0,0,0,0,0,0,0,0,0,1,0,0,1,2,0,0,0,2,0,0,0,0,0,0,0,0,0,0,0,0,0,0,0,0,0,235,0,0,2,137,4,0,76,175,0,1182,34,0,0,0,0,0,0,0,0,0,0
