0,0,0,0,0,0,0,0,0,0,0,0,0,0,0,0,0,0,0,0,0,0,0,0,0,0,0,0,0,0,0,0,0,0,0,0,0,0,0,0,0,0,0,0,0,0,0,0,0,0,0,0,0,0,0,0,0,0,0,0,0,0,0,0,0,0,0,0,0,0,0,0,0,0,0,0,0,0,0,0,0,0,0,0,0,0,0,0,0,0,0,0,0,0,0,0,0,0,0,0,0,0,0,0,0,0,0,0,0,0,0,0,0,0,0,0,0,0,0,0,0,0,0,0,0,0,0,0,0,0,0,0,0,0,0,0,0,0,0,0,0,0,0,0,0,0,0,0,0,0,0,0,0,0,0,0,0,0,0,0,0,0,0,0,0
0,0,0,0,0,0,0,0,0,0,0,0,0,1,0,0,1,0,1,0,0,0,1,0,0,0,0,0,0,0,0,0,0,0,2,0,0,0,0,0,0,5,0,0,0,3,35,0,3,11,0,0,0,0,0,0,0,0,1,0,0,5,0,2,1,0,4,0,0,0,0,0,0,0,0,0,2,0,0,0,0,0,0,0,0,1,0,0,0,0,50,0,0,4,0,2,0,0,0,1,0,0,0,0,0,0,0,0,0,0,0,0,1,0,0,0,0,0,0,0,2,6,1,0,0,0,1,0,0,0,1,0,0,0,0,0,0,0,0,5,0,0,0,0,0,1,0,1,0,11,8,52,317,409,364,29,0,0,0,0,0,0,0,0,0
0,0,0,0,0,0,0,0,0,0,0,0,0,0,0,0,0,0,0,0,0,0,0,0,0,0,0,0,0,0,0,0,0,0,0,0,0,0,0,0,0,0,0,0,0,0,0,0,0,0,0,0,0,0,0,0,0,0,0,0,0,0,0,0,0,0,0,0,0,0,0,0,0,0,0,0,0,0,0,0,0,0,0,0,0,0,0,0,0,0,0,0,0,0,0,0,0,0,0,0,0,0,0,0,0,0,0,0,0,0,0,0,0,0,0,0,0,0,0,0,0,0,0,0,0,0,0,0,0,0,0,0,0,0,0,0,0,0,0,0,0,0,0,0,0,0,0,0,0,0,0,0,0,0,0,0,0,0,0,0,0,0,0,0,0
0,0,0,0,0,0,0,0,0,0,0,0,0,0,0,0,0,0,0,0,0,0,0,0,0,0,0,0,0,0,0,0,0,0,0,0,0,0,0,0,0,0,0,0,0,0,0,0,0,0,0,0,0,0,0,0,0,0,0,0,0,0,0,0,0,0,0,0,0,0,0,0,0,0,0,0,0,0,0,0,0,0,0,0,0,0,0,0,0,0,0,0,0,0,0,0,0,0,0,0,0,0,0,0,0,0,0,0,0,0,0,0,0,0,0,0,0,0,0,0,0,0,0,0,0,0,0,0,0,0,0,0,0,0,0,0,0,0,0,0,0,0,0,0,0,0,0,0,0,0,0,0,0,0,0,0,0,0,0,0,0,0,0,0,0
0,0,0,0,0,0,0,0,0,0,0,0,0,0,0,0,0,0,0,0,0,0,0,0,0,0,0,0,0,0,0,0,0,0,0,0,0,0,0,0,0,0,0,0,0,0,0,0,0,0,0,0,0,0,0,0,0,0,0,0,0,0,0,0,0,0,0,0,0,0,0,0,0,0,0,0,0,0,0,0,0,0,0,0,0,0,0,0,0,0,0,0,0,0,0,0,0,0,0,0,0,0,0,0,0,0,0,0,0,0,0,0,0,0,0,0,0,0,0,0,0,0,0,0,0,0,0,0,0,0,0,0,0,0,0,0,0,0,0,0,0,0,0,0,0,0,0,0,0,0,0,0,0,0,0,0,0,0,0,0,0,0,0,0,0
0,0,0,0,0,0,0,0,0,0,0,0,0,0,0,0,0,0,0,0,0,0,0,0,0,0,0,0,0,0,0,0,0,0,0,0,0,0,0,0,0,0,0,0,0,0,0,0,0,0,0,0,0,0,0,0,0,0,0,0,0,0,0,0,0,0,0,0,0,0,0,0,0,0,0,0,0,0,0,0,0,0,0,0,0,0,0,0,0,0,0,0,0,0,0,0,0,0,0,0,0,0,0,0,0,0,0,0,0,0,0,0,0,0,0,0,0,0,0,0,0,0,0,0,0,0,0,0,0,0,0,0,0,0,0,0,0,0,0,0,0,0,0,0,0,0,0,0,0,0,0,0,0,0,0,0,0,0,0,0,0,0,0,0,0
0,0,0,0,0,0,0,0,0,0,0,0,0,0,0,0,0,0,0,0,0,0,0,0,0,0,0,0,0,0,0,0,0,0,0,0,0,0,0,0,0,0,0,0,0,0,0,0,0,0,0,0,0,0,0,0,0,0,0,0,0,0,0,0,0,0,0,0,0,0,0,0,0,0,0,0,0,0,0,0,0,0,0,0,0,0,0,0,0,0,0,0,0,0,0,0,0,0,0,0,0,0,0,0,0,0,0,0,0,0,0,0,0,0,0,0,0,0,0,0,0,0,0,0,0,0,0,0,0,0,0,0,0,0,0,0,0,0,0,0,0,0,0,0,0,0,0,0,0,0,0,0,0,0,0,0,0,0,0,0,0,0,0,0,0
0,0,0,0,0,0,0,0,0,0,0,0,0,0,0,0,0,0,0,0,0,0,0,0,0,0,0,0,0,0,0,0,0,0,0,0,0,0,0,0,0,0,0,0,0,0,0,0,0,0,0,0,0,0,0,0,0,0,0,0,0,0,0,0,0,0,0,0,0,0,0,0,0,0,0,0,0,0,0,0,0,0,0,0,0,0,0,0,0,0,0,0,0,0,0,0,0,0,0,0,0,0,0,0,0,0,0,0,0,0,0,0,0,0,0,0,0,0,0,0,0,0,0,0,0,0,0,0,0,0,0,0,0,0,0,0,0,0,0,0,0,0,0,0,0,0,0,0,0,0,0,0,0,0,0,0,0,0,0,0,0,0,0,0,0
0,0,0,0,0,0,0,0,0,0,0,0,0,0,0,0,0,0,0,0,0,0,0,0,0,0,0,0,0,0,0,0,0,0,0,0,0,0,0,0,0,0,0,0,0,0,0,0,0,0,0,0,0,0,0,0,0,0,0,0,0,0,0,0,0,0,0,0,0,0,0,0,0,0,0,0,0,0,0,0,0,0,0,0,0,0,0,0,0,0,0,0,0,0,0,0,0,0,0,0,0,0,0,0,0,0,0,0,0,0,0,0,0,0,0,0,0,0,0,0,0,0,0,0,0,0,0,0,0,0,0,0,0,0,0,0,0,0,0,0,0,0,0,0,0,0,0,0,0,0,0,0,0,0,0,0,0,0,0,0,0,0,0,0,0
0,0,0,0,0,0,0,0,0,0,0,0,0,0,0,0,0,0,0,0,0,0,0,0,0,0,0,0,0,0,0,0,0,0,0,0,0,0,0,0,0,0,0,0,0,0,0,0,0,0,0,0,0,0,0,0,0,0,0,0,0,0,0,0,0,0,0,0,0,0,0,0,0,0,0,0,0,0,0,0,0,0,0,0,0,0,0,0,0,0,0,0,0,0,0,0,0,0,0,0,0,0,0,0,0,0,0,0,0,0,0,0,0,0,0,0,0,0,0,0,0,0,0,0,0,0,0,0,0,0,0,0,0,0,0,0,0,0,0,0,0,0,0,0,0,0,0,0,0,0,0,0,0,0,0,0,0,0,0,0,0,0,0,0,0
0,0,0,0,0,0,0,0,0,0,0,0,0,0,0,0,0,0,0,0,0,0,0,0,0,0,0,0,0,0,0,0,0,0,0,0,0,0,0,0,0,0,0,0,0,0,0,0,0,0,0,0,0,0,0,0,0,0,0,0,0,0,0,0,0,0,0,0,0,0,0,0,0,0,0,0,0,0,0,0,0,0,0,0,0,0,0,0,0,0,0,0,0,0,0,0,0,0,0,0,0,0,0,0,0,0,0,0,0,0,0,0,0,0,0,0,0,0,0,0,0,0,0,0,0,0,0,0,0,0,0,0,0,0,0,0,0,0,0,0,0,0,0,0,0,0,0,0,0,0,0,0,0,0,0,0,0,0,0,0,0,0,0,0,0
15,0,44,0,0,0,0,0,0,0,0,0,0,0,0,1,0,0,1,0,0,0,0,0,0,0,0,0,0,0,0,0,0,0,1,0,0,0,0,0,0,10,0,0,4,26,1,2,0,17,15,7,0,0,0,0,0,0,0,0,0,0,0,6,0,0,0,0,0,0,0,3,0,0,0,0,0,0,5,1,0,0,0,0,0,0,0,0,0,0,0,0,0,0,0,1,0,0,0,0,0,0,0,0,1,0,1,0,0,0,0,0,0,0,0,0,0,3,0,0,0,0,0,0,0,0,0,17,0,0,0,0,0,0,6,0,0,0,0,6,0,0,0,0,0,0,0,2,8,14,10,11,90,28,575,44,0,2,0,0,0,0,2,0,0
0,0,0,0,0,0,0,0,0,0,0,0,0,0,0,0,0,0,0,0,0,0,0,0,0,0,0,0,0,0,0,0,0,0,0,0,0,0,0,0,0,0,0,0,0,0,0,0,0,0,0,0,0,0,0,0,0,0,0,0,0,0,0,0,0,0,0,0,0,0,0,0,0,0,0,0,0,0,0,0,0,0,0,0,0,0,0,0,0,0,0,0,0,0,0,0,0,0,0,0,0,0,0,0,0,0,0,0,0,0,0,0,0,0,0,0,0,0,0,0,0,0,0,0,0,0,0,0,0,0,0,0,0,0,0,0,0,0,0,0,0,0,0,0,0,0,0,0,0,0,0,0,0,0,0,0,0,0,0,0,0,0,0,0,0
22,0,26,0,0,0,0,0,0,0,0,0,1,0,0,1,0,0,0,0,1,0,0,0,0,0,0,0,0,0,0,0,0,0,11,0,0,0,0,0,0,18,0,0,9,44,0,0,0,46,17,38,0,0,0,0,0,0,0,0,0,0,0,4,0,0,8,0,0,0,0,4,0,0,0,0,7,0,5,0,0,3,0,1,0,0,0,0,0,0,6,0,0,0,0,0,0,1,1,0,0,0,0,0,1,0,0,0,0,0,0,0,0,0,0,0,1,18,0,0,0,0,3,0,0,0,0,0,0,0,0,0,0,0,0,0,0,0,0,0,1,0,0,0,0,2,0,0,2,8,3,8,93,4,221,34,0,5,0,0,0,0,0,0,1
2,0,5,0,0,0,0,0,0,0,0,0,1,0,0,5,0,0,1,0,0,0,0,0,0,0,0,0,0,0,0,0,0,0,0,0,0,0,0,0,0,2,0,0,21,24,6,0,5,25,6,0,0,1,0,0,0,0,0,1,0,0,0,0,2,1,6,0,0,0,0,2,0,0,0,0,2,0,56,2,5,2,1,0,1,0,0,3,2,0,3,0,0,0,0,3,0,2,0,0,0,0,1,1,1,0,0,0,0,0,0,0,0,0,1,0,0,9,0,0,0,0,2,0,0,0,0,0,0,0,0,0,0,0,0,0,2,0,0,0,0,1,0,0,0,0,0,0,1,8,2,7,7,5,145,27,0,19,0,0,0,0,1,0,0
17,0,23,0,0,0,0,0,0,1,2,0,0,0,0,0,0,0,3,0,0,0,0,0,1,0,0,0,0,0,0,0,3,0,26,0,0,0,0,0,0,5,0,0,113,15,5,0,14,13,7,39,0,0,0,0,0,0,0,0,0,4,2,2,5,1,9,0,0,0,0,2,0,0,0,0,8,0,43,1,4,0,1,0,0,0,0,0,19,0,1,0,0,0,0,3,0,0,1,0,0,0,0,0,1,1,1,3,0,0,0,0,0,0,0,1,1,23,0,0,0,3,1,0,0,2,0,0,0,0,0,0,0,0,0,0,0,0,0,0,0,0,0,0,0,1,0,0,2,21,1,10,107,24,313,40,0,12,1,0,0,0,0,0,0
9,0,38,1,0,0,0,0,0,0,2,0,0,0,0,0,0,0,3,0,0,0,0,0,1,0,0,0,0,0,1,0,1,0,3,0,0,0,0,0,0,0,0,0,22,3,5,0,0,0,4,4,0,0,0,0,0,0,0,0,0,1,0,0,1,0,2,0,0,0,0,0,0,0,0,0,1,0,23,0,0,0,3,0,0,1,0,0,0,0,18,0,0,2,0,0,0,0,1,0,0,1,1,0,2,0,5,4,0,1,0,0,0,1,5,1,6,17,0,0,4,0,5,0,0,2,0,1,0,0,1,0,1,0,0,0,0,0,0,0,0,0,0,0,0,0,0,0,1,19,4,13,41,4,216,26,0,3,0,0,0,0,0,0,0
8,0,14,0,0,0,0,0,0,0,0,0,1,0,0,20,0,0,1,0,0,0,0,0,0,0,0,0,0,0,0,0,0,0,7,0,0,0,0,0,0,3,0,0,25,6,15,0,4,30,13,6,0,0,0,0,0,0,0,1,0,0,0,0,0,2,0,0,0,0,0,5,0,0,0,0,2,0,14,0,0,0,1,0,0,0,0,0,0,1,4,0,0,0,0,0,0,1,0,0,0,0,2,0,0,0,1,3,0,1,0,0,0,0,1,1,11,36,0,0,1,2,8,0,1,4,0,3,0,1,0,0,0,0,0,0,0,0,1,3,0,0,0,0,0,0,0,1,2,10,2,5,25,4,166,31,0,6,0,0,0,0,0,0,1
0,0,0,0,0,0,0,0,0,0,0,0,0,0,0,0,0,0,0,0,0,0,0,0,0,0,0,0,0,0,0,0,0,0,0,0,0,0,0,0,0,0,0,0,0,0,0,0,0,0,0,0,0,0,0,0,0,0,0,0,0,0,0,0,0,0,0,0,0,0,0,0,0,0,0,0,0,0,0,0,0,0,0,0,0,0,0,0,0,0,0,0,0,0,0,0,0,0,0,0,0,0,0,0,0,0,0,0,0,0,0,0,0,0,0,0,0,0,0,0,0,0,0,0,0,0,0,0,0,0,0,0,0,0,0,0,0,0,0,0,0,0,0,0,0,0,0,0,0,0,0,0,0,0,0,0,0,0,0,0,0,0,0,0,0
0,0,0,1,1,0,0,0,0,1,1,0,2,0,0,0,0,0,4,0,0,0,1,0,0,0,0,0,0,0,0,0,13,0,0,0,0,0,0,0,0,0,0,0,49,4,9,0,1,34,1,1,0,2,0,0,0,0,0,2,0,4,2,2,6,0,7,0,0,0,0,0,0,0,0,0,7,0,16,1,0,1,2,0,0,0,0,0,2,0,2,0,0,0,0,0,0,0,0,1,0,0,0,0,0,0,0,0,0,1,0,1,2,0,0,0,5,16,0,0,0,0,3,0,0,0,0,0,0,0,1,1,0,0,0,0,2,0,0,1,0,0,0,0,0,6,0,0,3,4,2,11,53,3,162,22,0,4,0,0,0,0,0,0,0
6,0,10,1,0,0,0,0,1,2,0,0,8,0,0,16,1,0,15,0,0,0,1,0,0,1,0,0,0,0,0,1,0,0,3,0,1,0,0,0,0,6,0,0,71,24,11,0,0,24,4,9,0,2,0,0,0,0,0,0,0,3,3,4,4,1,12,0,0,0,1,0,0,0,0,0,17,0,25,3,3,1,1,0,0,0,0,2,1,0,5,0,0,0,0,0,0,0,0,0,0,0,4,0,2,2,0,5,1,0,0,0,0,0,0,0,6,21,0,0,0,0,3,0,0,0,0,1,0,0,0,0,1,0,0,0,0,0,0,0,2,0,0,0,0,2,0,0,2,12,3,9,28,4,278,44,1,14,0,0,0,0,1,0,0
22,0,40,1,1,0,0,0,0,0,0,0,0,0,1,4,0,0,2,0,0,0,0,0,1,0,0,0,0,0,0,1,0,0,5,1,0,0,0,0,0,11,0,0,49,17,6,0,1,42,6,16,0,0,0,0,1,0,0,0,1,1,0,2,1,7,2,0,0,0,0,8,0,0,0,0,3,0,43,2,2,1,0,0,0,0,0,0,5,0,2,0,0,0,0,1,1,0,1,0,0,0,0,0,0,0,0,0,0,0,0,0,0,0,1,1,1,3,1,0,0,2,1,0,1,0,0,3,0,0,6,0,0,0,0,0,4,0,0,0,0,2,0,0,0,13,0,0,4,29,3,4,37,8,305,23,0,0,0,0,0,0,0,0,0
13,0,41,0,0,0,0,0,0,0,0,0,1,0,0,4,0,0,1,0,0,0,2,0,0,0,0,0,0,0,0,0,0,0,6,2,0,0,0,0,0,10,0,0,9,36,0,0,11,9,9,38,0,0,0,0,1,0,0,0,0,0,0,0,1,0,2,0,0,0,0,4,0,0,0,0,2,0,29,3,3,6,1,0,0,1,0,0,2,0,0,0,0,0,0,0,1,0,1,1,0,0,1,0,0,0,0,1,0,0,0,0,0,0,2,0,1,20,0,0,1,0,3,0,0,2,0,18,0,0,0,0,1,0,0,0,1,0,0,2,1,1,0,0,0,2,0,0,0,17,3,29,22,2,605,34,0,4,0,0,0,0,2,0,0
18,1,18,0,0,0,0,0,0,1,0,0,0,0,0,8,0,0,3,0,0,0,0,0,0,0,0,0,1,0,0,0,0,0,0,0,0,0,0,0,0,8,0,0,11,10,1,0,0,5,6,1,0,0,0,0,0,0,0,1,0,0,0,0,2,0,3,0,0,0,0,2,0,0,0,0,7,0,50,2,2,0,0,0,0,0,0,0,0,0,0,0,0,0,0,0,0,2,4,0,0,0,0,0,0,0,0,2,0,0,0,1,1,0,3,0,6,8,0,0,1,0,1,0,0,0,0,0,1,0,3,0,0,0,0,0,0,0,0,0,1,0,3,0,1,14,0,0,7,21,4,4,29,2,163,24,0,0,0,0,0,0,1,0,2
22,0,19,0,0,0,0,0,1,0,3,0,0,0,0,32,0,1,2,0,2,0,0,0,0,0,0,0,0,0,0,0,2,0,0,0,0,0,0,0,0,12,0,0,93,93,4,0,6,44,13,65,0,0,0,0,2,0,0,0,0,6,2,3,4,5,17,0,2,0,0,1,0,0,0,0,22,0,40,1,4,7,0,0,0,0,0,0,0,1,1,0,0,0,0,0,1,1,0,0,0,2,2,0,1,3,0,1,0,2,0,0,0,0,7,1,11,24,1,0,1,0,5,0,0,1,0,1,0,0,1,3,0,0,0,0,1,0,0,0,0,2,0,0,0,10,0,0,12,11,2,15,43,1,367,50,0,6,0,0,0,1,2,0,2
3,0,4,0,0,0,0,0,1,0,1,0,0,0,0,0,0,0,3,0,0,0,0,0,0,0,0,0,0,0,0,0,0,0,7,0,0,0,0,0,0,6,0,0,68,75,13,0,0,53,6,17,0,0,0,0,0,0,0,0,0,3,2,0,2,1,11,0,0,0,0,4,0,0,0,0,5,0,18,1,2,0,1,0,0,0,0,0,2,1,1,0,0,0,0,0,0,0,2,0,0,1,1,0,1,0,0,3,0,2,0,1,0,0,5,0,9,7,0,0,0,1,1,0,0,0,0,0,0,0,3,0,0,0,0,0,1,0,0,0,0,0,0,0,0,1,0,1,1,6,1,7,21,1,209,24,0,0,0,0,0,0,1,0,0
0,0,1,0,1,0,0,0,0,0,2,0,0,0,0,2,0,1,9,0,1,0,0,0,0,0,0,0,0,0,0,0,2,0,0,1,0,0,0,0,0,10,1,0,125,0,6,0,2,14,0,14,0,0,0,1,1,0,0,1,0,9,7,0,2,0,15,0,2,0,0,3,0,0,0,0,2,0,25,0,3,2,0,0,0,0,0,0,2,0,14,0,0,1,0,0,0,0,10,0,0,0,0,0,0,0,0,1,0,2,0,1,0,0,8,0,10,45,0,0,0,0,7,0,0,0,0,2,0,0,2,0,0,0,3,0,1,0,0,0,2,0,0,0,1,1,0,1,9,17,4,12,43,2,205,39,1,0,1,0,0,0,0,0,0
0,0,0,0,0,0,0,0,0,0,0,0,0,0,0,0,0,0,0,0,0,0,0,0,0,0,0,0,0,0,0,0,0,0,0,0,0,0,0,0,0,0,0,0,0,0,0,0,0,0,0,0,0,0,0,0,0,0,0,0,0,0,0,0,0,0,0,0,0,0,0,0,0,0,0,0,0,0,0,0,0,0,0,0,0,0,0,0,0,0,0,0,0,0,0,0,0,0,0,0,0,0,0,0,0,0,0,0,0,0,0,0,0,0,0,0,0,0,0,0,0,0,0,0,0,0,0,0,0,0,0,0,0,0,0,0,0,0,0,0,0,0,0,0,0,0,0,0,0,0,0,0,0,0,0,0,0,0,0,0,0,0,0,0,0
0,0,0,0,0,0,0,0,0,0,0,0,0,0,0,0,0,0,0,0,0,0,0,0,0,0,0,0,0,0,0,0,0,0,0,0,0,0,0,0,0,0,0,0,0,0,0,0,0,0,0,0,0,0,0,0,0,0,0,0,0,0,0,0,0,0,0,0,0,0,0,0,0,0,0,0,0,0,0,0,0,0,0,0,0,0,0,0,0,0,0,0,0,0,0,0,0,0,0,0,0,0,0,0,0,0,0,0,0,0,0,0,0,0,0,0,0,0,0,0,0,0,0,0,0,0,0,0,0,0,0,0,0,0,0,0,0,0,0,0,0,0,0,0,0,0,0,0,0,0,0,0,0,0,0,0,0,0,0,0,0,0,0,0,0
0,0,0,0,0,0,0,0,1,0,1,0,1,0,0,5,0,0,1,0,0,0,1,0,1,0,0,0,0,0,0,0,0,0,2,1,0,0,0,0,0,5,0,0,186,0,2,1,2,29,0,19,0,0,0,1,0,0,0,1,0,4,4,1,2,1,3,0,0,0,0,3,0,0,0,0,2,0,17,1,1,1,0,0,0,0,0,0,3,0,1,0,0,0,0,0,0,0,4,0,0,0,0,0,0,0,0,0,0,0,0,0,0,0,1,0,0,29,0,0,0,0,0,0,0,0,0,0,0,0,0,0,0,0,0,0,1,0,0,0,1,0,0,0,0,1,0,0,0,7,0,7,12,4,118,15,0,0,0,0,0,0,0,0,0
1,0,0,0,0,0,0,0,0,0,1,0,0,0,0,0,0,1,2,0,0,0,0,0,0,0,0,0,0,0,0,1,0,0,3,0,0,0,0,0,0,1,0,0,7,0,9,0,0,1,0,76,0,1,27,0,0,0,0,0,0,1,0,0,0,0,3,0,0,0,0,0,0,0,0,0,5,0,9,0,1,0,0,0,0,0,0,0,4,0,10,0,0,0,0,1,1,0,0,0,0,0,0,0,0,0,0,0,0,0,0,0,0,0,0,0,0,4,1,0,0,1,2,0,0,1,0,0,0,0,0,0,0,0,0,0,0,0,0,1,2,4,0,0,0,23,0,0,0,1,4,13,19,0,63,6,0,0,0,0,0,0,0,0,0
2,0,1,0,0,0,0,0,0,0,1,0,0,1,0,3,0,0,7,0,0,0,1,0,0,0,0,0,0,0,2,9,0,0,5,0,0,0,0,0,0,15,0,0,9,0,9,0,4,9,0,96,0,2,28,0,0,0,0,0,2,8,4,0,0,0,4,0,0,0,0,3,0,0,0,0,10,0,59,0,1,2,0,0,0,0,0,0,8,0,6,0,1,0,0,1,0,0,0,0,0,1,0,0,1,0,0,3,0,0,0,0,0,1,1,0,2,17,0,0,0,1,4,0,0,2,0,0,0,0,0,0,0,0,0,1,1,1,0,0,3,12,0,0,0,18,0,1,30,14,1,4,38,3,86,16,0,0,1,0,0,0,0,0,0
1,0,0,0,0,0,0,0,0,0,0,0,0,0,0,7,0,0,5,0,0,0,3,4,0,0,1,0,0,0,2,4,0,0,0,0,0,0,2,0,0,45,0,0,1,3,23,0,1,27,0,0,0,0,1,0,0,0,0,0,0,50,4,1,0,1,8,0,0,0,0,0,0,0,0,0,15,0,40,1,3,1,2,2,0,1,0,0,8,0,5,0,0,0,0,0,0,0,1,0,0,0,3,0,2,0,0,2,0,1,0,0,0,0,0,0,0,11,0,0,0,0,2,0,0,0,0,0,0,0,0,0,0,0,0,0,5,0,0,0,0,3,0,0,0,5,0,0,5,16,1,8,16,2,158,14,0,0,0,0,0,0,0,0,0
0,0,0,1,0,0,0,0,1,0,1,0,2,0,0,0,0,0,10,0,0,0,2,0,1,0,0,0,0,0,1,1,0,0,13,0,0,0,0,0,0,4,0,0,3,1,8,0,7,15,0,31,0,0,0,0,2,0,0,0,0,7,1,0,0,0,2,0,0,0,1,9,1,0,0,0,21,0,24,0,4,5,1,0,0,0,0,0,4,0,0,0,0,0,0,0,0,0,0,0,0,0,0,0,0,0,1,3,0,0,0,0,0,0,0,0,1,11,0,0,0,4,3,1,1,0,0,0,0,0,0,0,0,0,0,0,3,0,0,1,2,1,0,0,0,11,0,2,2,5,2,6,14,6,116,35,0,0,0,0,0,0,0,0,0
0,0,0,0,0,0,0,0,0,0,0,0,0,0,0,0,0,0,0,0,0,0,0,0,0,0,0,0,0,0,0,0,0,0,0,0,0,0,0,0,0,0,0,0,0,0,0,0,0,0,0,0,0,0,0,0,0,0,0,0,0,0,0,0,0,0,0,0,0,0,0,0,0,0,0,0,0,0,0,0,0,0,0,0,0,0,0,0,0,0,0,0,0,0,0,0,0,0,0,0,0,0,0,0,0,0,0,0,0,0,0,0,0,0,0,0,0,0,0,0,0,0,0,0,0,0,0,0,0,0,0,0,0,0,0,0,0,0,0,0,0,0,0,0,0,0,0,0,0,0,0,0,0,0,0,0,0,0,0,0,0,0,0,0,0
28,0,4,0,0,0,0,0,1,0,2,0,1,0,3,3,0,0,1,0,0,0,0,0,0,0,0,0,0,0,0,0,0,0,19,0,0,0,0,0,0,38,0,0,2,3,2,0,43,149,3,16,0,0,8,0,0,0,0,1,0,15,14,1,0,1,9,0,0,0,0,1,0,0,0,2,24,0,16,1,0,0,0,0,0,2,0,2,7,0,0,0,0,0,0,0,1,0,7,1,0,1,5,0,0,0,1,6,0,1,0,1,0,2,5,1,1,6,6,0,0,2,12,0,2,0,2,3,0,0,1,0,0,0,0,1,1,0,0,0,0,1,0,0,0,30,0,0,3,17,12,38,63,4,382,20,0,0,1,0,0,0,4,0,0
0,0,0,0,0,0,0,0,0,0,0,0,0,0,0,0,0,0,0,0,0,0,0,0,0,0,0,0,0,0,0,0,0,0,0,0,0,0,0,0,0,0,0,0,0,0,0,0,0,0,0,0,0,0,0,0,0,0,0,0,0,0,0,0,0,0,0,0,0,0,0,0,0,0,0,0,0,0,0,0,0,0,0,0,0,0,0,0,0,0,0,0,0,0,0,0,0,0,0,0,0,0,0,0,0,0,0,0,0,0,0,0,0,0,0,0,0,0,0,0,0,0,0,0,0,0,0,0,0,0,0,0,0,0,0,0,0,0,0,0,0,0,0,0,0,0,0,0,0,0,0,0,0,0,0,0,0,0,0,0,0,0,0,0,0
11,0,1,0,0,0,0,0,0,0,1,0,0,0,0,0,1,2,2,0,0,0,0,0,0,0,0,0,0,0,0,0,0,0,5,0,0,0,0,0,0,37,0,0,0,2,1,0,39,83,1,13,2,0,0,0,0,0,0,1,1,2,2,3,1,2,5,0,0,0,0,2,0,0,0,0,2,0,9,2,1,0,1,0,0,0,0,0,1,0,65,0,0,0,1,0,0,0,2,0,0,1,2,0,1,3,2,0,0,0,0,0,1,0,5,1,2,8,15,0,0,0,33,0,0,0,5,1,0,1,0,0,0,0,0,0,0,0,0,0,1,0,0,0,0,1,0,0,10,25,14,65,20,1,588,34,0,0,0,0,0,0,0,0,0
4,0,0,0,0,0,0,0,0,0,0,0,1,0,0,20,0,0,3,0,0,0,0,0,0,0,0,0,0,0,0,0,4,0,6,0,0,0,0,0,0,21,0,0,0,1,3,0,7,86,0,14,1,0,0,0,1,0,0,0,0,3,3,1,2,5,8,0,0,0,0,35,0,0,0,1,17,0,10,0,1,0,0,24,0,0,0,0,1,0,1,0,0,0,0,0,1,0,1,1,0,1,3,0,0,0,0,1,0,3,0,0,1,0,0,0,0,0,30,0,0,0,19,0,0,0,11,4,0,0,0,0,0,0,0,0,1,0,0,0,1,0,0,0,0,2,0,0,12,26,4,47,18,2,356,41,1,0,0,0,0,0,2,0,0
9,0,0,6,0,0,0,0,0,0,1,0,0,0,0,0,0,0,6,0,2,0,0,1,0,0,0,0,0,0,0,0,11,0,31,0,0,0,0,0,0,74,0,0,6,2,1,0,18,335,2,25,0,5,0,0,0,0,0,0,0,10,9,2,1,2,27,0,0,0,0,173,1,0,0,0,11,0,44,1,3,4,0,0,0,0,0,0,4,0,6,0,0,0,0,0,0,0,1,0,0,1,5,0,2,1,0,3,0,2,0,0,3,1,4,1,1,8,5,0,0,0,11,0,0,0,5,0,0,0,0,0,1,0,0,0,1,0,0,1,3,0,0,0,0,3,0,0,25,13,7,18,39,11,272,33,0,0,0,0,0,0,1,0,0
8,1,2,9,0,0,0,0,0,1,0,0,0,0,0,0,1,0,1,0,0,0,2,0,4,0,0,0,0,0,1,0,1,0,14,0,0,1,0,0,0,23,0,0,6,1,9,0,31,147,5,31,0,3,0,0,1,0,0,4,2,14,13,2,1,1,10,0,0,0,0,23,0,0,0,0,16,0,20,1,1,3,0,32,0,3,0,0,9,0,11,0,0,0,0,0,0,0,2,1,0,0,3,0,2,4,2,5,0,5,1,0,4,0,3,3,5,10,21,0,0,0,17,0,1,0,0,4,0,0,0,0,0,0,0,0,0,0,0,0,0,2,0,0,0,5,0,1,10,3,5,15,28,0,281,33,0,0,0,0,0,0,0,0,0
3,0,2,0,0,0,0,0,2,0,0,1,0,0,0,0,0,0,0,0,0,0,0,0,0,0,0,0,0,0,0,0,2,0,16,2,0,0,0,0,0,9,0,0,6,5,4,0,30,40,1,20,0,0,11,0,0,4,0,0,0,11,7,0,0,0,5,0,0,0,0,3,0,0,0,0,9,0,43,0,7,2,0,0,0,1,0,0,8,0,2,0,0,0,0,2,0,0,4,1,0,0,0,0,2,0,1,1,0,1,0,1,0,0,2,0,1,13,2,0,0,0,3,0,1,3,0,0,0,0,0,0,0,0,0,0,0,0,0,1,1,0,0,0,1,1,0,0,5,4,2,8,35,1,130,24,0,0,0,0,0,0,2,0,0
0,0,0,1,2,0,0,0,0,0,0,0,0,0,0,5,0,0,0,0,0,0,0,0,1,0,0,0,1,0,1,1,0,0,0,0,0,0,2,0,0,55,1,0,0,3,9,0,8,69,0,1,3,0,1,0,1,0,0,0,0,5,5,3,3,3,3,0,0,0,0,0,0,0,0,1,2,0,56,2,3,0,0,0,0,6,0,3,0,0,0,0,1,0,0,0,0,0,0,0,0,0,0,0,0,0,0,0,0,0,0,0,0,0,0,0,0,8,0,0,0,1,1,0,2,0,0,0,0,0,1,0,0,0,0,0,0,0,0,0,0,0,0,0,0,0,0,0,2,17,1,78,5,1,98,5,0,0,0,0,0,0,0,0,0
5,3,0,1,0,0,0,0,0,0,0,0,1,0,0,0,0,0,2,0,1,0,0,0,1,0,0,0,0,0,0,0,0,0,16,1,0,0,1,0,0,39,0,0,10,7,1,0,46,38,4,16,0,2,37,0,0,1,0,2,0,13,4,2,0,2,4,0,0,0,0,9,0,0,0,0,14,0,24,3,1,3,0,0,0,0,0,4,5,0,4,0,0,3,0,0,0,0,0,0,0,0,3,0,0,1,1,0,0,0,0,0,1,0,3,1,2,9,0,0,0,0,2,0,0,2,0,0,0,0,0,0,0,0,0,0,0,0,0,1,0,0,0,0,1,2,0,0,8,11,2,13,41,8,136,30,1,0,1,0,0,0,1,0,0
5,0,1,1,0,0,0,0,0,0,2,0,0,0,0,1,0,0,2,1,0,0,0,0,1,0,0,0,0,0,0,0,2,0,12,0,0,0,0,0,0,37,0,0,6,2,5,0,16,23,6,10,0,0,50,0,1,2,0,1,0,11,6,2,0,0,1,0,0,0,0,14,0,0,0,0,3,0,24,1,0,0,1,0,0,0,0,0,1,2,1,0,0,0,0,0,0,0,1,0,0,0,0,0,3,4,0,1,0,0,0,0,0,0,0,0,2,5,1,0,0,0,2,0,0,0,0,0,0,0,0,0,0,0,0,0,0,0,0,0,0,0,0,0,0,0,0,0,3,2,4,6,25,3,100,17,0,0,0,0,0,0,0,0,0
33,0,6,0,1,0,0,0,0,0,0,0,0,0,0,4,0,0,0,0,0,0,4,0,2,0,2,0,3,0,0,4,2,0,1,0,0,0,0,0,0,21,0,0,0,1,8,0,13,5,0,0,0,0,2,0,0,0,0,0,0,5,2,4,0,0,3,0,0,0,0,0,0,0,0,0,1,0,20,2,3,1,2,0,0,30,3,3,0,0,2,0,0,2,0,0,0,0,0,0,0,0,0,0,0,0,0,0,0,0,0,0,0,0,2,1,0,3,0,0,0,0,0,0,0,0,0,0,0,0,3,33,0,0,0,0,0,0,0,0,0,15,0,0,0,1,0,1,1,10,2,21,99,80,522,20,0,0,0,0,0,0,0,0,0
0,0,0,0,0,0,0,0,0,0,0,0,0,0,0,0,0,0,0,0,0,0,0,0,0,0,0,0,0,0,0,0,0,0,0,0,0,0,0,0,0,0,0,0,0,0,0,0,0,0,0,0,0,0,0,0,0,0,0,0,0,0,0,0,0,0,0,0,0,0,0,0,0,0,0,0,0,0,0,0,0,0,0,0,0,0,0,0,0,0,0,0,0,0,0,0,0,0,0,0,0,0,0,0,0,0,0,0,0,0,0,0,0,0,0,0,0,0,0,0,0,0,0,0,0,0,0,0,0,0,0,0,0,0,0,0,0,0,0,0,0,0,0,0,0,0,0,0,0,0,0,0,0,0,0,0,0,0,0,0,0,0,0,0,0
0,0,0,0,0,0,0,0,0,0,0,0,0,0,0,0,0,0,0,0,0,0,0,0,0,0,0,0,0,0,0,0,0,0,0,0,0,0,0,0,0,0,0,0,0,0,0,0,0,0,0,0,0,0,0,0,0,0,0,0,0,0,0,0,0,0,0,0,0,0,0,0,0,0,0,0,0,0,0,0,0,0,0,0,0,0,0,0,0,0,0,0,0,0,0,0,0,0,0,0,0,0,0,0,0,0,0,0,0,0,0,0,0,0,0,0,0,0,0,0,0,0,0,0,0,0,0,0,0,0,0,0,0,0,0,0,0,0,0,0,0,0,0,0,0,0,0,0,0,0,0,0,0,0,0,0,0,0,0,0,0,0,0,0,0
0,0,0,0,0,0,0,0,0,0,0,0,0,0,0,0,0,0,0,0,0,0,0,0,0,0,0,0,0,0,0,0,0,0,0,0,0,0,0,0,0,0,0,0,0,0,0,0,0,0,0,0,0,0,0,0,0,0,0,0,0,0,0,0,0,0,0,0,0,0,0,0,0,0,0,0,0,0,0,0,0,0,0,0,0,0,0,0,0,0,0,0,0,0,0,0,0,0,0,0,0,0,0,0,0,0,0,0,0,0,0,0,0,0,0,0,0,0,0,0,0,0,0,0,0,0,0,0,0,0,0,0,0,0,0,0,0,0,0,0,0,0,0,0,0,0,0,0,0,0,0,0,0,0,0,0,0,0,0,0,0,0,0,0,0
0,0,0,1,3,0,0,0,0,1,0,0,0,0,0,4,0,0,1,0,0,0,1,3,0,0,0,0,0,0,0,0,4,0,16,0,0,0,0,0,0,18,0,0,8,13,6,0,8,85,4,35,0,1,1,0,0,0,0,0,0,19,4,0,0,1,7,0,0,0,0,4,0,0,0,0,6,0,32,2,8,5,1,3,0,0,0,0,1,1,3,0,0,0,0,0,0,0,0,0,0,0,1,0,1,1,0,0,0,0,0,0,1,0,1,0,1,11,0,0,0,0,4,0,0,0,0,0,0,0,2,0,0,0,0,0,1,1,0,1,0,0,0,0,0,1,0,0,0,6,2,12,19,5,130,28,0,0,1,0,0,0,0,0,0
2,1,0,3,1,0,0,0,1,0,1,0,1,0,0,10,0,1,10,1,0,0,1,2,0,0,0,0,0,0,0,0,6,0,27,2,0,0,1,0,0,27,0,1,25,18,9,0,14,41,6,38,1,1,4,0,0,0,0,2,0,12,11,0,0,1,15,0,0,0,0,18,0,0,0,0,21,0,37,2,3,5,0,0,0,4,0,0,6,1,24,0,1,3,0,0,0,0,2,0,0,0,0,0,0,0,2,7,1,2,0,0,1,0,7,1,3,22,1,0,0,5,4,0,0,0,0,0,0,0,3,1,0,0,0,0,1,1,0,2,0,1,0,1,0,3,0,0,1,16,4,8,6,0,201,66,0,0,0,0,0,0,0,0,0
1,0,0,1,1,0,0,0,0,0,0,0,0,0,0,0,0,0,4,0,0,0,1,0,0,0,0,0,0,0,0,2,5,0,7,0,0,0,1,0,0,14,0,1,14,6,4,0,5,10,0,20,0,0,5,0,0,0,0,0,0,4,3,1,2,2,2,0,0,0,0,11,0,0,0,0,2,0,25,1,0,0,0,0,0,0,0,1,7,0,11,0,1,0,0,0,0,0,0,1,0,0,1,0,0,1,0,1,0,2,0,0,0,1,2,0,1,5,0,0,0,0,1,0,0,0,0,0,0,0,7,0,0,1,0,0,3,0,0,0,0,1,0,0,0,2,0,0,1,2,1,1,4,0,86,8,0,0,0,0,0,0,0,0,0
3,0,1,1,0,0,0,0,0,1,0,0,0,0,0,0,0,0,4,0,0,0,1,0,0,0,0,0,0,0,0,0,1,0,13,1,0,0,0,0,0,20,0,1,20,3,4,0,20,20,6,24,0,0,13,0,0,0,0,0,0,3,5,0,0,2,8,0,0,0,0,8,0,0,0,0,18,0,54,2,4,0,1,0,0,0,0,0,8,0,4,0,0,0,0,0,0,0,11,0,0,1,4,0,3,3,0,2,0,2,1,2,2,0,11,1,8,22,1,0,1,5,7,0,2,2,0,2,0,1,0,0,0,1,0,0,1,0,0,0,0,0,0,0,0,3,0,1,4,24,5,11,23,0,208,56,9,0,0,0,0,0,3,0,0
0,0,0,0,0,0,0,0,0,0,0,0,0,0,0,0,0,0,0,0,0,0,0,0,0,0,0,0,0,0,0,0,0,0,0,0,0,0,0,0,0,0,0,0,0,0,0,0,0,0,0,0,0,0,0,0,0,0,0,0,0,0,0,0,0,0,0,0,0,0,0,0,0,0,0,0,0,0,0,0,0,0,0,0,0,0,0,0,0,0,0,0,0,0,0,0,0,0,0,0,0,0,0,0,0,0,0,0,0,0,0,0,0,0,0,0,0,0,0,0,0,0,0,0,0,0,0,0,0,0,0,0,0,0,0,0,0,0,0,0,0,0,0,0,0,0,0,0,0,0,0,0,0,0,0,0,0,0,0,0,0,0,0,0,0
0,0,0,0,0,0,0,0,0,0,0,0,0,0,0,0,0,0,0,0,0,0,0,0,0,0,0,0,0,0,0,0,0,0,0,0,0,0,0,0,0,0,0,0,0,0,0,0,0,0,0,0,0,0,0,0,0,0,0,0,0,0,0,0,0,0,0,0,0,0,0,0,0,0,0,0,0,0,0,0,0,0,0,0,0,0,0,0,0,0,0,0,0,0,0,0,0,0,0,0,0,0,0,0,0,0,0,0,0,0,0,0,0,0,0,0,0,0,0,0,0,0,0,0,0,0,0,0,0,0,0,0,0,0,0,0,0,0,0,0,0,0,0,0,0,0,0,0,0,0,0,0,0,0,0,0,0,0,0,0,0,0,0,0,0
0,0,0,0,0,0,0,0,0,0,0,0,0,0,0,0,0,0,0,0,0,0,0,0,0,0,0,0,0,0,0,0,0,0,0,0,0,0,0,0,0,0,0,0,0,0,0,0,0,0,0,0,0,0,0,0,0,0,0,0,0,0,0,0,0,0,0,0,0,0,0,0,0,0,0,0,0,0,0,0,0,0,0,0,0,0,0,0,0,0,0,0,0,0,0,0,0,0,0,0,0,0,0,0,0,0,0,0,0,0,0,0,0,0,0,0,0,0,0,0,0,0,0,0,0,0,0,0,0,0,0,0,0,0,0,0,0,0,0,0,0,0,0,0,0,0,0,0,0,0,0,0,0,0,0,0,0,0,0,0,0,0,0,0,0
0,0,0,0,0,0,0,0,0,0,0,0,0,0,0,0,0,0,0,0,0,0,0,0,0,0,0,0,0,0,0,0,0,0,0,0,0,0,0,0,0,0,0,0,0,0,0,0,0,0,0,0,0,0,0,0,0,0,0,0,0,0,0,0,0,0,0,0,0,0,0,0,0,0,0,0,0,0,0,0,0,0,0,0,0,0,0,0,0,0,0,0,0,0,0,0,0,0,0,0,0,0,0,0,0,0,0,0,0,0,0,0,0,0,0,0,0,0,0,0,0,0,0,0,0,0,0,0,0,0,0,0,0,0,0,0,0,0,0,0,0,0,0,0,0,0,0,0,0,0,0,0,0,0,0,0,0,0,0,0,0,0,0,0,0
1,1,0,0,2,0,0,0,0,1,0,0,0,0,0,2,1,0,5,0,0,0,0,0,1,0,0,0,0,0,1,1,0,0,24,0,0,0,0,0,0,23,0,0,5,5,4,0,36,14,0,19,1,0,36,0,0,0,0,0,0,1,1,1,3,1,13,0,0,0,1,19,1,0,0,0,19,0,14,1,1,0,1,24,0,0,0,1,0,0,7,0,0,0,0,1,0,0,0,1,0,0,1,0,1,1,1,1,0,0,0,0,1,1,7,2,0,6,0,0,0,0,5,0,0,0,0,0,0,0,0,0,0,0,0,0,1,0,0,3,1,2,0,0,0,28,0,0,0,9,1,15,9,0,201,36,3,0,0,0,0,0,1,0,0
0,0,0,0,0,0,0,0,0,0,0,0,0,0,0,0,0,0,0,0,0,0,0,0,0,0,0,0,0,0,0,0,0,0,0,0,0,0,0,0,0,0,0,0,0,0,0,0,0,0,0,0,0,0,0,0,0,0,0,0,0,0,0,0,0,0,0,0,0,0,0,0,0,0,0,0,0,0,0,0,0,0,0,0,0,0,0,0,0,0,0,0,0,0,0,0,0,0,0,0,0,0,0,0,0,0,0,0,0,0,0,0,0,0,0,0,0,0,0,0,0,0,0,0,0,0,0,0,0,0,0,0,0,0,0,0,0,0,0,0,0,0,0,0,0,0,0,0,0,0,0,0,0,0,0,0,0,0,0,0,0,0,0,0,0
0,0,0,0,0,0,0,0,0,0,0,0,0,0,0,0,0,0,0,0,0,0,0,0,0,0,0,0,0,0,0,0,0,0,0,0,0,0,0,0,0,0,0,0,0,0,0,0,0,0,0,0,0,0,0,0,0,0,0,0,0,0,0,0,0,0,0,0,0,0,0,0,0,0,0,0,0,0,0,0,0,0,0,0,0,0,0,0,0,0,0,0,0,0,0,0,0,0,0,0,0,0,0,0,0,0,0,0,0,0,0,0,0,0,0,0,0,0,0,0,0,0,0,0,0,0,0,0,0,0,0,0,0,0,0,0,0,0,0,0,0,0,0,0,0,0,0,0,0,0,0,0,0,0,0,0,0,0,0,0,0,0,0,0,0
0,0,0,0,0,0,0,0,0,0,0,0,0,0,0,0,0,0,0,0,0,0,0,0,0,0,0,0,0,0,0,0,0,0,0,0,0,0,0,0,0,0,0,0,0,0,0,0,0,0,0,0,0,0,0,0,0,0,0,0,0,0,0,0,0,0,0,0,0,0,0,0,0,0,0,0,0,0,0,0,0,0,0,0,0,0,0,0,0,0,0,0,0,0,0,0,0,0,0,0,0,0,0,0,0,0,0,0,0,0,0,0,0,0,0,0,0,0,0,0,0,0,0,0,0,0,0,0,0,0,0,0,0,0,0,0,0,0,0,0,0,0,0,0,0,0,0,0,0,0,0,0,0,0,0,0,0,0,0,0,0,0,0,0,0
0,0,0,0,0,0,0,0,0,0,0,0,0,0,0,0,0,0,0,0,0,0,0,0,0,0,0,0,0,0,0,0,0,0,0,0,0,0,0,0,0,0,0,0,0,0,0,0,0,0,0,0,0,0,0,0,0,0,0,0,0,0,0,0,0,0,0,0,0,0,0,0,0,0,0,0,0,0,0,0,0,0,0,0,0,0,0,0,0,0,0,0,0,0,0,0,0,0,0,0,0,0,0,0,0,0,0,0,0,0,0,0,0,0,0,0,0,0,0,0,0,0,0,0,0,0,0,0,0,0,0,0,0,0,0,0,0,0,0,0,0,0,0,0,0,0,0,0,0,0,0,0,0,0,0,0,0,0,0,0,0,0,0,0,0
0,0,0,0,0,0,0,0,0,0,0,0,0,0,0,0,0,0,0,0,0,0,0,0,0,0,0,0,0,0,0,0,0,0,0,0,0,0,0,0,0,0,0,0,0,0,0,0,0,0,0,0,0,0,0,0,0,0,0,0,0,0,0,0,0,0,0,0,0,0,0,0,0,0,0,0,0,0,0,0,0,0,0,0,0,0,0,0,0,0,0,0,0,0,0,0,0,0,0,0,0,0,0,0,0,0,0,0,0,0,0,0,0,0,0,0,0,0,0,0,0,0,0,0,0,0,0,0,0,0,0,0,0,0,0,0,0,0,0,0,0,0,0,0,0,0,0,0,0,0,0,0,0,0,0,0,0,0,0,0,0,0,0,0,0
4,0,2,3,2,0,0,0,1,0,1,0,0,0,0,1,0,0,1,0,0,0,0,4,1,0,0,0,0,0,0,0,1,0,14,0,0,0,0,0,0,44,0,1,7,6,3,0,3,21,8,25,0,1,9,0,0,0,0,1,0,2,0,2,0,3,8,0,0,0,3,15,0,0,0,0,5,0,29,0,2,3,1,0,0,0,0,0,1,0,14,0,0,0,0,0,3,0,2,0,0,0,2,0,1,1,2,4,0,0,1,0,1,0,4,1,5,15,0,0,0,0,6,0,0,0,0,0,0,0,0,0,0,0,0,0,0,1,0,1,0,0,0,0,0,2,0,1,2,8,2,11,35,6,203,27,0,0,0,0,0,0,0,0,1
1,0,0,0,0,0,0,0,1,0,1,0,0,0,0,1,0,0,5,0,0,0,0,3,1,0,0,0,0,0,0,0,0,0,13,0,0,0,0,0,0,13,0,2,3,5,1,0,35,8,6,20,0,0,38,0,0,0,0,0,0,1,2,0,0,6,5,0,0,0,0,10,0,0,0,0,5,0,25,2,3,3,3,0,0,1,0,0,1,0,1,0,0,0,0,0,1,0,0,0,0,0,2,0,2,1,1,1,0,0,0,1,1,0,2,1,2,10,0,0,0,1,5,0,0,1,0,0,0,0,0,1,0,0,0,0,1,0,0,0,0,0,0,0,0,1,0,0,3,3,0,6,5,0,70,32,0,0,0,0,0,0,1,0,1
0,0,0,0,0,0,0,0,0,0,0,0,0,0,0,0,0,0,0,0,0,0,0,0,0,0,0,0,0,0,0,0,0,0,0,0,0,0,0,0,0,0,0,0,0,0,0,0,0,0,0,0,0,0,0,0,0,0,0,0,0,0,0,0,0,0,0,0,0,0,0,0,0,0,0,0,0,0,0,0,0,0,0,0,0,0,0,0,0,0,0,0,0,0,0,0,0,0,0,0,0,0,0,0,0,0,0,0,0,0,0,0,0,0,0,0,0,0,0,0,0,0,0,0,0,0,0,0,0,0,0,0,0,0,0,0,0,0,0,0,0,0,0,0,0,0,0,0,0,0,0,0,0,0,0,0,0,0,0,0,0,0,0,0,0
0,0,1,1,0,0,0,0,1,0,0,0,0,0,0,1,0,0,80,0,0,0,0,0,0,0,0,0,0,0,0,0,0,0,22,0,0,0,0,1,0,20,0,1,0,40,0,0,5,0,4,9,0,0,143,0,0,0,0,0,0,0,0,0,0,0,17,0,0,0,0,3,0,0,0,0,23,0,17,6,7,0,1,0,0,0,0,0,0,0,0,0,0,0,0,0,0,0,0,0,0,0,0,0,0,0,0,0,0,0,0,0,0,0,0,0,0,1,0,0,0,2,0,0,0,0,1,0,0,0,0,0,0,0,0,0,0,0,0,1,0,2,0,0,0,39,0,0,41,3,18,35,34,0,104,34,0,0,0,1,0,0,0,0,0
0,0,0,0,0,0,0,0,0,0,1,0,0,0,0,0,0,0,5,0,0,0,0,0,0,0,0,0,0,0,0,0,0,0,7,2,0,0,0,0,0,21,0,0,3,33,12,0,2,21,7,34,0,0,2,0,0,0,0,0,0,0,0,1,0,2,5,0,0,1,0,19,0,0,0,0,6,0,16,2,2,0,1,1,0,0,0,0,0,0,21,0,3,6,0,0,0,0,1,0,0,0,1,0,0,0,0,0,0,0,0,0,0,0,6,0,7,21,4,0,0,1,1,0,0,2,0,0,0,0,0,0,0,0,0,0,0,0,0,2,3,1,0,0,0,2,0,0,1,9,0,15,13,1,84,25,0,0,0,0,0,0,1,0,0
0,0,0,0,0,0,0,0,0,1,0,0,0,1,0,0,0,0,9,0,0,0,0,3,1,0,0,0,0,0,0,0,0,0,11,0,0,0,0,1,0,122,0,3,5,12,2,0,94,55,11,15,0,8,1,0,0,0,0,1,0,3,9,4,15,7,42,0,0,3,0,18,1,0,0,0,9,0,34,7,12,0,0,0,0,0,0,1,4,0,0,0,0,0,0,1,0,3,2,0,0,0,1,0,1,0,0,4,0,1,0,0,0,0,0,0,0,1,0,0,0,0,1,0,0,0,0,0,0,0,0,0,0,0,0,0,0,0,0,1,0,0,0,0,0,1,0,1,1,21,0,15,10,1,157,69,1,1,0,0,0,0,2,0,0
1,0,0,0,0,0,0,0,1,0,0,0,0,0,0,2,0,1,10,0,0,27,0,1,0,0,0,0,0,0,0,0,0,0,4,0,0,0,0,0,0,65,0,1,5,17,2,0,3,45,7,10,0,1,0,0,0,0,0,0,0,0,0,0,2,1,14,0,0,0,0,11,0,0,0,0,11,0,16,0,1,3,0,0,0,0,0,0,2,0,3,0,0,0,0,0,0,0,0,0,0,0,1,0,0,0,0,0,0,2,1,0,0,0,2,0,2,1,0,0,0,0,1,0,0,0,0,0,0,0,0,0,0,0,0,0,1,0,0,2,1,0,0,0,0,3,0,0,5,15,0,6,13,3,99,14,0,4,0,0,0,0,0,0,0
0,0,0,0,0,0,0,0,0,0,0,0,0,0,0,5,0,1,7,1,1,0,0,0,0,0,0,0,0,0,0,0,0,0,10,0,0,0,0,0,0,46,0,1,0,34,5,0,0,40,0,2,0,1,1,0,0,0,0,0,0,0,1,0,1,0,7,0,0,0,0,11,0,0,0,0,5,0,0,0,0,2,0,0,0,0,0,0,1,218,11,0,0,3,0,0,0,0,0,0,0,0,0,0,0,0,0,1,0,0,0,0,0,0,0,0,0,0,0,0,0,1,1,0,0,0,0,0,0,0,0,0,0,0,0,1,1,0,0,0,0,0,0,0,0,2,0,0,0,1,1,11,10,1,198,13,0,0,0,0,0,0,0,0,0
1,0,0,0,0,0,0,0,0,0,1,1,0,0,0,1,0,0,4,0,0,0,0,0,2,0,0,0,0,0,0,0,0,0,13,0,0,0,0,0,0,61,0,1,8,56,7,0,2,94,5,27,0,0,2,0,0,0,0,0,0,2,0,0,0,4,6,0,0,1,0,6,0,0,0,0,10,0,9,0,1,2,1,0,0,0,0,0,1,0,0,0,0,0,0,0,0,0,1,0,0,0,0,0,0,1,1,3,0,1,0,1,1,0,2,0,0,6,1,0,0,0,2,0,0,1,0,2,0,0,0,0,0,0,0,0,0,0,0,0,1,0,0,0,0,2,0,0,4,1,6,13,10,4,95,32,0,0,1,0,0,0,0,0,0
1,0,0,0,0,0,0,0,1,0,2,0,0,0,0,1,0,0,6,0,0,0,0,0,0,0,0,0,0,0,0,0,0,0,42,1,0,0,0,0,0,51,0,0,28,77,5,0,0,101,4,51,0,0,4,0,0,0,0,6,0,6,0,2,5,8,13,0,0,0,0,25,3,0,0,0,20,0,31,2,2,2,1,0,0,0,0,0,1,0,6,0,0,0,0,0,1,0,2,0,0,0,6,0,0,1,2,2,0,0,0,0,3,0,0,0,0,11,0,0,0,2,5,0,0,2,0,1,0,0,0,0,0,0,0,0,2,2,0,6,1,1,1,0,0,2,0,1,0,11,4,31,13,5,107,20,0,0,0,0,0,0,0,0,0
2,0,1,0,0,0,0,0,0,0,3,0,2,0,0,14,0,0,9,0,1,0,0,1,1,0,0,0,0,0,0,0,0,0,28,0,0,0,0,0,0,71,0,1,56,87,5,0,0,52,3,39,0,5,3,0,0,1,0,6,0,3,0,1,1,2,9,0,0,0,0,27,0,0,0,0,6,0,34,2,5,0,0,1,0,0,0,2,1,0,8,0,0,0,0,0,0,0,0,1,0,0,5,0,1,2,1,6,0,1,0,0,2,0,3,1,3,25,1,0,0,0,5,0,0,0,0,2,0,0,0,0,0,0,0,1,0,2,1,7,0,0,0,0,0,4,0,1,1,43,2,20,13,3,231,65,0,0,0,0,0,0,1,0,0
0,0,0,0,0,0,0,0,0,0,0,0,0,0,0,2,0,0,7,0,0,0,1,1,0,0,0,0,0,0,0,0,3,0,17,0,0,0,0,0,0,60,0,1,19,86,2,0,1,76,0,40,0,0,1,0,0,1,0,1,0,2,2,8,1,0,10,0,0,0,1,13,0,0,0,0,6,0,16,0,2,3,3,0,0,0,0,0,0,0,2,0,0,0,0,0,0,0,1,0,0,0,3,0,0,1,3,8,0,4,4,1,7,0,5,0,8,21,1,0,0,0,7,0,0,1,0,0,0,0,0,0,0,0,0,0,0,1,0,4,0,2,0,0,0,5,0,1,14,5,7,20,19,6,117,29,0,0,0,0,0,0,0,0,1
0,0,0,0,1,0,0,0,1,0,0,0,3,0,0,12,0,0,7,0,0,0,0,0,1,0,0,0,0,0,0,0,1,0,0,0,0,0,0,0,0,19,0,0,30,72,5,0,2,17,1,0,0,0,0,0,0,0,0,0,0,4,1,2,2,1,8,0,0,0,0,4,0,0,0,0,2,0,37,0,1,1,0,0,0,0,0,0,1,1,1,0,0,0,0,0,0,0,1,0,0,0,1,0,2,0,0,3,0,2,0,0,3,0,1,0,7,17,0,0,0,0,7,0,0,0,0,0,0,0,0,0,0,1,0,0,0,0,0,6,0,1,0,0,0,4,0,0,1,11,3,12,12,1,93,21,0,0,0,2,0,0,1,0,0
0,0,0,0,0,0,0,0,0,0,0,0,0,0,0,0,0,0,5,0,1,0,0,0,0,0,0,0,0,0,0,1,1,0,10,1,0,0,0,0,0,25,0,0,15,8,12,0,6,23,2,23,0,0,2,0,0,1,0,2,0,1,2,0,1,2,0,0,0,0,0,1,0,0,0,0,9,0,62,1,0,2,0,0,0,0,0,1,6,0,2,0,0,0,0,0,0,0,0,2,0,0,4,0,1,2,0,12,0,2,0,1,3,0,1,1,4,10,0,0,0,3,2,0,1,0,0,12,0,0,0,0,0,0,0,0,0,0,0,0,0,0,0,0,0,1,0,0,1,14,3,7,19,3,311,12,1,0,0,0,0,0,1,0,0
1,0,2,0,1,0,0,0,0,0,0,0,0,0,0,4,0,0,9,0,0,0,1,0,0,0,0,0,0,0,0,0,0,0,2,3,0,0,0,0,0,11,0,0,7,27,3,0,11,9,3,52,0,0,4,0,1,0,0,3,0,0,0,2,1,3,4,0,0,0,0,10,0,0,0,0,2,0,3,0,0,0,1,0,0,0,0,0,0,0,0,0,0,0,0,0,1,1,5,0,0,0,2,1,3,6,3,8,0,10,2,6,11,0,7,0,3,7,3,0,0,1,4,0,0,3,0,0,0,0,0,0,0,1,0,0,0,0,0,0,0,1,1,1,0,2,0,0,18,7,3,12,46,6,190,25,0,0,0,5,0,0,2,0,4
0,1,0,0,0,0,0,0,0,1,0,0,2,0,13,0,0,0,19,0,0,0,0,0,0,0,0,0,0,0,0,7,0,0,0,1,0,0,0,1,0,11,1,0,0,19,0,0,1,8,0,0,2,0,0,0,0,0,0,0,0,1,0,0,1,1,3,0,0,0,0,3,0,0,0,0,2,0,14,0,1,3,264,0,0,0,1,0,2,0,62,0,0,0,0,2,0,0,3,130,0,1,2,0,0,1,0,1,0,0,0,0,0,0,0,0,1,0,0,0,0,1,8,0,0,5,0,14,0,8,1,0,0,0,0,0,2,0,0,1,0,0,0,0,0,1,0,0,130,24,5,106,124,95,668,33,0,0,0,0,0,0,0,0,0
0,0,0,0,0,0,0,0,0,0,0,0,1,0,0,0,0,0,8,0,0,0,0,0,0,0,0,0,0,0,0,0,1,1,17,0,0,0,0,0,0,16,0,0,0,29,0,0,60,6,9,86,0,0,6,0,0,0,0,0,0,1,0,0,1,0,11,0,0,0,0,11,0,0,0,0,9,0,15,4,1,1,0,0,0,0,0,0,0,0,2,0,0,0,0,0,0,0,0,1,0,0,1,1,0,0,2,5,0,0,0,0,0,0,1,0,3,5,0,0,0,5,3,0,0,0,0,0,0,0,0,0,0,0,0,0,0,0,0,3,0,0,0,0,0,6,0,0,1,3,4,8,10,2,76,16,0,0,0,0,0,0,1,0,0
0,0,0,0,0,0,0,0,0,0,0,0,0,0,0,5,0,1,2,0,0,0,0,0,0,0,0,0,0,0,0,0,0,0,16,0,0,0,0,0,0,27,0,0,0,427,1,0,4,9,8,39,0,0,0,0,1,0,0,0,0,0,0,0,7,10,7,0,0,0,0,68,0,0,0,0,16,0,23,1,5,1,0,1,0,0,0,2,0,0,0,0,0,0,0,0,0,0,0,0,0,0,0,0,0,0,0,0,0,0,0,0,0,0,0,0,0,2,0,0,0,0,1,0,0,0,0,0,0,0,0,0,0,0,0,0,2,0,0,1,0,0,0,0,0,5,0,0,4,12,2,8,7,0,113,16,0,0,0,0,0,0,0,0,0
0,0,0,0,0,0,0,0,0,0,0,0,0,0,0,0,0,0,0,0,0,0,0,0,0,0,0,0,0,0,0,0,0,0,0,0,0,0,0,0,0,0,0,0,0,0,0,0,0,0,0,0,0,0,0,0,0,0,0,0,0,0,0,0,0,0,0,0,0,0,0,0,0,0,0,0,0,0,0,0,0,0,0,0,0,0,0,0,0,0,0,0,0,0,0,0,0,0,0,0,0,0,0,0,0,0,0,0,0,0,0,0,0,0,0,0,0,0,0,0,0,0,0,0,0,0,0,0,0,0,0,0,0,0,0,0,0,0,0,0,0,0,0,0,0,0,0,0,0,0,0,0,0,0,0,0,0,0,0,0,0,0,0,0,0
0,0,0,0,0,0,0,0,1,0,0,0,0,0,0,1,0,0,2,0,0,0,0,0,0,0,0,0,0,0,263,77,0,0,0,0,0,0,0,0,0,0,0,0,0,1,0,0,1,0,0,0,0,0,0,0,0,0,0,0,0,0,0,0,1,0,2,0,0,1,0,0,0,0,0,0,24,0,0,0,0,0,6,0,0,0,0,0,0,0,0,0,0,0,0,0,0,0,1,0,0,0,0,0,0,0,0,0,0,0,0,0,0,0,0,0,0,1,0,0,0,0,0,0,0,0,0,0,0,0,0,0,0,0,0,1,0,0,0,0,0,0,0,0,0,0,0,0,15,9,0,0,5,0,228,18,0,0,0,0,0,0,0,0,0
1,0,0,1,0,0,0,0,0,0,0,0,0,0,0,47,0,0,2,0,0,0,0,0,0,0,0,0,0,0,0,0,0,0,2,1,0,0,0,0,0,9,0,0,4,317,0,0,41,14,2,10,0,0,12,0,0,0,0,0,0,0,0,8,26,2,38,0,0,0,0,12,0,0,1,0,12,0,14,2,4,0,0,1,0,0,0,0,0,0,12,0,0,1,0,0,0,0,0,0,0,0,0,0,0,0,0,0,0,0,0,0,0,0,0,0,0,0,0,0,0,0,1,0,0,0,0,1,0,0,0,0,0,0,0,0,0,0,0,0,0,0,0,0,0,2,0,9,308,12,3,58,83,19,459,57,0,0,0,0,0,0,0,0,0
0,0,0,0,0,0,0,0,0,0,0,0,3,0,0,0,0,0,1,0,0,0,0,0,1,0,0,0,0,0,0,0,0,0,0,0,0,0,0,0,0,6,0,0,1,37,0,0,22,8,0,24,0,0,21,0,0,0,0,0,0,0,0,0,38,5,41,0,0,0,0,4,2,0,0,0,5,0,15,2,4,0,0,0,0,1,0,2,0,0,0,0,0,0,0,0,1,0,0,0,0,0,0,0,0,0,0,0,0,0,0,0,0,0,0,0,0,1,0,0,0,2,8,0,1,0,0,4,0,0,0,0,0,0,0,0,0,0,1,0,0,1,0,0,0,0,0,0,9,13,14,16,13,14,215,33,0,0,0,0,0,0,0,0,0
1,0,1,0,0,0,0,0,2,0,1,0,1,0,0,0,0,0,2,0,0,0,0,0,0,0,0,0,0,0,0,0,0,0,3,2,0,0,0,0,0,18,0,0,2,46,0,0,3,39,5,107,0,0,9,0,1,0,0,0,0,0,0,0,2,6,4,0,0,0,0,17,0,0,0,0,2,0,46,0,5,0,0,0,1,5,0,2,5,1,0,0,0,0,0,0,0,0,1,0,0,1,0,0,0,0,1,0,0,0,0,0,0,0,1,1,0,3,0,0,0,1,4,0,0,0,0,0,0,0,0,0,0,0,0,0,0,0,0,0,0,0,0,0,0,0,0,0,6,16,5,9,24,0,210,13,0,0,0,0,0,0,1,0,0
0,0,0,0,0,0,0,0,0,0,0,0,0,0,0,0,0,0,0,0,0,0,0,0,0,0,0,0,0,0,0,0,0,0,0,0,0,0,0,0,0,0,0,0,0,0,0,0,0,0,0,0,0,0,0,0,0,0,0,0,0,0,0,0,0,0,0,0,0,0,0,0,0,0,0,0,0,0,0,0,0,0,0,0,0,0,0,0,0,0,0,0,0,0,0,0,0,0,0,0,0,0,0,0,0,0,0,0,0,0,0,0,0,0,0,0,0,0,0,0,0,0,0,0,0,0,0,0,0,0,0,0,0,0,0,0,0,0,0,0,0,0,0,0,0,0,0,0,0,0,0,0,0,0,0,0,0,0,0,0,0,0,0,0,0
0,0,0,0,0,0,0,0,0,0,0,0,0,0,0,0,0,0,0,0,0,0,0,0,0,0,0,0,0,0,0,0,0,0,0,0,0,0,0,0,0,0,0,0,0,0,0,0,0,0,0,0,0,0,0,0,0,0,0,0,0,0,0,0,0,0,0,0,0,0,0,0,0,0,0,0,0,0,0,0,0,0,0,0,0,0,0,0,0,0,0,0,0,0,0,0,0,0,0,0,0,0,0,0,0,0,0,0,0,0,0,0,0,0,0,0,0,0,0,0,0,0,0,0,0,0,0,0,0,0,0,0,0,0,0,0,0,0,0,0,0,0,0,0,0,0,0,0,0,0,0,0,0,0,0,0,0,0,0,0,0,0,0,0,0
0,0,0,0,0,0,0,0,0,0,0,0,0,0,0,0,0,0,0,0,0,0,0,0,0,0,0,0,0,0,0,0,0,0,0,0,0,0,0,0,0,0,0,0,0,0,0,0,0,0,0,0,0,0,0,0,0,0,0,0,0,0,0,0,0,0,0,0,0,0,0,0,0,0,0,0,0,0,0,0,0,0,0,0,0,0,0,0,0,0,0,0,0,0,0,0,0,0,0,0,0,0,0,0,0,0,0,0,0,0,0,0,0,0,0,0,0,0,0,0,0,0,0,0,0,0,0,0,0,0,0,0,0,0,0,0,0,0,0,0,0,0,0,0,0,0,0,0,0,0,0,0,0,0,0,0,0,0,0,0,0,0,0,0,0
0,0,0,0,0,0,0,0,0,0,0,0,0,0,0,0,0,0,0,0,0,0,0,0,0,0,0,0,0,0,0,0,0,0,0,0,0,0,0,0,0,0,0,0,0,0,0,0,0,0,0,0,0,0,0,0,0,0,0,0,0,0,0,0,0,0,0,0,0,0,0,0,0,0,0,0,0,0,0,0,0,0,0,0,0,0,0,0,0,0,0,0,0,0,0,0,0,0,0,0,0,0,0,0,0,0,0,0,0,0,0,0,0,0,0,0,0,0,0,0,0,0,0,0,0,0,0,0,0,0,0,0,0,0,0,0,0,0,0,0,0,0,0,0,0,0,0,0,0,0,0,0,0,0,0,0,0,0,0,0,0,0,0,0,0
0,0,0,0,0,0,0,0,0,0,0,0,0,0,0,0,0,0,0,0,0,0,0,0,0,0,0,0,0,0,0,0,0,0,0,0,0,0,0,0,0,0,0,0,0,0,0,0,0,0,0,0,0,0,0,0,0,0,0,0,0,0,0,0,0,0,0,0,0,0,0,0,0,0,0,0,0,0,0,0,0,0,0,0,0,0,0,0,0,0,0,0,0,0,0,0,0,0,0,0,0,0,0,0,0,0,0,0,0,0,0,0,0,0,0,0,0,0,0,0,0,0,0,0,0,0,0,0,0,0,0,0,0,0,0,0,0,0,0,0,0,0,0,0,0,0,0,0,0,0,0,0,0,0,0,0,0,0,0,0,0,0,0,0,0
0,0,0,0,0,0,0,0,0,0,0,0,0,0,0,0,0,0,0,0,0,0,0,0,0,0,0,0,0,0,0,0,0,0,0,0,0,0,0,0,0,0,0,0,0,0,0,0,0,0,0,0,0,0,0,0,0,0,0,0,0,0,0,0,0,0,0,0,0,0,0,0,0,0,0,0,0,0,0,0,0,0,0,0,0,0,0,0,0,0,0,0,0,0,0,0,0,0,0,0,0,0,0,0,0,0,0,0,0,0,0,0,0,0,0,0,0,0,0,0,0,0,0,0,0,0,0,0,0,0,0,0,0,0,0,0,0,0,0,0,0,0,0,0,0,0,0,0,0,0,0,0,0,0,0,0,0,0,0,0,0,0,0,0,0
0,0,0,0,0,0,0,0,0,0,0,0,0,0,0,0,0,0,0,0,0,0,0,0,0,0,0,0,0,0,0,0,0,0,0,0,0,0,0,0,0,0,0,0,0,0,0,0,0,0,0,0,0,0,0,0,0,0,0,0,0,0,0,0,0,0,0,0,0,0,0,0,0,0,0,0,0,0,0,0,0,0,0,0,0,0,0,0,0,0,0,0,0,0,0,0,0,0,0,0,0,0,0,0,0,0,0,0,0,0,0,0,0,0,0,0,0,0,0,0,0,0,0,0,0,0,0,0,0,0,0,0,0,0,0,0,0,0,0,0,0,0,0,0,0,0,0,0,0,0,0,0,0,0,0,0,0,0,0,0,0,0,0,0,0
14,0,2,4,1,0,0,0,0,0,0,0,0,0,0,0,0,1,7,0,0,0,0,0,0,0,0,0,0,0,0,0,0,0,6,0,0,0,0,0,0,15,0,0,3,4,4,0,1,10,2,6,0,5,7,0,0,0,0,4,0,0,0,0,1,1,0,0,0,0,0,9,0,0,0,0,5,0,65,1,3,1,0,1,0,0,0,0,33,1,0,0,0,1,0,2,0,0,0,16,0,0,0,0,0,0,0,0,0,1,1,0,0,2,2,4,5,7,0,0,1,0,3,0,1,8,0,0,0,0,0,0,0,0,0,0,1,0,0,2,0,0,2,0,0,0,0,1,2,32,2,14,50,0,1737,18,0,1,0,0,0,1,0,0,0
0,0,0,0,2,0,0,0,1,0,0,0,0,0,0,9,1,0,16,0,0,0,0,0,0,0,0,0,0,0,0,0,0,0,0,0,0,0,0,0,0,69,0,1,19,52,6,0,0,3,2,13,0,3,0,0,0,0,0,9,0,19,3,0,1,0,7,0,0,0,0,23,3,0,0,0,4,0,30,2,2,0,1,0,0,1,0,1,3,0,0,0,0,0,0,0,0,0,0,2,0,0,2,0,0,0,0,1,0,0,0,0,0,0,7,1,12,27,0,0,0,2,4,0,1,0,0,0,0,0,0,0,0,0,0,0,2,0,0,0,0,5,0,0,1,13,0,1,1,6,1,6,12,0,92,29,0,0,0,0,0,0,1,0,0
0,0,0,0,0,0,0,0,2,0,4,0,3,0,0,14,0,0,20,0,0,0,0,6,3,0,0,0,0,0,0,0,0,0,1,0,0,0,0,0,0,15,0,3,33,27,2,0,0,4,2,11,1,0,0,0,0,0,0,2,0,23,8,1,8,2,9,1,1,0,0,10,2,0,0,0,12,0,21,0,1,3,1,0,0,0,0,0,4,0,0,0,1,1,0,1,1,0,0,2,0,1,2,0,1,2,0,1,0,1,0,0,1,0,2,0,0,10,0,0,0,1,5,0,0,0,0,1,0,0,0,0,0,0,0,1,0,0,0,6,0,0,0,0,0,9,0,6,1,17,5,6,17,3,339,83,0,0,0,0,0,0,6,0,0
8,1,0,0,5,0,0,0,1,0,0,0,0,0,0,2,0,0,17,1,1,0,1,1,0,0,0,0,0,0,0,0,0,0,20,0,0,0,0,0,0,20,0,6,52,27,7,0,3,54,3,23,0,0,0,0,0,0,0,6,0,8,18,0,7,0,16,0,0,0,0,22,3,0,0,0,18,1,33,4,3,3,1,2,0,1,0,0,5,0,0,0,0,1,0,3,0,1,1,0,0,1,3,0,2,2,2,14,0,1,0,0,5,0,2,1,1,18,1,0,0,1,11,0,0,0,0,1,0,0,1,5,0,0,0,0,3,1,0,10,0,2,1,0,0,14,0,4,0,11,2,7,22,2,308,85,0,0,0,0,0,0,23,0,0
1,0,0,0,0,0,0,0,1,0,0,0,2,0,0,7,0,2,1,0,0,0,0,1,1,0,0,0,0,0,0,0,1,0,12,0,0,0,0,0,0,22,0,4,18,9,4,0,0,18,3,61,0,0,0,0,0,0,0,1,0,13,4,0,0,5,2,0,0,0,0,5,1,0,0,0,10,0,9,0,0,6,0,0,0,0,0,0,1,0,0,0,0,0,0,0,1,0,1,0,0,1,1,0,1,1,0,3,0,1,0,0,0,1,0,0,1,11,0,0,0,1,2,0,0,2,0,0,0,0,0,0,0,0,0,0,2,0,0,0,0,0,0,0,0,0,0,0,3,8,5,8,26,5,157,30,0,0,0,0,0,0,7,0,0
0,0,0,0,0,0,0,0,0,0,0,0,0,0,0,0,0,0,0,0,0,0,0,0,0,0,0,0,0,0,0,0,0,0,0,0,0,0,0,0,0,0,0,0,0,0,0,0,0,0,0,0,0,0,0,0,0,0,0,0,0,0,0,0,0,0,0,0,0,0,0,0,0,0,0,0,0,0,0,0,0,0,0,0,0,0,0,0,0,0,0,0,0,0,0,0,0,0,0,0,0,0,0,0,0,0,0,0,0,0,0,0,0,0,0,0,0,0,0,0,0,0,0,0,0,0,0,0,0,0,0,0,0,0,0,0,0,0,0,0,0,0,0,0,0,0,0,0,0,0,0,0,0,0,0,0,0,0,0,0,0,0,0,0,0
55,0,4,4,0,0,0,0,0,0,0,0,0,0,0,0,0,0,0,0,0,0,0,0,0,0,0,0,0,0,0,0,0,0,0,0,0,0,0,0,0,0,0,0,0,0,0,0,0,0,0,0,0,0,0,0,0,1,0,0,0,0,0,0,0,0,6,0,0,0,0,0,15,0,0,0,18,0,0,0,0,0,0,1,0,1,0,0,0,0,2,0,0,0,0,0,0,0,0,0,0,0,0,0,0,0,0,0,0,0,0,0,0,1,0,0,0,3,0,0,0,1,1,0,0,0,0,0,0,0,0,0,0,0,0,0,2,0,0,1,0,1,0,0,0,6,0,6,0,15,18,11,160,5,2352,77,0,0,0,0,0,0,3,65,0
0,0,0,0,0,0,0,0,0,0,0,0,0,0,0,0,0,0,0,0,0,0,0,0,0,0,0,0,0,0,0,0,0,0,0,0,0,0,0,0,0,0,0,0,0,0,0,0,0,0,0,0,0,0,0,0,0,0,0,0,0,0,0,0,0,0,0,0,0,0,0,0,0,0,0,0,0,0,0,0,0,0,0,0,0,0,0,0,0,0,0,0,0,0,0,0,0,0,0,0,0,0,0,0,0,0,0,0,0,0,0,0,0,0,0,0,0,0,0,0,0,0,0,0,0,0,0,0,0,0,0,0,0,0,0,0,0,0,0,0,0,0,0,0,0,0,0,0,0,0,0,0,0,0,0,0,0,0,0,0,0,0,0,0,0
0,0,0,1,0,0,0,0,0,0,0,0,0,0,0,0,1,0,6,0,0,0,0,0,0,0,0,0,0,0,0,0,2,0,29,0,0,0,0,1,0,74,1,2,13,5,7,0,75,17,10,6,0,0,16,2,0,0,0,0,0,5,0,1,0,4,8,0,0,0,0,2,0,0,0,0,24,0,65,4,1,0,0,2,0,1,0,0,3,0,0,0,0,0,0,1,0,0,0,0,0,0,0,0,0,0,0,0,0,0,0,0,0,0,3,0,1,13,0,0,0,1,6,0,0,0,0,1,0,0,0,0,0,0,0,0,6,0,0,0,0,1,0,0,0,4,0,1,4,17,1,6,63,7,270,14,0,0,0,0,0,0,1,0,0
0,0,0,0,0,0,0,0,0,0,0,0,0,0,0,0,0,0,0,0,0,0,0,0,0,0,0,0,0,0,0,0,0,0,0,0,0,0,0,0,0,0,0,0,0,0,0,0,0,0,0,0,0,0,0,0,0,0,0,0,0,0,0,0,0,0,0,0,0,0,0,0,0,0,0,0,0,0,0,0,0,0,0,0,0,0,0,0,0,0,0,0,0,0,0,0,0,0,0,0,0,0,0,0,0,0,0,0,0,0,0,0,0,0,0,0,0,0,0,0,0,0,0,0,0,0,0,0,0,0,0,0,0,0,0,0,0,0,0,0,0,0,0,0,0,0,0,0,0,0,0,0,0,0,0,0,0,0,0,0,0,0,0,0,0
0,0,0,0,0,0,0,0,0,0,0,0,0,0,0,0,0,0,0,0,0,0,0,0,0,0,0,0,0,0,0,0,0,0,0,0,0,0,0,0,0,0,0,0,0,0,0,0,0,0,0,0,0,0,0,0,0,0,0,0,0,0,0,0,0,0,0,0,0,0,0,0,0,0,0,0,0,0,0,0,0,0,0,0,0,0,0,0,0,0,0,0,0,0,0,0,0,0,0,0,0,0,0,0,0,0,0,0,0,0,0,0,0,0,0,0,0,0,0,0,0,0,0,0,0,0,0,0,0,0,0,0,0,0,0,0,0,0,0,0,0,0,0,0,0,0,0,0,0,0,0,0,0,0,0,0,0,0,0,0,0,0,0,0,0
0,0,0,0,0,0,0,0,0,0,0,0,0,0,0,0,0,0,0,0,0,0,0,0,0,0,0,0,0,0,0,0,0,0,0,0,0,0,0,0,0,0,0,0,0,0,0,0,0,0,0,0,0,0,0,0,0,0,0,0,0,0,0,0,0,0,0,0,0,0,0,0,0,0,0,0,0,0,0,0,0,0,0,0,0,0,0,0,0,0,0,0,0,0,0,0,0,0,0,0,0,0,0,0,0,0,0,0,0,0,0,0,0,0,0,0,0,0,0,0,0,0,0,0,0,0,0,0,0,0,0,0,0,0,0,0,0,0,0,0,0,0,0,0,0,0,0,0,0,0,0,0,0,0,0,0,0,0,0,0,0,0,0,0,0
64,0,1,7,1,1,0,0,1,0,0,0,0,0,0,18,0,0,2,0,0,0,0,0,2,0,0,0,0,0,0,0,2,0,0,0,0,0,0,0,0,51,0,0,4,19,2,0,137,60,7,28,1,1,61,0,0,1,0,0,1,5,0,0,0,3,8,0,0,0,0,11,0,0,0,0,9,0,34,1,3,4,1,1,0,7,0,1,8,0,17,0,1,2,0,2,0,0,0,0,0,0,1,0,0,0,0,1,0,0,0,0,0,0,3,3,4,10,1,0,0,1,2,0,1,0,0,4,0,1,0,0,0,0,0,0,5,0,0,1,0,1,0,0,0,5,0,2,7,28,13,20,62,9,855,29,0,1,0,1,0,0,3,0,0
0,0,0,0,0,0,0,0,0,0,0,0,0,0,0,0,0,0,0,0,0,0,0,0,0,0,0,0,0,0,0,0,0,0,0,0,0,0,0,0,0,0,0,0,0,0,0,0,0,0,0,0,0,0,0,0,0,0,0,0,0,0,0,0,0,0,0,0,0,0,0,0,0,0,0,0,0,0,0,0,0,0,0,0,0,0,0,0,0,0,0,0,0,0,0,0,0,0,0,0,0,0,0,0,0,0,0,0,0,0,0,0,0,0,0,0,0,0,0,0,0,0,0,0,0,0,0,0,0,0,0,0,0,0,0,0,0,0,0,0,0,0,0,0,0,0,0,0,0,0,0,0,0,0,0,0,0,0,0,0,0,0,0,0,0
0,0,0,0,0,0,0,0,0,0,0,0,0,0,0,0,0,0,0,0,0,0,0,0,0,0,0,0,0,0,0,0,0,0,0,0,0,0,0,0,0,0,0,0,0,0,0,0,0,0,0,0,0,0,0,0,0,0,0,0,0,0,0,0,0,0,0,0,0,0,0,0,0,0,0,0,0,0,0,0,0,0,0,0,0,0,0,0,0,0,0,0,0,0,0,0,0,0,0,0,0,0,0,0,0,0,0,0,0,0,0,0,0,0,0,0,0,0,0,0,0,0,0,0,0,0,0,0,0,0,0,0,0,0,0,0,0,0,0,0,0,0,0,0,0,0,0,0,0,0,0,0,0,0,0,0,0,0,0,0,0,0,0,0,0
2,0,0,1,1,0,0,0,0,0,0,0,0,0,0,8,0,0,10,0,0,0,3,1,4,0,0,0,0,0,0,0,1,1,22,0,0,0,0,0,0,55,0,1,8,1,2,0,91,62,1,30,2,0,5,1,0,0,0,1,0,10,2,0,1,7,5,0,0,0,0,7,0,0,0,0,14,0,51,1,2,0,2,6,0,1,0,0,14,0,1,0,0,0,0,1,1,0,0,2,0,0,2,0,0,0,0,0,0,1,0,0,0,0,4,0,3,10,0,0,2,0,3,0,0,0,0,0,0,0,0,0,0,0,0,0,4,0,0,1,0,0,0,0,0,4,0,0,1,18,3,4,53,1,267,14,0,0,0,0,0,0,1,0,0
9,0,0,3,0,2,0,0,0,0,0,0,0,0,0,0,0,1,2,0,0,0,0,5,1,0,0,0,0,0,0,0,3,0,12,0,0,0,0,0,0,28,0,0,3,5,2,0,28,30,1,5,0,0,10,0,0,0,0,0,0,3,2,0,1,0,3,0,0,0,0,2,0,0,0,0,7,0,24,1,1,0,0,0,0,0,0,0,3,1,5,0,0,0,0,0,0,0,0,0,0,0,0,0,3,0,0,1,0,0,0,0,0,0,2,0,2,4,0,0,0,0,2,0,0,1,0,0,0,0,0,0,0,0,0,2,1,0,0,0,0,0,0,0,0,1,0,0,2,32,4,30,119,1,819,23,0,2,1,0,0,0,0,0,0
11,0,0,1,0,0,0,0,3,0,4,0,0,0,0,31,0,1,12,0,0,0,1,2,1,0,0,0,0,0,0,0,17,1,18,0,0,0,0,0,0,49,0,9,61,17,7,0,35,4,11,145,0,0,58,1,0,3,0,6,0,5,1,3,6,1,16,0,0,0,0,28,0,0,0,0,8,0,69,0,4,6,0,14,0,2,0,2,4,0,3,0,0,2,0,1,0,0,0,1,0,0,3,0,1,0,0,5,0,0,0,0,0,1,5,2,12,46,0,0,0,0,3,0,0,1,0,0,0,0,0,0,0,0,0,0,10,3,0,3,0,2,1,0,1,9,0,3,6,5,6,4,51,2,280,41,0,0,1,0,0,0,2,0,0
0,2,0,0,1,0,0,0,0,0,0,1,0,0,0,1,0,0,12,0,0,0,1,1,0,0,0,0,0,0,1,0,0,0,19,1,0,1,0,0,0,9,0,0,19,2,5,0,0,13,3,45,0,0,1,0,0,0,0,3,0,4,7,1,0,1,2,0,0,0,0,17,0,0,0,0,7,0,24,1,3,2,13,1,0,0,0,0,1,0,2,0,0,0,0,0,3,0,0,1,0,2,10,0,14,4,6,12,0,3,0,0,2,0,0,1,1,8,4,0,0,0,6,0,0,0,0,0,0,0,0,0,0,0,0,0,0,0,0,2,0,0,0,1,0,3,0,0,4,18,3,4,6,0,171,33,3,0,0,0,0,0,1,0,0
0,0,0,0,0,0,0,0,0,0,0,0,0,0,0,0,0,0,1,0,0,0,3,0,0,0,0,0,0,0,0,7,0,0,3,0,0,0,4,0,0,58,0,0,0,1,0,0,0,0,0,0,0,0,0,0,0,0,0,0,0,0,0,0,0,0,1,0,0,0,0,0,0,0,0,0,0,0,98,0,1,0,0,0,0,0,0,0,0,0,0,0,0,0,0,0,0,0,2,0,0,0,0,0,0,0,0,0,0,0,0,0,0,0,0,0,0,0,0,0,0,0,0,0,1,0,0,0,1,0,0,0,0,0,0,0,0,0,0,0,0,0,0,0,0,0,0,0,0,6,0,10,7,0,28,8,0,0,0,0,0,0,0,0,0
0,0,0,0,0,0,0,0,0,0,0,0,0,0,0,0,0,0,0,0,0,0,0,0,0,0,0,0,0,0,0,0,0,0,0,0,0,0,0,0,0,0,0,0,0,0,0,0,0,0,0,0,0,0,0,0,0,0,0,0,0,0,0,0,0,0,0,0,0,0,0,0,0,0,0,0,0,0,0,0,0,0,0,0,0,0,0,0,0,0,0,0,0,0,0,0,0,0,0,0,0,0,0,0,0,0,0,0,0,0,0,0,0,0,0,0,0,0,0,0,0,0,0,0,0,0,0,0,0,0,0,0,0,0,0,0,0,0,0,0,0,0,0,0,0,0,0,0,0,0,0,0,0,0,0,0,0,0,0,0,0,0,0,0,0
0,0,0,0,0,0,0,0,0,0,0,0,0,0,0,0,0,0,0,0,0,0,0,0,0,0,0,0,0,0,0,0,0,0,0,0,0,0,0,0,0,0,0,0,0,0,0,0,0,0,0,0,0,0,0,0,0,0,0,0,0,0,0,0,0,0,0,0,0,0,0,0,0,0,0,0,0,0,0,0,0,0,0,0,0,0,0,0,0,0,0,0,0,0,0,0,0,0,0,0,0,0,0,0,0,0,0,0,0,0,0,0,0,0,0,0,0,0,0,0,0,0,0,0,0,0,0,0,0,0,0,0,0,0,0,0,0,0,0,0,0,0,0,0,0,0,0,0,0,0,0,0,0,0,0,0,0,0,0,0,0,0,0,0,0
0,0,0,0,0,0,0,0,0,0,0,0,0,0,0,0,0,0,0,0,0,0,0,0,0,0,0,0,0,0,0,0,0,0,0,0,0,0,0,0,0,0,0,0,0,0,0,0,0,0,0,0,0,0,0,0,0,0,0,0,0,0,0,0,0,0,0,0,0,0,0,0,0,0,0,0,0,0,0,0,0,0,0,0,0,0,0,0,0,0,0,0,0,0,0,0,0,0,0,0,0,0,0,0,0,0,0,0,0,0,0,0,0,0,0,0,0,0,0,0,0,0,0,0,0,0,0,0,0,0,0,0,0,0,0,0,0,0,0,0,0,0,0,0,0,0,0,0,0,0,0,0,0,0,0,0,0,0,0,0,0,0,0,0,0
0,0,0,0,0,0,0,0,0,0,0,0,0,0,0,0,0,0,0,0,0,0,0,0,0,0,0,0,0,0,0,0,0,0,0,0,0,0,0,0,0,0,0,0,0,0,0,0,0,0,0,0,0,0,0,0,0,0,0,0,0,0,0,0,0,0,0,0,0,0,0,0,0,0,0,0,0,0,0,0,0,0,0,0,0,0,0,0,0,0,0,0,0,0,0,0,0,0,0,0,0,0,0,0,0,0,0,0,0,0,0,0,0,0,0,0,0,0,0,0,0,0,0,0,0,0,0,0,0,0,0,0,0,0,0,0,0,0,0,0,0,0,0,0,0,0,0,0,0,0,0,0,0,0,0,0,0,0,0,0,0,0,0,0,0
0,0,0,0,0,0,0,0,0,0,0,0,0,0,0,0,0,0,0,0,0,0,0,0,0,0,0,0,0,0,0,0,0,0,0,0,0,0,0,0,0,0,0,0,0,0,0,0,0,0,0,0,0,0,0,0,0,0,0,0,0,0,0,0,0,0,0,0,0,0,0,0,0,0,0,0,0,0,0,0,0,0,0,0,0,0,0,0,0,0,0,0,0,0,0,0,0,0,0,0,0,0,0,0,0,0,0,0,0,0,0,0,0,0,0,0,0,0,0,0,0,0,0,0,0,0,0,0,0,0,0,0,0,0,0,0,0,0,0,0,0,0,0,0,0,0,0,0,0,0,0,0,0,0,0,0,0,0,0,0,0,0,0,0,0
0,0,0,0,0,0,0,0,0,0,0,0,0,0,0,0,0,0,0,0,0,0,0,0,0,0,0,0,0,0,0,0,0,0,0,0,0,0,0,0,0,0,0,0,0,0,0,0,0,0,0,0,0,0,0,0,0,0,0,0,0,0,0,0,0,0,0,0,0,0,0,0,0,0,0,0,0,0,0,0,0,0,0,0,0,0,0,0,0,0,0,0,0,0,0,0,0,0,0,0,0,0,0,0,0,0,0,0,0,0,0,0,0,0,0,0,0,0,0,0,0,0,0,0,0,0,0,0,0,0,0,0,0,0,0,0,0,0,0,0,0,0,0,0,0,0,0,0,0,0,0,0,0,0,0,0,0,0,0,0,0,0,0,0,0
0,0,0,0,0,0,0,0,0,0,0,0,0,0,0,0,0,0,0,0,0,0,0,0,0,0,0,0,0,0,0,0,0,0,0,0,0,0,0,0,0,0,0,0,0,0,0,0,0,0,0,0,0,0,0,0,0,0,0,0,0,0,0,0,0,0,0,0,0,0,0,0,0,0,0,0,0,0,0,0,0,0,0,0,0,0,0,0,0,0,0,0,0,0,0,0,0,0,0,0,0,0,0,0,0,0,0,0,0,0,0,0,0,0,0,0,0,0,0,0,0,0,0,0,0,0,0,0,0,0,0,0,0,0,0,0,0,0,0,0,0,0,0,0,0,0,0,0,0,0,0,0,0,0,0,0,0,0,0,0,0,0,0,0,0
0,0,0,0,0,0,0,0,0,0,0,0,0,0,0,0,0,0,0,0,0,0,0,0,0,0,0,0,0,0,0,0,0,0,0,0,0,0,0,0,0,0,0,0,0,0,0,0,0,0,0,0,0,0,0,0,0,0,0,0,0,0,0,0,0,0,0,0,0,0,0,0,0,0,0,0,0,0,0,0,0,0,0,0,0,0,0,0,0,0,0,0,0,0,0,0,0,0,0,0,0,0,0,0,0,0,0,0,0,0,0,0,0,0,0,0,0,0,0,0,0,0,0,0,0,0,0,0,0,0,0,0,0,0,0,0,0,0,0,0,0,0,0,0,0,0,0,0,0,0,0,0,0,0,0,0,0,0,0,0,0,0,0,0,0
2,0,0,4,2,0,0,0,0,0,0,0,1,0,0,31,0,0,1,0,0,0,0,0,0,0,0,0,0,0,0,0,0,0,2,0,0,0,0,0,0,28,0,2,7,6,1,0,15,6,0,10,0,0,72,0,0,1,0,10,0,0,0,9,1,6,11,0,0,0,0,20,2,0,0,0,10,0,21,2,5,0,0,30,0,0,0,0,0,0,0,0,0,0,0,0,0,0,0,0,0,0,1,0,0,0,0,2,0,0,0,0,0,0,0,0,1,7,0,0,0,0,0,0,0,0,0,0,0,0,0,0,0,0,0,0,7,0,0,0,1,2,0,0,0,12,0,0,1,11,1,44,50,20,147,38,0,0,0,0,0,0,1,0,0
0,0,0,0,0,0,0,0,0,0,0,0,0,0,0,0,1,0,2,0,0,0,1,0,1,0,0,0,0,0,0,7,0,0,9,0,0,0,1,0,0,229,0,0,2,12,4,0,8,19,2,4,0,0,5,0,0,0,0,1,0,1,0,1,0,1,7,0,0,1,0,1,0,0,0,0,6,0,21,0,7,0,1,0,0,2,0,0,0,0,0,0,0,0,0,0,0,0,8,1,0,0,0,0,0,0,0,0,0,0,0,0,0,0,0,0,0,2,0,0,0,0,0,1,0,0,0,2,0,0,0,0,0,0,0,0,6,0,0,0,0,2,0,0,0,2,0,0,4,4,4,4,24,0,43,14,0,0,0,0,0,0,0,0,0
0,0,0,0,0,0,0,0,0,0,0,0,0,0,0,0,0,0,0,0,0,0,0,0,0,0,0,0,0,0,0,0,0,0,0,0,0,0,0,0,0,0,0,0,0,0,0,0,0,0,0,0,0,0,0,0,0,0,0,0,0,0,0,0,0,0,0,0,0,0,0,0,0,0,0,0,0,0,0,0,0,0,0,0,0,0,0,0,0,0,0,0,0,0,0,0,0,0,0,0,0,0,0,0,0,0,0,0,0,0,0,0,0,0,0,0,0,0,0,0,0,0,0,0,0,0,0,0,0,0,0,0,0,0,0,0,0,0,0,0,0,0,0,0,0,0,0,0,0,0,0,0,0,0,0,0,0,0,0,0,0,0,0,0,0
4,0,0,9,4,0,0,0,0,0,0,0,0,0,0,10,1,0,0,0,0,0,1,0,0,0,0,0,0,0,0,0,0,0,22,1,0,0,0,0,0,35,0,0,2,2,2,0,14,30,2,25,0,0,23,0,0,0,0,4,0,1,0,1,1,1,6,0,0,0,0,4,0,0,0,0,15,0,49,3,7,0,0,0,0,0,0,1,0,0,1,0,0,0,0,0,0,0,2,0,0,0,0,0,1,1,0,0,0,0,0,0,1,0,0,0,1,2,0,0,0,1,0,0,0,0,0,0,0,0,0,0,0,0,0,0,3,0,1,0,0,0,0,0,0,58,0,0,2,10,2,11,14,6,68,12,0,2,0,0,0,0,2,0,0
1,0,0,0,0,0,0,0,0,0,0,1,0,0,0,0,0,0,4,0,0,0,0,2,1,0,0,0,0,0,0,0,3,0,31,1,0,0,0,0,0,34,0,1,10,18,6,0,17,24,2,20,0,1,45,0,0,1,0,2,0,7,8,0,0,7,7,0,0,0,0,47,0,0,0,0,7,0,30,0,3,1,1,0,0,0,0,0,1,2,3,0,0,0,0,0,1,0,0,0,0,0,3,0,0,1,0,2,0,0,0,0,0,0,1,0,0,4,0,0,0,1,3,0,0,0,0,0,0,0,0,0,0,0,0,0,0,0,1,3,0,1,0,0,0,0,0,0,2,12,3,15,6,0,88,22,0,0,0,0,0,0,1,0,0
1,0,0,1,0,0,0,0,0,0,0,0,0,0,0,0,0,0,2,0,0,0,1,0,0,0,0,0,0,0,0,0,0,0,28,1,0,0,0,0,0,76,0,1,7,19,8,0,8,65,4,10,0,0,2,0,0,0,0,5,0,1,2,3,3,2,5,0,0,0,0,16,1,0,0,0,9,0,50,0,0,1,0,0,0,1,0,1,0,0,0,0,0,0,0,0,0,0,0,0,0,1,0,0,0,0,0,0,0,1,0,0,0,0,3,0,3,5,0,0,0,3,1,0,0,0,0,1,0,0,0,0,0,0,0,0,1,0,0,0,0,1,0,0,0,3,0,0,5,9,2,16,10,1,109,26,0,0,0,0,0,0,1,0,0
6,0,0,1,1,0,0,0,0,0,1,0,2,0,0,3,0,1,15,1,0,0,0,0,0,0,0,0,0,0,0,0,2,0,0,0,0,0,0,0,0,64,0,1,5,10,5,1,56,82,2,0,0,1,7,0,0,0,0,2,0,8,3,0,3,4,9,0,0,0,0,104,1,0,0,0,5,0,51,4,3,5,0,1,0,1,0,1,1,0,4,0,0,0,0,0,0,0,0,0,0,0,1,1,2,0,0,0,0,0,0,0,0,0,0,1,0,7,0,0,0,1,4,0,0,0,0,0,0,0,0,0,0,0,0,0,3,2,0,0,0,1,0,0,0,0,0,1,15,33,1,8,11,1,170,17,1,0,0,0,0,0,0,0,0
2,0,0,1,0,0,0,0,0,0,0,0,0,0,0,0,0,0,8,0,0,0,1,2,14,0,0,0,0,0,0,0,7,0,10,0,0,0,0,0,0,41,0,2,4,9,10,0,23,103,3,27,0,1,13,0,0,0,0,0,0,6,9,2,0,2,3,0,0,0,1,15,0,0,0,0,9,0,34,1,0,1,0,2,0,0,0,0,0,0,2,0,0,0,0,0,0,0,0,0,0,0,2,0,4,0,0,4,0,1,0,0,1,0,0,0,3,5,0,0,0,0,4,0,0,0,0,0,0,0,0,0,0,0,0,1,0,0,0,1,0,0,0,0,0,1,0,1,2,9,1,11,14,0,202,17,0,0,0,0,0,0,0,0,0
2,0,0,0,2,0,0,0,0,0,0,0,0,0,0,0,0,1,2,0,0,0,0,1,0,0,0,0,0,0,0,0,0,0,8,0,0,0,0,0,0,12,0,4,13,7,5,0,11,33,2,10,0,0,16,0,0,1,0,0,0,3,0,0,1,0,6,0,0,0,0,51,0,0,0,0,5,0,7,0,0,3,0,17,0,0,0,0,0,0,0,0,0,0,0,0,0,0,0,0,0,0,0,0,0,0,0,0,0,2,0,0,0,0,0,0,0,7,0,0,0,0,1,0,0,0,0,0,0,0,0,0,0,0,0,0,1,0,0,1,0,0,0,0,0,1,0,0,3,5,3,13,14,1,284,17,0,0,0,0,0,0,1,0,0
4,0,1,1,1,0,0,0,0,0,1,0,0,0,0,0,0,0,2,0,0,0,2,0,2,0,0,0,0,0,0,0,3,0,13,0,0,0,1,0,0,62,0,1,23,14,7,0,10,92,2,21,0,0,0,1,0,1,0,1,0,1,2,0,6,4,19,0,0,0,0,9,0,0,0,0,10,0,14,0,1,4,1,4,0,0,0,0,1,0,4,0,0,0,0,0,0,0,1,0,0,2,0,0,0,2,0,1,0,1,0,0,3,0,2,1,2,11,0,0,0,2,4,0,0,0,0,0,0,0,0,0,0,0,0,1,1,1,0,5,0,5,0,0,1,6,0,0,4,11,5,40,17,5,131,24,0,4,0,0,0,0,1,0,1
33,0,0,0,2,0,0,0,0,0,0,0,0,0,0,0,4,0,11,0,0,0,0,3,0,0,0,0,0,0,0,0,0,0,14,0,0,0,0,0,0,19,0,2,20,11,1,0,6,44,2,10,0,0,0,0,0,0,0,0,0,4,1,0,0,0,5,0,0,0,0,6,0,0,0,0,9,0,18,0,1,0,2,1,0,0,0,0,0,1,1,0,0,0,0,1,0,0,2,0,0,0,2,0,0,1,0,0,0,0,1,1,1,1,7,0,9,16,1,0,0,1,3,0,0,0,0,0,0,0,0,0,0,0,0,2,0,0,0,0,0,0,0,0,1,1,0,0,8,9,3,36,7,3,138,40,1,0,0,0,0,0,3,0,0
37,0,0,0,17,0,0,0,0,0,6,0,0,0,0,0,0,0,1,0,0,0,0,0,0,0,1,0,0,0,0,0,0,0,4,0,0,0,0,0,0,60,0,0,2,25,1,0,32,24,5,103,0,0,6,0,0,3,0,0,0,0,0,0,0,3,9,0,0,0,3,9,0,0,0,0,11,2,19,1,0,1,0,0,0,0,1,0,0,0,2,0,0,0,0,0,0,0,0,0,0,0,0,0,0,0,0,0,0,0,0,0,0,0,0,0,0,3,0,0,0,10,3,0,0,0,0,1,0,0,0,0,0,0,0,0,0,0,0,0,0,0,0,0,0,1,0,0,8,8,5,1,12,0,194,22,0,0,0,0,0,0,5,0,0
26,0,0,0,14,0,0,0,0,0,0,0,0,0,0,0,0,2,2,1,0,0,0,0,0,0,0,0,0,0,0,0,0,0,7,0,0,0,0,0,0,40,0,0,0,200,0,0,16,6,3,32,0,0,26,0,0,0,0,0,0,0,0,0,1,3,10,0,0,0,0,15,0,0,0,0,10,0,15,1,4,0,0,0,0,0,0,0,0,0,2,0,0,0,0,0,1,0,1,0,0,1,0,0,1,0,0,1,0,0,0,0,1,3,5,1,0,4,0,0,0,3,4,0,0,0,0,0,0,0,0,0,0,0,0,0,0,0,0,0,0,3,0,0,0,0,0,0,3,3,1,5,10,3,283,22,0,0,0,0,0,0,3,0,0
14,0,0,0,7,0,0,0,0,0,2,0,0,0,0,6,0,0,7,0,0,0,0,0,0,0,0,0,0,0,0,0,0,0,0,0,0,0,0,0,0,37,0,1,0,119,1,0,7,5,6,22,0,0,13,0,0,0,0,0,0,0,0,0,2,0,4,0,0,2,0,12,0,0,0,0,13,0,20,0,3,1,0,0,0,0,0,0,0,0,11,0,0,0,0,0,0,0,8,0,0,0,0,0,0,0,0,0,0,0,0,0,0,1,1,0,1,4,0,0,1,4,6,0,0,6,0,2,0,0,0,0,0,0,0,0,0,0,0,1,0,3,0,0,0,0,0,0,9,16,4,8,13,0,398,17,0,0,0,0,0,0,1,0,1
0,0,0,0,0,0,0,0,0,0,0,0,1,0,0,5,0,0,6,0,1,0,1,0,0,0,0,0,0,0,0,0,11,0,25,0,0,0,0,0,0,47,0,0,4,1,3,0,75,105,6,13,4,2,0,0,0,0,0,0,0,9,5,0,1,0,8,0,0,0,0,0,0,0,0,0,10,0,38,0,2,0,0,4,0,0,0,0,7,0,35,0,0,3,0,0,0,0,0,0,0,0,0,0,0,0,0,0,0,0,0,0,0,0,5,0,3,10,0,0,0,1,0,0,2,0,0,0,0,0,0,0,0,0,0,2,11,0,0,8,0,7,0,0,0,2,0,0,5,10,0,7,2,1,72,22,0,0,0,0,0,0,0,0,0
0,0,0,0,0,0,0,0,1,0,0,0,2,0,0,30,0,0,7,0,0,0,0,0,0,0,0,1,0,0,0,0,2,0,31,0,0,0,0,1,0,44,0,0,3,6,2,0,147,274,8,46,0,3,3,0,0,0,0,0,0,7,1,0,6,11,18,0,0,0,0,7,1,0,0,0,68,0,34,0,3,6,0,291,0,1,0,0,12,0,0,0,0,0,0,0,0,0,0,0,0,0,0,0,0,0,0,0,0,0,0,0,0,0,0,0,1,1,0,0,0,0,2,0,0,0,0,0,0,0,0,0,0,0,0,0,3,0,0,1,0,1,0,0,0,0,0,0,14,18,0,8,16,0,123,23,0,0,0,0,0,0,0,0,0
0,0,0,0,1,0,0,0,0,0,1,0,0,0,0,9,0,0,9,0,0,0,0,1,13,0,0,0,0,0,0,0,1,0,0,0,0,0,0,0,0,52,0,2,19,7,3,0,73,76,5,19,0,1,13,0,0,0,0,1,0,3,2,0,2,1,8,0,0,0,0,17,0,0,0,0,6,0,40,0,2,1,0,3,0,0,0,1,2,0,2,0,0,0,0,0,0,0,2,0,0,0,0,0,0,0,0,0,0,0,0,0,0,0,1,2,2,6,0,0,0,0,0,0,0,1,0,0,0,0,0,0,0,0,0,0,1,0,0,1,0,1,0,0,0,2,0,0,9,6,0,14,8,0,59,22,0,1,0,0,0,0,0,0,0
0,0,0,0,0,0,0,0,0,0,0,0,0,0,0,0,1,0,0,0,0,0,0,1,0,0,0,0,0,0,1,0,0,0,15,0,0,0,0,0,0,28,0,0,4,4,0,0,93,29,3,18,0,0,5,2,0,0,0,0,0,2,0,0,0,2,15,0,0,0,0,2,0,0,0,0,3,0,34,0,0,1,0,3,0,0,0,0,5,0,0,0,0,0,0,0,0,0,0,0,0,0,0,0,2,0,1,0,0,0,0,0,0,0,0,0,1,1,0,0,0,1,3,0,0,0,0,0,0,0,0,0,0,0,0,0,2,0,0,0,0,0,0,0,1,0,0,0,0,3,0,16,17,0,54,11,0,0,0,0,0,0,1,0,0
0,0,1,4,0,0,0,0,0,0,0,1,0,0,0,1,0,0,0,0,0,0,0,0,0,0,0,0,0,0,0,0,0,0,4,0,0,0,0,0,0,9,0,0,3,6,1,0,128,20,4,8,0,0,3,0,0,0,0,0,0,0,0,0,0,0,13,0,0,0,1,0,0,0,0,0,8,0,2,0,0,0,0,0,0,1,0,0,3,0,1,0,0,0,0,1,0,0,0,0,0,0,0,0,0,0,0,0,0,0,0,1,0,0,0,0,0,1,0,0,0,0,1,0,0,0,0,0,0,0,0,0,0,0,0,0,0,0,0,0,0,0,0,0,0,1,0,0,1,3,0,23,8,3,73,37,0,0,0,0,0,0,0,0,0
0,0,0,0,0,0,0,0,1,0,0,0,0,0,0,0,0,0,0,0,0,0,8,0,0,0,0,0,0,1,0,1,6,0,0,0,0,1,0,1,0,10,0,0,1,5,3,0,0,5,1,5,1,0,3,0,0,0,0,2,0,1,4,0,1,0,1,0,0,0,0,1,0,0,0,0,3,0,1,0,1,0,0,0,0,0,0,0,1,0,0,0,0,0,0,0,0,0,0,0,0,0,0,0,0,0,0,0,0,0,0,0,0,0,0,0,0,8,0,0,0,0,0,0,0,0,0,0,0,0,0,0,0,0,0,0,0,0,0,0,0,0,0,0,0,0,0,0,0,0,2,10,11,0,428,3,0,0,0,0,1,0,0,0,0
1,0,0,0,0,0,0,0,2,0,0,0,0,0,0,2,0,1,2,0,0,0,0,2,3,0,0,0,0,0,0,0,0,0,17,0,0,0,0,0,0,4,0,0,10,9,3,0,4,2,1,22,0,1,46,0,1,0,0,0,0,2,1,0,1,2,8,0,0,0,0,4,0,0,0,0,1,0,4,2,2,1,1,0,0,0,0,0,1,1,0,0,0,1,0,0,0,0,1,0,0,0,2,0,0,0,0,5,0,0,0,0,1,1,0,3,4,34,1,0,0,0,2,0,1,0,0,0,0,0,0,0,1,0,0,0,1,0,0,1,0,1,0,0,0,2,0,1,4,6,1,23,17,0,92,24,0,0,0,0,1,0,0,0,0
2,0,0,0,0,0,0,0,0,1,0,0,0,0,0,17,0,0,3,0,0,0,2,1,0,0,0,0,0,0,0,0,0,0,0,0,0,0,0,1,0,27,0,0,19,5,9,0,0,19,2,22,0,1,6,0,0,0,0,0,0,1,2,0,1,1,3,0,0,0,0,5,0,0,0,0,4,0,12,0,2,5,0,0,0,0,0,0,0,0,0,0,0,0,0,0,0,0,4,0,0,0,0,0,0,1,0,2,0,0,1,0,0,0,1,0,5,24,0,0,0,0,5,0,0,0,0,1,0,0,0,0,0,0,0,0,0,0,0,0,0,1,0,0,0,2,0,1,1,7,2,14,6,1,97,35,0,0,0,0,1,0,0,0,2
3,1,0,0,0,0,0,0,0,0,1,1,1,0,0,5,0,0,3,0,0,0,2,0,2,0,0,0,0,0,0,0,1,0,16,0,0,0,0,0,0,99,0,2,11,12,6,0,3,21,4,60,0,0,9,0,0,0,0,0,0,0,0,1,0,0,6,0,0,0,7,9,1,0,0,0,9,0,22,0,2,2,1,0,0,0,0,0,2,0,2,0,0,0,0,0,0,0,2,0,0,0,0,0,0,2,2,6,0,0,1,0,2,1,3,0,9,20,0,0,0,0,3,0,0,0,0,4,0,0,0,0,0,0,0,0,0,0,0,0,0,1,1,0,1,3,0,2,0,13,3,19,8,2,85,25,0,1,0,0,0,0,0,0,0
7,0,4,0,0,0,0,0,0,0,0,0,0,0,0,0,0,0,0,0,0,0,0,0,0,0,0,0,0,0,0,0,0,0,5,0,0,0,0,0,0,28,0,0,1,111,2,0,5,9,3,134,0,0,6,0,0,0,0,0,0,0,0,0,0,3,2,0,0,0,0,16,0,0,0,0,4,0,3,0,0,0,0,1,0,1,0,0,0,0,1,0,0,0,0,0,0,0,0,0,0,1,1,0,0,0,0,0,0,0,0,0,0,1,3,1,2,1,0,0,8,0,4,0,0,0,0,0,0,0,0,0,0,0,0,0,0,0,0,0,0,0,0,0,0,1,0,0,1,6,2,32,10,1,106,21,0,1,0,0,0,0,0,0,0
1,0,2,2,0,0,0,0,0,0,0,2,0,0,0,0,0,1,5,0,0,0,0,0,1,0,0,0,0,0,0,0,0,0,6,1,0,0,0,0,0,12,0,2,4,8,5,0,3,19,4,100,0,0,11,0,0,0,0,0,0,1,0,0,2,1,4,0,0,0,4,12,0,0,0,0,9,0,30,0,4,4,1,2,0,0,0,0,2,0,1,0,0,0,0,0,0,0,12,0,0,1,0,0,0,1,0,3,0,1,1,1,2,0,11,3,7,19,0,0,0,1,6,0,0,2,0,0,0,0,0,0,0,0,0,0,0,0,0,0,0,3,0,0,0,0,0,2,1,15,3,23,20,1,158,30,0,3,0,0,1,0,2,0,0
1,0,0,0,0,0,0,1,0,0,0,2,0,0,0,1,0,0,8,0,1,0,0,1,2,0,0,0,0,0,0,0,0,0,16,0,0,0,0,0,0,12,0,2,3,4,8,0,1,5,2,43,0,0,1,0,0,0,0,0,0,1,0,0,1,1,2,0,0,0,9,18,0,0,0,0,9,0,13,0,3,4,0,0,0,0,0,0,1,0,4,0,0,1,0,0,0,1,1,1,0,1,2,0,6,3,0,3,1,7,0,0,7,0,16,2,4,31,4,0,0,1,4,0,0,0,0,1,0,0,0,0,0,0,0,0,1,0,0,1,4,8,0,0,0,6,0,2,1,10,1,9,8,1,122,25,0,3,0,0,3,0,3,0,0
0,0,1,0,0,0,0,0,0,0,0,1,0,1,0,4,1,0,17,0,0,0,1,0,1,0,0,0,0,0,0,0,2,0,22,0,0,0,0,0,0,5,0,1,4,2,27,0,1,12,3,32,0,0,2,0,0,0,0,0,0,2,0,0,0,1,6,0,0,0,21,28,0,0,0,0,11,0,30,0,1,3,1,0,0,1,0,1,1,0,4,0,0,2,0,0,0,0,5,0,0,1,0,0,2,1,2,4,0,9,0,1,7,0,11,0,9,35,1,0,0,1,2,0,0,2,0,5,0,0,0,0,0,0,1,1,1,0,0,0,1,1,0,0,0,5,0,1,1,7,10,11,16,1,158,16,0,4,0,0,1,0,2,0,0
1,0,0,0,0,0,0,0,0,0,0,1,1,0,0,0,0,1,6,0,3,0,0,0,1,0,0,0,0,0,0,0,0,0,16,1,0,0,0,0,0,24,0,0,3,6,9,0,7,17,6,66,0,0,5,0,0,0,0,1,0,0,3,0,0,1,7,0,0,0,35,8,0,0,0,0,20,0,26,2,3,6,5,0,0,2,0,0,2,1,8,0,0,0,0,0,0,0,1,0,0,0,1,0,0,0,1,3,1,2,0,1,2,1,6,1,3,9,0,0,0,0,4,0,0,0,0,2,0,0,0,0,0,0,0,0,1,0,0,0,0,7,0,0,0,3,0,0,3,6,2,15,14,2,136,29,0,1,0,0,0,0,3,0,0
2,0,1,0,0,0,0,0,0,0,1,0,1,0,0,3,0,0,5,0,1,0,3,1,0,0,0,0,0,0,0,0,1,0,7,1,0,0,0,0,1,93,0,4,6,27,11,0,4,17,3,15,0,2,1,0,0,0,0,5,0,11,4,1,1,2,4,0,0,0,69,38,0,0,0,0,11,0,29,1,2,4,1,0,0,2,0,1,9,0,2,0,0,0,0,0,0,0,4,0,0,0,3,0,0,1,0,0,0,1,0,1,3,0,5,2,5,15,1,0,0,1,8,0,0,2,0,3,0,1,0,0,0,0,0,0,1,1,0,0,0,0,0,0,0,2,0,0,5,9,4,23,18,2,169,29,0,2,0,0,0,0,2,0,1
3,0,8,1,0,0,0,0,0,0,0,0,0,0,0,1,0,0,6,0,1,0,0,0,1,0,0,0,0,0,0,0,1,0,12,0,0,0,0,0,0,26,0,0,0,13,9,0,1,10,5,23,0,0,0,0,0,0,0,1,0,4,8,0,0,0,5,0,0,0,0,13,0,1,0,0,5,0,28,1,6,2,1,0,0,5,0,1,11,0,8,0,2,5,0,1,0,0,1,0,0,0,1,0,0,0,1,1,0,0,0,0,0,0,6,1,7,9,0,0,0,1,3,0,0,2,0,0,0,0,0,0,0,0,0,0,1,5,0,2,0,1,0,0,0,5,0,0,4,11,2,11,31,0,286,8,2,0,0,0,0,0,0,0,0
0,0,0,0,0,0,0,0,0,0,0,0,0,0,0,1,0,0,3,0,0,0,0,0,0,0,0,0,0,0,0,0,0,0,1,0,0,0,0,0,0,9,0,0,0,9,0,0,1,2,0,7,0,0,1,0,0,0,0,0,0,0,0,0,0,0,0,0,0,0,0,1,0,0,0,0,0,0,1,0,1,0,0,1,0,0,0,0,0,0,11,0,0,0,0,0,1,0,1,1,0,0,0,0,0,0,0,0,0,0,0,0,0,0,1,0,0,2,0,0,0,0,0,0,0,0,0,0,0,0,0,0,0,0,0,0,0,0,0,278,1,0,0,0,0,1,5,16,5,8,1,26,9,41,217,34,0,0,0,0,0,0,0,0,0
1,0,0,0,0,0,0,0,0,0,0,0,0,0,0,0,0,0,3,0,0,0,3,0,0,0,0,0,0,0,0,0,0,0,2,0,0,0,0,0,0,31,0,0,0,27,2,1,2,14,6,25,0,0,1,0,0,0,0,0,0,1,0,0,0,1,5,0,0,0,0,10,0,0,0,0,0,0,1,0,1,0,9,0,0,0,0,0,0,0,13,0,0,0,0,1,0,0,0,0,0,0,1,0,0,0,0,0,0,1,0,0,0,0,0,0,0,8,0,0,0,0,2,0,1,0,0,4,0,0,0,0,0,0,0,0,0,0,0,207,2,0,0,0,0,0,1,37,3,5,12,32,8,5,224,85,0,0,0,0,0,0,2,0,0
0,0,0,0,0,0,0,0,0,0,0,0,0,0,0,0,0,0,0,0,0,0,0,0,0,0,0,0,0,0,0,0,0,0,0,0,0,0,0,0,0,0,0,0,0,0,0,0,0,0,0,0,0,0,0,0,0,0,0,0,0,0,0,0,0,0,0,0,0,0,0,0,0,0,0,0,0,0,0,0,0,0,0,0,0,0,0,0,0,0,0,0,0,0,0,0,0,0,0,0,0,0,0,0,0,0,0,0,0,0,0,0,0,0,0,0,0,0,0,0,0,0,0,0,0,0,0,0,0,0,0,0,0,0,0,0,0,0,0,0,0,0,0,0,0,0,0,0,0,0,0,0,0,0,0,0,0,0,0,0,0,0,0,0,0
0,0,0,0,0,0,0,0,0,0,0,0,0,0,0,0,0,0,1,0,0,0,0,0,0,0,0,0,0,0,0,0,0,0,0,0,0,0,0,0,0,0,0,0,0,1,0,0,2,2,0,4,0,0,2,0,0,0,0,0,0,0,0,0,1,0,1,0,0,0,0,1,0,0,0,0,1,0,1,0,0,0,0,0,0,0,0,1,0,0,166,0,0,0,0,3,0,0,0,2,0,0,0,0,0,0,0,0,0,0,0,0,0,0,0,0,0,3,0,0,0,0,0,0,3,1,0,0,0,0,0,0,0,0,0,0,0,0,0,0,0,0,0,0,0,0,0,0,0,1,2,16,2,55,262,23,0,0,0,0,0,0,0,0,0
0,0,0,0,0,0,0,0,0,0,0,0,0,0,0,0,0,0,0,0,0,0,0,0,0,0,0,0,0,0,0,0,0,0,0,0,0,0,0,0,0,0,0,0,0,0,0,0,0,0,0,0,0,0,0,0,0,0,0,0,0,0,0,0,0,0,0,0,0,0,0,0,0,0,0,0,0,0,0,0,0,0,0,0,0,0,0,0,0,0,0,0,0,0,0,0,0,0,0,0,0,0,0,0,0,0,0,0,0,0,0,0,0,0,0,0,0,0,0,0,0,0,0,0,0,0,0,0,0,0,0,0,0,0,0,0,0,0,0,0,0,0,0,0,0,0,0,0,0,0,0,0,0,0,0,0,0,0,0,0,0,0,0,0,0
0,0,0,0,0,0,0,0,0,0,0,0,0,0,0,0,0,0,0,0,0,0,0,0,0,0,0,0,0,0,0,0,0,0,0,0,0,0,0,0,0,0,0,0,0,0,0,0,0,0,0,0,0,0,0,0,0,0,0,0,0,0,0,0,0,0,0,0,0,0,0,0,0,0,0,0,0,0,0,0,0,0,0,0,0,0,0,0,0,0,0,0,0,0,0,0,0,0,0,0,0,0,0,0,0,0,0,0,0,0,0,0,0,0,0,0,0,0,0,0,0,0,0,0,0,0,0,0,0,0,0,0,0,0,0,0,0,0,0,0,0,0,0,0,0,0,0,0,0,0,0,0,0,0,0,0,0,0,0,0,0,0,0,0,0
0,0,0,0,0,0,0,0,0,0,0,0,0,0,0,0,0,0,22,0,0,0,0,0,0,0,0,0,0,0,0,0,0,0,0,0,0,0,0,0,0,11,0,0,0,269,0,0,0,5,0,40,0,0,0,0,0,0,0,0,0,0,0,0,1,0,5,0,0,0,0,1,0,0,0,0,0,0,23,2,5,0,0,1,0,4,0,8,0,0,0,0,0,1,0,0,0,0,0,2,0,0,1,0,0,0,0,0,0,0,0,0,0,0,0,0,0,0,0,0,0,0,0,0,6,0,0,0,0,0,0,0,0,0,0,0,0,0,0,0,0,0,0,0,0,0,0,0,1,1,3,7,1,20,51,9,0,1,0,0,0,0,0,0,0
0,0,0,0,0,0,0,0,0,0,0,0,0,0,0,0,0,0,0,0,0,0,0,0,0,0,0,0,0,0,0,0,0,0,0,0,0,0,0,0,0,0,0,0,0,0,0,0,0,0,0,0,0,0,0,0,0,0,0,0,0,0,0,0,0,0,0,0,0,0,0,0,0,0,0,0,0,0,0,0,0,0,0,0,0,0,0,0,0,0,0,0,0,0,0,0,0,0,0,0,0,0,0,0,0,0,0,0,0,0,0,0,0,0,0,0,0,0,0,0,0,0,0,0,0,0,0,0,0,0,0,0,0,0,0,0,0,0,0,0,0,0,0,0,0,0,0,0,0,0,0,0,0,0,0,0,0,0,0,0,0,0,0,0,0
0,0,0,0,0,0,0,0,0,0,0,0,0,0,0,0,0,0,0,0,0,0,0,0,0,0,0,0,0,0,0,0,0,0,0,0,0,0,0,0,0,0,0,0,0,0,0,0,0,0,0,0,0,0,0,0,0,0,0,0,0,0,0,0,0,0,0,0,0,0,0,0,0,0,0,0,0,0,0,0,0,0,0,0,0,0,0,0,0,0,0,0,0,0,0,0,0,0,0,0,0,0,0,0,0,0,0,0,0,0,0,0,0,0,0,0,0,0,0,0,0,0,0,0,0,0,0,0,0,0,0,0,0,0,0,0,0,0,0,0,0,0,0,0,0,0,0,0,0,0,0,0,0,0,0,0,0,0,0,0,0,0,0,0,0
0,0,0,0,0,0,0,0,0,0,0,0,0,0,0,0,0,0,0,0,0,0,0,0,0,0,0,0,0,0,0,0,0,0,0,0,0,0,0,0,0,0,0,0,0,0,0,0,0,0,0,0,0,0,0,0,0,0,0,0,0,0,0,0,0,0,0,0,0,0,0,0,0,0,0,0,0,0,0,0,0,0,0,0,0,0,0,0,0,0,0,0,0,0,0,0,0,0,0,0,0,0,0,0,0,0,0,0,0,0,0,0,0,0,0,0,0,0,0,0,0,0,0,0,0,0,0,0,0,0,0,0,0,0,0,0,0,0,0,0,0,0,0,0,0,0,0,0,0,0,0,0,0,0,0,0,0,0,0,0,0,0,0,0,0
0,0,0,0,0,0,0,0,0,0,0,0,0,0,0,0,0,0,0,0,0,0,0,0,0,0,0,0,0,0,0,0,0,0,0,0,0,0,0,0,0,0,0,0,0,0,0,0,0,0,0,0,0,0,0,0,0,0,0,0,0,0,0,0,0,0,0,0,0,0,0,0,0,0,0,0,0,0,0,0,0,0,0,0,0,0,0,0,0,0,0,0,0,0,0,0,0,0,0,0,0,0,0,0,0,0,0,0,0,0,0,0,0,0,0,0,0,0,0,0,0,0,0,0,0,0,0,0,0,0,0,0,0,0,0,0,0,0,0,0,0,0,0,0,0,0,0,0,0,0,0,0,0,0,0,0,0,0,0,0,0,0,0,0,0
0,0,0,0,0,0,0,0,0,0,0,0,0,0,0,0,0,0,14,0,0,0,0,0,0,0,0,0,0,0,0,0,0,0,3,0,0,0,0,0,0,10,0,0,0,243,0,0,4,1,2,29,0,0,0,0,0,0,0,0,0,0,0,0,5,1,12,0,0,0,0,12,0,0,0,0,7,0,65,2,8,0,0,0,0,0,0,1,0,0,0,0,0,0,0,0,0,0,0,0,0,0,0,0,0,0,0,0,0,0,0,0,0,1,0,0,0,0,0,0,0,0,0,0,1,0,0,0,0,0,0,0,0,0,0,0,0,0,0,0,0,0,0,0,0,0,0,0,0,6,0,20,1,7,61,19,0,0,0,0,0,0,0,0,0
0,0,0,0,0,0,0,0,0,0,0,0,0,0,0,0,0,0,0,0,0,0,0,0,0,0,0,0,0,0,0,0,0,0,0,0,0,0,0,0,0,0,0,0,0,0,0,0,0,0,0,0,0,0,0,0,0,0,0,0,0,0,0,0,0,0,0,0,0,0,0,0,0,0,0,0,0,0,0,0,0,0,0,0,0,0,0,0,0,0,0,0,0,0,0,0,0,0,0,0,0,0,0,0,0,0,0,0,0,0,0,0,0,0,0,0,0,0,0,0,0,0,0,0,0,0,0,0,0,0,0,0,0,0,0,0,0,0,0,0,0,0,0,0,0,0,0,0,0,0,0,0,0,0,0,0,0,0,0,0,0,0,0,0,0
0,0,0,0,0,0,0,0,0,0,0,0,0,0,0,0,0,0,0,0,0,0,0,0,0,0,0,0,0,0,0,0,0,0,0,0,0,0,0,0,0,0,0,0,0,0,0,0,0,0,0,0,0,0,0,0,0,0,0,0,0,0,0,0,0,0,0,0,0,0,0,0,0,0,0,0,0,0,0,0,0,0,0,0,0,0,0,0,0,0,0,0,0,0,0,0,0,0,0,0,0,0,0,0,0,0,0,0,0,0,0,0,0,0,0,0,0,0,0,0,0,0,0,0,0,0,0,0,0,0,0,0,0,0,0,0,0,0,0,0,0,0,0,0,0,0,0,0,0,0,0,0,0,0,0,0,0,0,0,0,0,0,0,0,0
0,0,0,0,0,0,0,0,0,0,0,0,0,0,0,0,0,0,0,0,0,0,0,0,0,0,0,0,0,0,0,0,0,0,0,0,0,0,0,0,0,0,0,0,0,0,0,0,0,0,0,0,0,0,0,0,0,0,0,0,0,0,0,0,0,0,0,0,0,0,0,0,0,0,0,0,0,0,0,0,0,0,0,0,0,0,0,0,0,0,0,0,0,0,0,0,0,0,0,0,0,0,0,0,0,0,0,0,0,0,0,0,0,0,0,0,0,0,0,0,0,0,0,0,0,0,0,0,0,0,0,0,0,0,0,0,0,0,0,0,0,0,0,0,0,0,0,0,0,0,0,0,0,0,0,0,0,0,0,0,0,0,0,0,0
0,0,0,0,0,0,0,0,0,0,0,0,0,0,0,0,0,0,0,0,0,0,0,0,0,0,0,0,0,0,0,0,0,0,0,0,0,0,0,0,0,0,0,0,0,0,0,0,0,0,0,0,0,0,0,0,0,0,0,0,0,0,0,0,0,0,0,0,0,0,0,0,0,0,0,0,0,0,0,0,0,0,0,0,0,0,0,0,0,0,0,0,0,0,0,0,0,0,0,0,0,0,0,0,0,0,0,0,0,0,0,0,0,0,0,0,0,0,0,0,0,0,0,0,0,0,0,0,0,0,0,0,0,0,0,0,0,0,0,0,0,0,0,0,0,0,0,0,0,0,0,0,0,0,0,0,0,0,0,0,0,0,0,0,0
0,0,0,0,0,0,0,0,0,0,0,0,0,0,0,0,0,0,1,0,0,0,0,0,0,0,0,0,0,0,0,0,0,0,8,0,0,0,0,0,0,17,0,0,2,628,0,0,6,6,0,146,0,0,0,0,0,0,0,0,0,0,0,0,9,2,15,0,0,0,0,0,0,0,0,0,4,0,14,0,0,0,0,0,0,0,0,0,0,0,0,0,0,0,0,0,0,0,0,1,0,0,0,0,0,0,0,0,0,0,0,0,0,0,0,0,0,0,0,0,0,0,0,0,0,1,0,10,2,9,0,0,0,0,0,0,0,0,0,0,0,0,0,0,0,0,0,0,0,8,1,17,16,21,257,79,0,0,0,0,0,0,0,0,0
0,0,0,0,0,0,0,0,0,0,0,0,0,0,0,0,0,0,0,0,0,0,0,0,0,0,0,0,0,0,0,0,0,0,0,0,0,0,0,0,0,0,0,0,0,0,0,0,0,0,0,0,0,0,0,0,0,0,0,0,0,0,0,0,0,0,0,0,0,0,0,0,0,0,0,0,0,0,0,0,0,0,0,0,0,0,0,0,0,0,0,0,0,0,0,0,0,0,0,0,0,0,0,0,0,0,0,0,0,0,0,0,0,0,0,0,0,0,0,0,0,0,0,0,0,0,0,0,0,0,0,0,0,0,0,0,0,0,0,0,0,0,0,0,0,0,0,0,0,0,0,0,0,0,0,0,0,0,0,0,0,0,0,0,0
0,0,0,0,0,0,0,0,0,0,0,0,0,0,0,0,0,0,0,0,0,0,0,0,0,0,0,0,0,0,0,0,0,0,0,0,0,0,0,0,0,0,0,0,0,0,0,0,0,0,0,0,0,0,0,0,0,0,0,0,0,0,0,0,0,0,0,0,0,0,0,0,0,0,0,0,0,0,0,0,0,0,0,0,0,0,0,0,0,0,0,0,0,0,0,0,0,0,0,0,0,0,0,0,0,0,0,0,0,0,0,0,0,0,0,0,0,0,0,0,0,0,0,0,0,0,0,0,0,0,0,0,0,0,0,0,0,0,0,0,0,0,0,0,0,0,0,0,0,0,0,0,0,0,0,0,0,0,0,0,0,0,0,0,0
0,0,0,0,0,0,0,0,0,0,0,0,0,0,0,0,0,0,0,0,0,0,0,0,0,0,0,0,0,0,0,0,0,0,0,0,0,0,0,0,0,0,0,0,0,0,0,0,0,0,0,0,0,0,0,0,0,0,0,0,0,0,0,0,0,0,0,0,0,0,0,0,0,0,0,0,0,0,0,0,0,0,0,0,0,0,0,0,0,0,0,0,0,0,0,0,0,0,0,0,0,0,0,0,0,0,0,0,0,0,0,0,0,0,0,0,0,0,0,0,0,0,0,0,0,0,0,0,0,0,0,0,0,0,0,0,0,0,0,0,0,0,0,0,0,0,0,0,0,0,0,0,0,0,0,0,0,0,0,0,0,0,0,0,0
0,0,0,0,0,0,0,0,0,0,0,0,0,0,0,0,0,0,0,0,0,0,0,0,0,0,0,0,0,0,0,0,0,0,0,0,0,0,0,0,0,0,0,0,0,0,0,0,0,0,0,0,0,0,0,0,0,0,0,0,0,0,0,0,0,0,0,0,0,0,0,0,0,0,0,0,0,0,0,0,0,0,0,0,0,0,0,0,0,0,0,0,0,0,0,0,0,0,0,0,0,0,0,0,0,0,0,0,0,0,0,0,0,0,0,0,0,0,0,0,0,0,0,0,0,0,0,0,0,0,0,0,0,0,0,0,0,0,0,0,0,0,0,0,0,0,0,0,0,0,0,0,0,0,0,0,0,0,0,0,0,0,0,0,0
0,0,0,0,0,0,0,0,0,0,0,0,0,0,0,0,0,0,1,0,0,0,0,0,0,0,0,0,0,0,0,0,0,0,0,0,0,0,0,0,0,12,0,0,0,251,0,0,2,1,0,4,0,0,0,0,0,0,0,0,0,0,0,0,3,1,25,0,0,0,226,0,0,0,0,0,3,0,7,2,2,0,0,0,0,5,1,2,0,0,0,0,0,0,0,0,0,0,0,0,0,0,0,0,0,0,0,0,0,0,0,0,0,1,0,0,0,0,0,0,0,0,1,0,0,0,0,5,0,0,0,0,0,0,0,0,0,0,0,0,0,0,0,0,0,0,0,1,0,1,3,13,2,8,117,21,0,0,0,0,0,0,0,0,0
0,0,0,0,0,0,0,0,0,0,0,0,0,0,0,0,0,0,0,0,0,0,0,0,0,0,0,0,0,0,0,0,0,0,0,0,0,0,0,0,0,0,0,0,0,0,0,0,0,0,0,0,0,0,0,0,0,0,0,0,0,0,0,0,0,0,0,0,0,0,0,0,0,0,0,0,0,0,0,0,0,0,0,0,0,0,0,0,0,0,0,0,0,0,0,0,0,0,0,0,0,0,0,0,0,0,0,0,0,0,0,0,0,0,0,0,0,0,0,0,0,0,0,0,0,0,0,0,0,0,0,0,0,0,0,0,0,0,0,0,0,0,0,0,0,0,0,0,0,0,0,0,0,0,0,0,0,0,0,0,0,0,0,0,0
0,0,0,0,0,0,0,0,0,0,0,0,0,3,0,0,0,1,4,0,0,0,0,0,0,0,0,0,0,0,0,0,0,0,0,0,0,0,0,0,0,9,0,0,0,286,0,0,0,4,1,59,1,0,0,0,1,0,0,0,0,0,0,1,2,2,6,0,0,0,2,4,0,0,0,0,9,0,5,0,0,0,0,0,1,1,0,1,0,0,1,0,0,0,0,0,0,0,0,0,0,0,1,0,0,0,0,0,0,0,0,0,0,1,0,0,1,0,0,0,0,0,0,1,1,0,0,2,0,0,0,0,0,0,0,0,0,0,0,0,0,0,0,0,0,0,0,0,2,10,1,10,69,2,340,9,0,0,0,0,0,0,2,0,0
0,0,0,0,0,0,0,0,0,0,0,0,0,0,0,0,0,0,0,0,0,0,0,0,0,0,0,0,0,0,0,0,0,0,0,0,0,0,0,0,0,0,0,0,0,0,0,0,0,0,0,0,0,0,0,0,0,0,0,0,0,0,0,0,0,0,0,0,0,0,0,0,0,0,0,0,0,0,0,0,0,0,0,0,0,0,0,0,0,0,0,0,0,0,0,0,0,0,0,0,0,0,0,0,0,0,0,0,0,0,0,0,0,0,0,0,0,0,0,0,0,0,0,0,0,0,0,0,0,0,0,0,0,0,0,0,0,0,0,0,0,0,0,0,0,0,0,0,0,0,0,0,0,0,0,0,0,0,0,0,0,0,0,0,0
0,0,0,0,0,0,0,0,0,0,0,0,0,0,0,0,0,0,0,0,0,0,0,0,0,0,0,0,0,0,0,0,0,0,0,0,0,0,0,0,0,0,0,0,0,0,0,0,0,0,0,0,0,0,0,0,0,0,0,0,0,0,0,0,0,0,0,0,0,0,0,0,0,0,0,0,0,0,0,0,0,0,0,0,0,0,0,0,0,0,0,0,0,0,0,0,0,0,0,0,0,0,0,0,0,0,0,0,0,0,0,0,0,0,0,0,0,0,0,0,0,0,0,0,0,0,0,0,0,0,0,0,0,0,0,0,0,0,0,0,0,0,0,0,0,0,0,0,0,0,0,0,0,0,0,0,0,0,0,0,0,0,0,0,0
0,0,0,0,0,0,0,0,0,0,0,0,0,0,0,0,0,0,0,0,0,0,0,0,0,0,0,0,0,0,0,1,0,0,0,0,0,0,0,0,0,4,0,0,2,467,0,0,3,0,1,6,0,0,0,0,0,0,0,0,0,0,0,0,0,0,17,0,0,0,0,0,0,0,0,0,0,0,0,0,0,0,0,0,0,5,0,9,0,0,0,0,0,1,0,0,0,0,0,1,0,0,0,0,0,0,0,0,0,0,0,0,0,0,0,0,0,0,0,0,0,0,0,0,0,0,0,0,1,0,0,0,0,0,0,0,0,0,0,0,0,0,0,0,0,0,0,0,0,1,4,16,1,0,88,15,0,0,0,0,0,0,0,0,0
0,0,0,0,0,0,0,0,0,0,0,0,0,0,0,0,0,0,0,0,0,0,0,0,0,0,0,0,0,0,0,0,0,0,0,0,0,0,0,0,0,0,0,0,0,0,0,0,0,0,0,0,0,0,0,0,0,0,0,0,0,0,0,0,0,0,0,0,0,0,0,0,0,0,0,0,0,0,0,0,0,0,0,0,0,0,0,0,0,0,0,0,0,0,0,0,0,0,0,0,0,0,0,0,0,0,0,0,0,0,0,0,0,0,0,0,0,0,0,0,0,0,0,0,0,0,0,0,0,0,0,0,0,0,0,0,0,0,0,0,0,0,0,0,0,0,0,0,0,0,0,0,0,0,0,0,0,0,0,0,0,0,0,0,0
0,0,0,0,0,0,0,0,0,0,0,0,0,0,0,0,0,0,2,0,0,0,0,0,0,0,0,0,0,0,0,0,0,0,1,0,0,0,0,0,0,7,0,0,0,254,0,0,1,2,0,21,0,0,0,0,0,0,0,0,0,0,0,0,5,0,3,0,0,0,0,0,0,0,0,0,2,0,57,0,0,0,0,0,0,16,10,17,0,0,0,0,0,0,0,0,0,0,1,40,0,0,0,0,0,0,0,0,0,0,0,0,0,0,0,0,0,0,0,0,0,0,6,0,8,3,0,2,3,0,0,0,0,0,0,0,0,0,0,0,0,0,0,0,0,1,0,1,0,3,9,23,0,15,218,14,0,0,0,0,0,0,1,0,0
0,0,0,0,0,0,0,0,0,0,0,0,0,0,0,0,0,0,0,0,0,0,0,0,0,0,0,0,0,0,0,0,0,0,0,0,0,0,0,0,0,0,0,0,0,0,0,0,0,0,0,0,0,0,0,0,0,0,0,0,0,0,0,0,0,0,0,0,0,0,0,0,0,0,0,0,0,0,0,0,0,0,0,0,0,0,0,0,0,0,0,0,0,0,0,0,0,0,0,0,0,0,0,0,0,0,0,0,0,0,0,0,0,0,0,0,0,0,0,0,0,0,0,0,0,0,0,0,0,0,0,0,0,0,0,0,0,0,0,0,0,0,0,0,0,0,0,0,0,0,0,0,0,0,0,0,0,0,0,0,0,0,0,0,0
0,0,0,0,0,0,0,0,0,0,0,0,0,0,0,0,0,0,0,0,0,0,0,0,0,0,0,0,0,0,0,0,0,0,0,0,0,0,0,0,0,0,0,0,0,0,0,0,0,0,0,0,0,0,0,0,0,0,0,0,0,0,0,0,0,0,0,0,0,0,0,0,0,0,0,0,0,0,0,0,0,0,0,0,0,0,0,0,0,0,0,0,0,0,0,0,0,0,0,0,0,0,0,0,0,0,0,0,0,0,0,0,0,0,0,0,0,0,0,0,0,0,0,0,0,0,0,0,0,0,0,0,0,0,0,0,0,0,0,0,0,0,0,0,0,0,0,0,0,0,0,0,0,0,0,0,0,0,0,0,0,0,0,0,0
0,0,0,0,0,0,0,0,0,0,0,0,0,0,0,0,0,0,0,0,0,0,0,0,0,0,0,0,0,0,0,0,0,0,0,0,0,0,0,0,0,0,0,0,0,0,0,0,0,0,0,0,0,0,0,0,0,0,0,0,0,0,0,0,0,0,0,0,0,0,0,0,0,0,0,0,0,0,0,0,0,0,0,0,0,0,0,0,0,0,0,0,0,0,0,0,0,0,0,0,0,0,0,0,0,0,0,0,0,0,0,0,0,0,0,0,0,0,0,0,0,0,0,0,0,0,0,0,0,0,0,0,0,0,0,0,0,0,0,0,0,0,0,0,0,0,0,0,0,0,0,0,0,0,0,0,0,0,0,0,0,0,0,0,0
0,0,0,0,0,0,0,0,0,0,0,0,0,0,0,0,0,0,0,0,0,0,0,0,0,0,0,0,0,0,0,0,0,0,0,0,0,0,0,0,0,0,0,0,0,0,0,0,0,0,0,0,0,0,0,0,0,0,0,0,0,0,0,0,0,0,0,0,0,0,0,0,0,0,0,0,0,0,0,0,0,0,0,0,0,0,0,0,0,0,0,0,0,0,0,0,0,0,0,0,0,0,0,0,0,0,0,0,0,0,0,0,0,0,0,0,0,0,0,0,0,0,0,0,0,0,0,0,0,0,0,0,0,0,0,0,0,0,0,0,0,0,0,0,0,0,0,0,0,0,0,0,0,0,0,0,0,0,0,0,0,0,0,0,0
0,0,0,0,0,0,0,0,0,0,0,0,0,0,0,0,0,0,0,0,0,0,0,0,0,0,0,0,0,0,0,0,0,0,0,0,0,0,0,0,0,0,0,0,0,0,0,0,0,0,0,0,0,0,0,0,0,0,0,0,0,0,0,0,0,0,0,0,0,0,0,0,0,0,0,0,0,0,0,0,0,0,0,0,0,0,0,0,0,0,0,0,0,0,0,0,0,0,0,0,0,0,0,0,0,0,0,0,0,0,0,0,0,0,0,0,0,0,0,0,0,0,0,0,0,0,0,0,0,0,0,0,0,0,0,0,0,0,0,0,0,0,0,0,0,0,0,0,0,0,0,0,0,0,0,0,0,0,0,0,0,0,0,0,0
0,0,0,0,0,0,0,0,0,0,0,0,0,0,0,0,0,0,0,0,0,0,0,0,0,0,0,0,0,0,0,0,0,0,0,0,0,0,0,0,0,0,0,0,0,0,0,0,0,0,0,0,0,0,0,0,0,0,0,0,0,0,0,0,0,0,0,0,0,0,0,0,0,0,0,0,0,0,0,0,0,0,0,0,0,0,0,0,0,0,0,0,0,0,0,0,0,0,0,0,0,0,0,0,0,0,0,0,0,0,0,0,0,0,0,0,0,0,0,0,0,0,0,0,0,0,0,0,0,0,0,0,0,0,0,0,0,0,0,0,0,0,0,0,0,0,0,0,0,0,0,0,0,0,0,0,0,0,0,0,0,0,0,0,0
0,0,0,0,0,0,0,0,0,0,0,0,0,0,0,0,0,0,0,0,0,0,0,0,0,0,0,0,0,0,0,0,0,0,0,0,0,0,0,0,0,0,0,0,0,0,0,0,0,0,0,0,0,0,0,0,0,0,0,0,0,0,0,0,0,0,0,0,0,0,0,0,0,0,0,0,0,0,0,0,0,0,0,0,0,0,0,0,0,0,0,0,0,0,0,0,0,0,0,0,0,0,0,0,0,0,0,0,0,0,0,0,0,0,0,0,0,0,0,0,0,0,0,0,0,0,0,0,0,0,0,0,0,0,0,0,0,0,0,0,0,0,0,0,0,0,0,0,0,0,0,0,0,0,0,0,0,0,0,0,0,0,0,0,0
0,0,0,1,0,0,0,0,0,0,0,0,0,0,0,0,1,0,13,0,0,0,0,0,0,0,0,0,0,0,0,0,0,0,1,0,0,0,0,0,0,7,0,0,0,306,0,0,0,0,0,3,0,0,0,0,0,0,0,0,0,0,0,0,3,0,32,0,0,0,0,0,0,0,0,0,7,0,5,0,0,0,0,0,0,0,0,0,0,0,0,0,0,0,0,0,0,0,1,2,0,0,0,0,0,0,0,0,0,0,0,0,0,0,0,0,0,0,0,0,0,0,0,0,4,0,0,0,1,0,0,0,0,0,0,0,0,0,2,0,0,0,0,0,0,4,0,0,2,3,3,9,3,12,86,22,0,0,0,0,0,0,0,0,0
0,0,0,0,0,0,0,0,0,0,0,0,0,0,0,0,0,0,8,0,0,0,0,0,0,0,0,0,0,0,0,0,0,0,0,0,0,0,0,0,0,22,0,0,0,242,0,0,0,9,1,75,0,0,0,0,0,0,0,0,0,0,0,0,6,1,42,0,0,0,0,26,5,0,0,0,24,0,20,3,9,0,0,0,0,0,0,1,0,0,1,0,0,0,0,0,0,0,0,1,0,0,0,0,0,0,0,0,0,0,0,0,0,0,0,0,0,0,0,0,0,1,3,0,2,0,0,0,0,1,0,0,0,0,0,0,0,0,0,0,0,0,0,0,0,0,0,0,2,1,5,83,7,13,137,26,0,0,1,0,0,0,2,0,0
0,0,0,0,0,0,0,0,0,0,0,0,0,0,0,0,0,0,0,0,0,0,0,0,0,0,0,0,0,0,0,0,0,0,0,0,0,0,0,0,0,0,0,0,0,0,0,0,0,0,0,0,0,0,0,0,0,0,0,0,0,0,0,0,0,0,0,0,0,0,0,0,0,0,0,0,0,0,0,0,0,0,0,0,0,0,0,0,0,0,0,0,0,0,0,0,0,0,0,0,0,0,0,0,0,0,0,0,0,0,0,0,0,0,0,0,0,0,0,0,0,0,0,0,0,0,0,0,0,0,0,0,0,0,0,0,0,0,0,0,0,0,0,0,0,0,0,0,0,0,0,0,0,0,0,0,0,0,0,0,0,0,0,0,0
0,0,0,0,0,0,0,0,0,0,0,0,1,0,0,0,0,22,2,0,0,0,0,0,0,0,0,0,0,0,0,0,0,0,91,0,0,0,0,0,0,29,0,0,1,63,0,0,0,0,0,1,0,0,0,0,0,0,0,0,0,0,0,0,0,0,15,0,0,0,0,0,0,0,0,0,95,0,37,0,0,0,0,0,0,1,0,1,0,0,0,0,0,0,0,0,0,0,0,2,0,0,0,0,0,0,0,0,0,0,0,0,0,0,0,0,0,0,0,0,0,0,0,0,7,1,0,0,0,0,0,0,0,0,0,0,0,0,0,0,0,0,0,0,0,0,0,0,2,3,4,97,5,8,179,44,0,0,0,2,0,0,1,0,0
0,0,0,0,0,0,0,0,0,0,0,0,0,0,0,0,0,0,0,0,0,0,0,0,0,0,0,0,0,0,0,0,0,0,0,0,0,0,0,0,0,0,0,0,0,0,0,0,0,0,0,0,0,0,0,0,0,0,0,0,0,0,0,0,0,0,0,0,0,0,0,0,0,0,0,0,0,0,0,0,0,0,0,0,0,0,0,0,0,0,0,0,0,0,0,0,0,0,0,0,0,0,0,0,0,0,0,0,0,0,0,0,0,0,0,0,0,0,0,0,0,0,0,0,0,0,0,0,0,0,0,0,0,0,0,0,0,0,0,0,0,0,0,0,0,0,0,0,0,0,0,0,0,0,0,0,0,0,0,0,0,0,0,0,0
0,0,0,0,0,0,0,0,0,0,0,0,0,0,0,0,0,0,0,0,0,0,1,0,0,0,0,0,0,0,0,0,0,0,0,0,0,0,1,0,0,13,0,0,0,396,0,0,1,0,0,0,0,0,0,0,0,0,0,0,0,0,0,0,2,0,2,0,0,0,2,0,0,0,0,0,0,0,25,0,10,1,0,0,0,6,7,15,0,0,1,0,0,3,0,0,1,0,0,1,0,0,0,0,0,0,0,0,0,0,0,0,0,0,0,0,0,0,0,0,0,0,2,0,1,0,0,1,0,0,0,0,0,0,0,0,0,0,0,0,0,0,0,0,0,0,0,0,1,4,9,10,4,29,174,17,0,0,0,0,0,0,0,0,0
0,0,0,0,0,0,0,0,0,0,0,0,0,0,0,0,0,0,0,0,0,0,0,0,0,0,0,0,0,0,0,0,0,0,0,0,0,0,0,0,0,10,0,0,2,343,0,0,0,0,0,0,0,0,0,0,0,0,0,0,0,0,0,0,10,0,20,0,0,0,0,0,0,0,0,0,2,0,20,3,4,0,0,0,0,3,0,4,0,0,0,0,0,0,0,0,0,0,0,1,0,0,0,0,0,0,0,0,0,0,0,0,0,0,0,0,0,0,0,0,0,0,0,0,7,0,0,0,0,0,0,0,0,0,0,0,0,0,1,0,0,0,0,0,0,4,0,1,0,3,1,10,2,16,384,16,0,0,0,0,0,0,0,0,0
0,0,0,0,0,0,0,0,0,0,0,0,0,0,0,0,0,0,0,0,0,0,0,0,0,0,0,0,0,0,0,0,0,0,0,0,0,0,0,0,0,0,0,0,0,0,0,0,0,0,0,0,0,0,0,0,0,0,0,0,0,0,0,0,0,0,0,0,0,0,0,0,0,0,0,0,0,0,0,0,0,0,0,0,0,0,0,0,0,0,0,0,0,0,0,0,0,0,0,0,0,0,0,0,0,0,0,0,0,0,0,0,0,0,0,0,0,0,0,0,0,0,0,0,0,0,0,0,0,0,0,0,0,0,0,0,0,0,0,0,0,0,0,0,0,0,0,0,0,0,0,0,0,0,0,0,0,0,0,0,0,0,0,0,0
0,0,0,0,0,0,0,0,0,0,0,0,0,0,0,0,0,1,1,0,0,0,0,0,0,0,0,0,0,0,0,0,0,0,1,0,0,0,0,0,0,27,0,0,0,273,0,0,2,15,2,19,0,0,0,0,0,0,0,0,0,0,0,0,2,1,15,0,0,0,0,3,2,0,0,0,11,0,9,0,2,0,0,0,0,1,0,2,0,0,0,0,0,0,0,0,0,0,0,0,0,0,0,0,0,0,0,0,0,0,0,0,0,0,0,0,0,1,0,0,0,0,0,0,7,0,0,1,0,0,0,0,0,0,0,0,0,0,0,0,0,0,0,0,0,0,0,0,5,1,7,10,4,63,78,10,0,0,0,0,0,0,0,0,0
0,0,0,0,0,0,0,0,0,0,0,0,0,0,0,0,0,0,0,0,0,0,0,0,0,0,0,0,0,0,0,0,0,0,0,0,0,0,0,0,0,0,0,0,0,0,0,0,0,0,0,0,0,0,0,0,0,0,0,0,0,0,0,0,0,0,0,0,0,0,0,0,0,0,0,0,0,0,0,0,0,0,0,0,0,0,0,0,0,0,0,0,0,0,0,0,0,0,0,0,0,0,0,0,0,0,0,0,0,0,0,0,0,0,0,0,0,0,0,0,0,0,0,0,0,0,0,0,0,0,0,0,0,0,0,0,0,0,0,0,0,0,0,0,0,0,0,0,0,0,0,0,0,0,0,0,0,0,0,0,0,0,0,0,0
0,0,0,0,0,0,0,0,0,0,0,0,0,0,0,0,0,0,0,0,0,0,0,0,0,0,0,0,0,0,0,0,0,0,0,0,0,0,0,0,0,0,0,0,0,0,0,0,0,0,0,0,0,0,0,0,0,0,0,0,0,0,0,0,0,0,0,0,0,0,0,0,0,0,0,0,0,0,0,0,0,0,0,0,0,0,0,0,0,0,0,0,0,0,0,0,0,0,0,0,0,0,0,0,0,0,0,0,0,0,0,0,0,0,0,0,0,0,0,0,0,0,0,0,0,0,0,0,0,0,0,0,0,0,0,0,0,0,0,0,0,0,0,0,0,0,0,0,0,0,0,0,0,0,0,0,0,0,0,0,0,0,0,0,0
0,0,0,0,0,0,0,0,0,0,0,0,0,0,0,0,0,0,0,0,0,0,0,0,0,0,0,0,0,0,0,0,0,0,0,0,0,0,0,0,0,0,0,0,0,0,0,0,0,0,0,0,0,0,0,0,0,0,0,0,0,0,0,0,0,0,0,0,0,0,0,0,0,0,0,0,0,0,0,0,0,0,0,0,0,0,0,0,0,0,0,0,0,0,0,0,0,0,0,0,0,0,0,0,0,0,0,0,0,0,0,0,0,0,0,0,0,0,0,0,0,0,0,0,0,0,0,0,0,0,0,0,0,0,0,0,0,0,0,0,0,0,0,0,0,0,0,0,0,0,0,0,0,0,0,0,0,0,0,0,0,0,0,0,0
0,0,0,0,0,0,0,0,0,0,0,0,0,0,0,0,0,0,0,0,0,0,0,0,0,0,0,0,0,0,0,0,0,0,0,0,0,0,0,0,0,0,0,0,0,0,0,0,0,0,0,0,0,0,0,0,0,0,0,0,0,0,0,0,0,0,0,0,0,0,0,0,0,0,0,0,0,0,0,0,0,0,0,0,0,0,0,0,0,0,0,0,0,0,0,0,0,0,0,0,0,0,0,0,0,0,0,0,0,0,0,0,0,0,0,0,0,0,0,0,0,0,0,0,0,0,0,0,0,0,0,0,0,0,0,0,0,0,0,0,0,0,0,0,0,0,0,0,0,0,0,0,0,0,0,0,0,0,0,0,0,0,0,0,0
0,0,0,0,0,0,0,0,0,0,0,0,0,0,0,0,0,0,2,0,0,0,0,0,0,0,0,0,0,0,0,0,0,0,0,0,0,0,0,0,0,15,0,0,0,200,0,0,3,3,1,69,0,0,0,0,0,0,0,0,0,0,0,0,5,1,10,0,0,0,0,9,2,0,0,0,4,0,17,1,2,0,0,0,0,0,0,0,0,0,0,0,0,0,0,1,0,0,2,1,0,0,0,0,0,0,0,0,0,0,0,0,0,2,0,0,1,1,0,0,0,0,1,0,14,2,0,0,0,0,0,0,0,0,0,0,0,0,0,0,0,0,0,0,0,3,0,0,13,2,9,6,6,17,99,34,0,0,0,0,0,0,0,0,0
0,0,0,0,0,0,0,0,0,0,0,0,0,0,0,0,0,0,0,0,0,0,0,0,0,0,0,0,0,0,0,0,0,0,0,0,0,0,0,0,0,3,0,0,0,284,0,0,1,3,0,10,0,0,0,0,0,0,0,0,0,0,0,0,1,0,2,0,0,0,0,0,0,0,0,0,1,0,11,0,0,0,0,0,0,0,0,0,0,0,0,0,0,0,0,0,0,0,0,0,0,0,0,0,0,0,0,0,0,0,0,0,0,0,0,0,0,1,0,0,0,0,0,0,19,0,0,1,0,0,0,0,0,0,0,0,0,0,0,0,0,0,0,0,0,2,0,0,1,2,2,10,6,12,183,27,0,0,0,0,0,0,2,0,0
0,0,0,0,0,0,0,0,0,0,0,0,0,0,0,0,0,0,0,0,0,0,0,0,0,0,0,0,0,0,0,0,0,0,0,0,0,0,0,0,0,0,0,0,0,0,0,0,0,0,0,0,0,0,0,0,0,0,0,0,0,0,0,0,0,0,0,0,0,0,0,0,0,0,0,0,0,0,0,0,0,0,0,0,0,0,0,0,0,0,0,0,0,0,0,0,0,0,0,0,0,0,0,0,0,0,0,0,0,0,0,0,0,0,0,0,0,0,0,0,0,0,0,0,0,0,0,0,0,0,0,0,0,0,0,0,0,0,0,0,0,0,0,0,0,0,0,0,0,0,0,0,0,0,0,0,0,0,0,0,0,0,0,0,0
0,0,0,0,0,0,0,0,0,0,0,0,0,0,0,0,0,0,0,0,0,0,0,0,0,0,0,0,0,0,0,0,0,0,0,0,0,0,0,0,0,0,0,0,0,0,0,0,0,0,0,0,0,0,0,0,0,0,0,0,0,0,0,0,0,0,0,0,0,0,0,0,0,0,0,0,0,0,0,0,0,0,0,0,0,0,0,0,0,0,0,0,0,0,0,0,0,0,0,0,0,0,0,0,0,0,0,0,0,0,0,0,0,0,0,0,0,0,0,0,0,0,0,0,0,0,0,0,0,0,0,0,0,0,0,0,0,0,0,0,0,0,0,0,0,0,0,0,0,0,0,0,0,0,0,0,0,0,0,0,0,0,0,0,0
0,0,0,0,0,0,0,0,0,0,0,0,0,0,0,0,0,0,4,0,0,0,0,0,0,0,0,0,0,0,0,0,0,0,0,0,0,0,0,0,0,23,1,0,0,147,0,0,1,3,0,126,0,0,0,0,0,0,0,0,0,0,0,1,1,4,6,0,0,0,0,31,0,0,0,0,5,0,12,3,3,0,0,0,0,1,0,2,1,0,1,0,0,0,0,0,0,0,0,3,0,0,0,0,0,1,0,0,0,0,0,0,0,1,0,0,0,0,0,0,0,0,0,0,15,7,0,2,0,0,4,0,1,0,1,0,0,0,0,0,0,0,0,0,0,6,0,0,9,9,6,10,13,0,233,17,0,0,0,0,0,0,2,0,0
0,0,0,0,0,0,0,0,0,0,0,0,0,0,0,0,0,0,5,0,0,0,0,0,0,0,0,0,0,0,0,0,0,0,0,0,0,0,0,0,0,52,0,0,0,264,1,0,3,8,0,37,0,0,0,0,0,0,0,0,0,0,0,0,2,1,7,0,0,0,0,5,0,0,0,0,6,0,9,0,2,0,0,0,0,0,0,3,0,0,0,0,0,0,0,0,0,0,0,4,0,0,0,0,0,0,0,0,0,0,0,0,0,1,0,0,0,0,0,0,0,3,0,0,29,12,0,3,0,0,0,0,0,0,0,0,0,0,0,0,0,0,0,0,0,0,0,0,0,2,3,12,2,29,95,21,0,0,0,0,0,0,1,0,0
0,0,0,0,0,0,0,0,0,0,0,0,0,0,0,0,0,0,0,0,0,0,0,0,0,0,0,0,0,0,0,0,0,0,0,0,0,0,0,0,0,0,0,0,0,0,0,0,0,0,0,0,0,0,0,0,0,0,0,0,0,0,0,0,0,0,0,0,0,0,0,0,0,0,0,0,0,0,0,0,0,0,0,0,0,0,0,0,0,0,0,0,0,0,0,0,0,0,0,0,0,0,0,0,0,0,0,0,0,0,0,0,0,0,0,0,0,0,0,0,0,0,0,0,0,0,0,0,0,0,0,0,0,0,0,0,0,0,0,0,0,0,0,0,0,0,0,0,0,0,0,0,0,0,0,0,0,0,0,0,0,0,0,0,0
0,0,0,0,0,0,0,0,0,0,0,0,0,0,0,0,0,0,1,0,0,0,0,0,0,0,0,0,0,0,0,0,0,0,2,0,0,0,0,0,0,4,0,0,0,290,0,0,0,4,0,25,0,0,0,0,0,0,0,0,0,0,0,0,2,0,3,0,0,0,0,9,0,0,0,0,1,0,3,0,0,0,0,0,0,1,0,1,0,0,1,0,0,0,0,0,0,0,0,0,0,0,0,0,0,0,0,0,0,0,0,0,0,0,0,0,0,0,0,0,0,0,0,0,4,0,0,0,2,0,0,0,0,0,0,0,0,0,0,0,0,0,0,0,0,0,0,0,0,2,1,42,10,17,123,22,0,0,0,0,0,0,0,0,0
0,0,0,0,0,0,0,0,0,0,0,0,0,0,0,0,0,0,0,0,0,0,0,0,0,0,0,0,0,0,0,0,0,0,0,0,0,0,0,0,0,1,0,0,0,419,0,0,0,0,0,3,0,0,0,0,0,0,0,0,0,0,0,0,0,0,7,0,0,0,0,0,0,0,0,0,0,0,0,0,0,0,0,1,0,0,0,0,0,0,0,0,0,0,0,0,0,0,0,0,0,0,0,0,0,0,0,0,0,0,0,0,0,0,0,0,0,0,0,0,0,0,0,0,0,0,0,0,0,0,0,0,0,0,0,0,0,0,0,0,0,0,0,0,0,0,0,0,0,1,0,143,1,0,48,15,0,0,0,0,0,0,0,0,0
0,0,0,0,0,0,0,0,0,0,0,0,0,0,0,0,0,0,0,0,0,0,0,0,0,0,0,0,0,0,0,0,0,0,0,0,0,0,0,0,0,0,0,0,0,0,0,0,0,0,0,0,0,0,0,0,0,0,0,0,0,0,0,0,0,0,0,0,0,0,0,0,0,0,0,0,0,0,0,0,0,0,0,0,0,0,0,0,0,0,0,0,0,0,0,0,0,0,0,0,0,0,0,0,0,0,0,0,0,0,0,0,0,0,0,0,0,0,0,0,0,0,0,0,0,0,0,0,0,0,0,0,0,0,0,0,0,0,0,0,0,0,0,0,0,0,0,0,0,0,0,0,0,0,0,0,0,0,0,0,0,0,0,0,0
