0,0,1.0286,0.45714,0.11429,0.45714,0,0.91429,0.11429,0,0,0,0.11429,0,0,0,0.45714,0,0.68571,0.45714,0.57143,0.34286,0,0,0.22857,0,0,0,0,0,0,0,0,0,2.1714,0,0,0,263.2,16.114,0,2.9714,1.1429,0,0.11429,0.11429,1.0286,2.7429,0,2.8571,0,0,0,35.543,43.429,0.11429,39.886,16.114,0.57143,0,3.3143,12.571,2.6286,6.7429,0,0,0.11429,22.171,0,1.3714,0.68571,0,0,4.4571,0,0,0,0,0,0,0,0,0,0,0,0.11429,0,0,0,0,2.9714,12.114,0,3.4286,0,0,0.22857,0,0,0,0,0,0,0,0,0,0.11429,0,0,0,0.22857,0,0.34286,0,0,0,0,0.11429,0,0,0,0,0,0,0,0,0,0,0,0,0,0,0,0,0,0,0,0.11429,0,0,0,0,0,0,0,0,0,0,0,0,0,4.6857,0,0,2.9714,8.8,1.4857,0,0,0,0,0,0,0.45714,0,0.45714,0
2.4381,1.8286,3.6571,0.15238,0.15238,5.0286,0.15238,1.219,0,0,0,0,0,0,0.30476,0,0,0,3.5048,0,0,1.6762,0,0,0,0,0,0,0,0,0,0,0,0.45714,1.5238,0,0,0,299.43,1.8286,1.3714,2.8952,1.3714,0.7619,1.219,1.5238,1.981,13.41,0,33.371,0,0,0,23.771,60.952,1.219,40.686,29.41,0.30476,0,9.6,3.2,1.8286,5.181,0,0,0,14.781,0,0.60952,0.7619,0,0,7.9238,0,0,0,0,0,0,0,0,0,0,0.7619,0,0.15238,0.15238,0,0,0.15238,3.6571,0,0.7619,0.60952,0,0,0,0,0,0,0,0.60952,0,0,0,0,0,0,0.30476,0,0,0,0,0,0,0,2.4381,0.60952,0.45714,1.0667,0,0,0,0.15238,0,0,0.15238,0,0,0.15238,0,0,0,0,0,0,0,0,0,0,0.60952,0,0,0,0,0,0,0,0,0,0.15238,0,0,1.219,8.8381,0.30476,0,1.219,0,0.15238,0,0,0.60952,0,1.8286,0
1.8667,0.64762,0.60952,0.038095,0.60952,3.0476,0,1.8286,0.60952,0,0,0,0.26667,0.038095,0,0,1.219,0,3.0476,0,0,0.26667,0,0,0.07619,0,0,0,0,0,0,0,0,0.038095,1.8667,0,0,0,104,3.0476,0.11429,0,1.3333,3.0476,0,0.60952,0,4.2667,0,11.619,0,0,0,11.086,70.933,0,17.943,18.971,0.038095,0,3.1619,1.8286,4.9143,0.64762,0,0,0,3.0857,0,1.219,1.219,0,0,9.0286,0,0,0.038095,0,0,0,0,0,0,0,0,0.64762,0,0.64762,0,0,6.0952,13.676,0,3.0476,1.2952,0,1.9429,0,0,0,0,0,0,0,0,0,0.038095,0.038095,0.038095,0.038095,0.11429,0,0,0,0,0.07619,0.64762,0.68571,0.60952,0.07619,0.15238,0,0,0,0.07619,0,0,0,0,0,0,0,0,0,0,0,0.60952,0,0.038095,0,0,0,0,0,0,0,0,0.038095,0,0,0,2.4381,0,0,0.60952,9.1429,1.219,0,0,0,0,0,0,0,0,0,0
2.5098,1.2549,16.314,0.078431,0,1.2549,0,0,0,0,0,0,0.078431,0.039216,0.039216,0,0,0,15.059,0,0,0.11765,0,0,0,0,0,0,0,0,0,0,0,0.078431,0.039216,0,0,0.039216,532.63,19.02,0.15686,1.3333,4.5098,1.2549,0,1.5294,1.4118,6.5882,0,45.49,0,0,0,9.451,154.08,0.039216,56.275,95.569,0.078431,0,11.333,0,0.15686,7.6471,0,0,0,8.9412,0,1.2549,0,0,0,17.608,0,0,0,0,0,0,0,0,0,0,2.5882,0.078431,0,1.3333,0.078431,0,5.0588,24.275,1.2941,7.7255,2.5098,0,1.3333,0,0,0,0,0,0.039216,0,0,0,0.039216,0.039216,0,0,0.11765,0,0,0,0,0.039216,0.078431,1.451,1.2941,3.9216,2.6275,0,0,0,1.2549,0,0,0,0,0,0,0,0,0,0,0,0,0,0,0,0,0,0,0,0,0,0,0,1.2549,0,0,0,0,0.039216,5.0196,16.039,1.2549,0,0,0,0,2.5098,0,0,1.2549,0,0
0,1.28,3.2,0,0,11.08,0,0,0,0,0,0,0.68,0,0,0,0,0,0.64,0,0,0.68,0,0,0.04,0,0,0,0,0,0,0,0,0.12,0.64,0,0,0,103.84,7.04,0,0.04,0.84,0,0.04,2,0,9.6,0,8.32,0,0.64,0,1.28,22.4,0,38.52,33.32,0,0,10.96,14.08,6.4,3.24,0,0,0,1.92,0,0,0.12,0,0,3.08,0,0,0,0,0,0,0,0,0,0,1.92,0.04,0,0,0.04,0,3.88,5.12,0,0.64,0,0,0,0,0,0,0,0.04,0,0,0,0,0,0,0,0,0,0,0,0,0,0,0,0,0,0,0.64,0,0,0.04,0,0,0,0,0,0,0,0,0,0,0,0.04,0,0,0,0,0,0,0,0,0,0,0,0,0,0,0,12.28,0,0,0.8,7.96,3.24,0,0,0,0,0,0,0.64,0,0,0
12.8,15.36,38.88,0,0.32,12.96,0,0.64,0,0,0,0,0.8,0.32,0.32,0,0,0,0,0,0,1.92,0,0,2.56,0,0,0,0,0,0,0,0,0,0.16,0,0,0,627.68,7.84,0.32,10.72,5.44,2.56,0,2.72,0.16,2.72,0,57.44,0,0,0,10.72,63.2,0,23.84,53.92,0,0.32,40.64,26.08,27.04,6.08,0,0,0,23.36,0,2.56,2.56,0,0,11.52,0,0,0.16,0,0,0,0,0,0,0,0.32,0.64,0,0.16,0,0,5.6,20.64,0,0.16,0.16,0,0.16,0,0,0,0,0,0.48,0,0,0,0.16,0.16,0.16,0.16,0,0,0.16,0,0,0,0,0.32,2.72,0.32,2.88,0,0,0,0,0,0,0,0.32,0,0,0,0,2.72,0.16,0,0,0,0,0.16,0,0,0,0,0,0,0,0.16,0,0,0,16.16,0,0,5.12,17.6,2.72,0,0,0,0.16,0,0,0,0,0,0
0,0,3.5556,0,0,1.1852,0,0,0,0,0,0,1.8889,0,0.2963,2.0741,0,0,0,0,2.4074,0.51852,0,0,0.074074,0,0.037037,0,0,0,0,0,0.037037,0,0.88889,0,0,0,242.44,3.2593,0.74074,1.037,2.3704,0.2963,0,8.0741,0.37037,3.963,0,5.037,0,0,0,14.815,59.889,1.7778,18.185,13.926,0,0,52.63,4.4444,0.59259,8,0,0,0,13.037,0,0.88889,0.59259,0,0.88889,9.6296,0,0,0,0,0,0,0,0,0,0,3.2222,4.1111,0,0,0,0,1.1852,8.2963,3.2963,1.4815,0.2963,0,0,0,0.037037,0,0,0,0,0,0,0,0,0,0,0,0,0,0,0,0,0,0,0.2963,0,0.037037,0.11111,0,0,0,0.88889,0,0,0.92593,0,0,0,0,0,0,0.2963,0.2963,0,3.8519,0,0.62963,0,0.2963,0.2963,0.2963,0,0,0,0.33333,0.88889,0,0,3.5556,0,0,2.963,0.59259,2.4074,0,0.2963,0,0.74074,0,0,0,0,0.2963,0
0.53333,0.53333,0,0,0,0.53333,0,0,0,0,0,0,0.56667,0,0.53333,0,0,0,0,0,0,0.033333,0,0,0,0,0,0,0,0,0,0,0,0,0,0,0,0,116.13,0.53333,0.033333,0.56667,1.0667,1.1,0.16667,0.033333,0,7.5,0,2.1333,0,0,0,1.6,29.4,0.53333,2.2,5.9333,0,0,10.8,1.6,0.033333,1.6,0,0,0,5.3667,0,1.0667,0,0,0,3.6667,0,0,0.066667,0,0,0,0,0,0,0,0,0.033333,0,0,0,0,2.6667,6.6333,0.53333,1.6667,0.56667,0,0.033333,0,0,0,0,0,0,0,0,0,0,0,0,0,0,0,0,0,0,0,0,0.53333,0,0.033333,0.2,0,0,0,0.53333,0,0,0.53333,0.1,0,0,0,0,0,0.53333,1.1333,0,0,0,0,0,0.53333,0,0,0,0,0,0,0,0,0,1.0667,0,0,0.53333,2.7667,0.53333,0,0,0,0.033333,0,0,0,0,0,0
0.17241,0.13793,0.48276,0.068966,0.86207,0.55172,0,0.034483,0,0,0,0,0.17241,0.034483,0.034483,0.13793,0.62069,0,0,0,0,0.27586,0,0,0,0,0,0,0,0,0,0,0,0,0,0,0,0,72.483,0.82759,1.069,0.10345,0.27586,0.68966,0,0.62069,0.034483,1.0345,0,0.62069,0,0,0,0.58621,23.552,0,3.2414,2.5862,0,0.27586,4.3448,0.24138,1.5862,0.55172,0,0,0,4.0345,0.13793,2.2759,0,0,0,1.931,0,0,0.068966,0.034483,0,0,0,0,0,0,0.2069,0,0,0,0,0,0.86207,2.7931,0,0.2069,0,0,0.10345,0,0,0,0,0.034483,0,0,0,0,0,0,0,0,0,0.034483,0,0,0,0,0.068966,0.10345,0.13793,0.2069,0.27586,0,0,0.034483,0,0,0,0,0.034483,0,0,0,0,0,0.27586,0.13793,0,0.13793,0,0,0,0,0,0,0,0,0,0.13793,0.034483,0,0,1.7241,0,0,0,6.1724,0.24138,0,0.034483,0,0,0,0,0,0,0.17241,0
0.64615,1.0769,1.9692,2.4923,1.0154,0.15385,0,0,0,0,0,0,0.15385,0.12308,0,0.030769,2,0,0,0,0,0.15385,0,0,0.64615,0.030769,0,0,0,0,0,0,0,0,0,0,0,0,184.65,0.52308,8,2.6462,0.49231,0.98462,0.52308,2.4615,0,6.1231,0,3.0769,0,0,0.030769,1.0154,33.569,0.52308,12.154,4.9538,0.15385,0,4.2769,5.1385,0.61538,3.4769,0,0,0,14.338,0,5.4154,0.030769,0,0,3.2308,0,0,0.061538,0,0,0,0,0,0,0,0.030769,0.061538,0,0.12308,0,0.030769,6.6769,13.446,0.49231,0.061538,0,0,0,0,0,0,0,0,0.52308,0,0,0,0,0,0.030769,0,0,0,0,0,0,0,0.030769,0.12308,0.092308,0.12308,0.27692,0,0,0,0.030769,0,0,0,0.12308,0.030769,0,0,0,0,0.030769,0.030769,0,0,0,0.030769,0,0,0,0,0,0,0,0.030769,0,0,0,3.6,0,0,1.0154,3.9692,1.0154,0,0,0,0,0,0,0,0,0,0
9.7255,2.1961,10.039,5.9608,0.31373,0.31373,0,0.31373,1.2549,0,0,0,2.5098,0.31373,0.62745,0.31373,0.94118,0,0,0,0.31373,3.1373,0,0,0.31373,0,0,0,0,0,0,0,0,0,2.1961,0,0,0,601.1,5.0196,0.94118,11.294,7.5294,2.1961,0,3.7647,2.5098,20.078,0,30.745,0,0,0,10.98,73.725,0.94118,64.314,17.882,0.31373,0.31373,26.667,10.353,13.176,4.0784,0,0,0,50.196,1.2549,0.31373,0.62745,0,0,17.255,0,0,0.31373,0,0,0,0,0,0,0,0.31373,0.31373,0.31373,0.62745,0.31373,0,3.451,12.549,0,2.1961,1.8824,0,0,0,0,0,0,0,0.31373,0,0,0,0,0,0.31373,0,0,0,0,0,0,0,0.62745,2.5098,0,0.62745,0,0,0,0,0.94118,0,0,0,0.31373,0,0,0,0,0,0.31373,1.2549,0,0,0,1.5686,0,0,0,0,0,0,0,0.94118,2.1961,0,0,7.2157,0,1.5686,1.8824,55.843,2.8235,0,0,0,0,0.31373,0,1.2549,0,0,0
1.8182,1.8182,2.9091,4.0727,5.2364,0.58182,0,0,0,0,0,0,0.8,0.072727,0.58182,0,1.7455,0,0,0,0,0.14545,0,0,0.072727,0,0,0,0,0,0,0,0,0,0,0,0,0,119.93,1.1636,1.5273,0,1.1636,1.2364,0,0,0,12.8,0,5.8182,0,0,0,3.2,36.727,0.58182,16,5.2364,0.072727,0.65455,7.7818,0.14545,1.7455,1.2364,0,0,0,6.5455,0,2.9091,0.14545,0,0,2.6182,0,0,0,0,0,0,0,0,0,0,0.072727,0.72727,0,0,0,0,0.14545,3.6364,0,1.3091,0.8,0,0,0,0,0,0,0,0,0,0,0,0,0,0,0,0.072727,0,0,0,0,0.072727,0.072727,0.58182,0.58182,0.58182,4.7273,0,0,0,0.58182,0,0,0.072727,0.072727,0,0,0,0,0.58182,0,0,0,0,0,0.072727,0,0.58182,0,0,0,0,0,1.1636,0,0,0,2.3273,0,0,4.0727,9.6,2.9818,0,0,0.58182,0,0,0,0.58182,0,0,0
0.051282,0.20513,1.2308,0,0,0.20513,0,0,0,0,0,0,0,0,0,0.025641,0.23077,0,0.20513,0,0,0.076923,0,0,0.025641,0,0,0,0,0,0,0,0.025641,0,0,0,0,0.20513,26.923,8.6154,0.23077,0.076923,0.5641,0.025641,0,0.025641,0,2.7179,0,0.41026,0,0,0,0.025641,11.41,0.25641,12.385,3.7949,0.12821,0.48718,0.97436,0.4359,1.2308,0.025641,0,0,0,1.9231,0,0.20513,0.051282,0,0,2.0513,0,0,0,0,0,0,0,0,0,0,0.025641,0.23077,0.025641,0.33333,0,0,0.076923,3.4872,0,0.46154,0.89744,0,0.076923,0,0,0,0,0,0,0,0,0,0,0,0,0,0,0,0,0,0,0,0.025641,0.025641,0,0.23077,0.076923,0,0,0.025641,0,0,0,0.41026,0,0,0,0,0,0.23077,0,0.66667,0,0.20513,0.025641,0,0,0,0,0,0,0,0.025641,0.051282,0.51282,0.20513,0,2.4872,0,0,0.41026,2.641,0.23077,0,0,0,0,0,0,0,0,0,0
0.11189,0,0.55944,0,0.27972,0.33566,0,0,0,0,0,0,0.39161,0.055944,0,0,0.33566,0,0,0,0,0.27972,0,0,0.11189,0,0,0,0,0,0,0,0.11189,0,0,0.055944,0,0.11189,34.07,1.7343,0.33566,0.16783,1.3986,0.5035,0,0.16783,0,1.3427,0,0.72727,0,0.11189,0,0.33566,18.517,0.5035,10.014,3.3007,1.5105,0.95105,3.8042,0.33566,0.95105,0.39161,0,0,0,2.965,0,0.33566,0,0,0.11189,5.035,0,0,0,0,0,0,0,0,0,0,0.055944,0.22378,0.11189,0.83916,0,0.055944,0.55944,1.9021,0,0.67133,1.0629,0,0.44755,0,0,0.11189,0.11189,0,0.11189,0,0,0,0,0,0,0,0,0,0,0,0,0,0,0,0.16783,0,0.22378,0,0,0,0,0,0,0.8951,0.11189,0,0.11189,0,0,0.22378,0,0.67133,0,0.78322,0,0,0,0,0,0,0,0,0.055944,0,0.39161,0,0,0.55944,0,0,1.2308,4.5874,0.33566,0,0,0.11189,0,0,0,0,0,0.22378,0
0.17944,0,0.23925,0,0,1.0168,0,0,0,0,0,0,0.11963,0,0,0,0.23925,0,0,0,0,0.35888,0,0,0,0,0,0,0,0,0,0,0,0,0.29907,0.11963,0,0,56.164,0.77757,0.59813,0.23925,1.3159,0.17944,0.35888,1.914,0,0.59813,0,0.77757,0,0,0,0.059813,10.108,0,3.5888,8.015,0.11963,0.4785,2.0336,1.1963,2.9308,1.1364,0,0,0,1.3159,0,0.23925,0.059813,0,0,1.5551,0,0,0,0,0,0,0,0,0,0,0.11963,0.4785,0.23925,0.11963,0,0,0.35888,4.2467,0,2.8112,0.65794,0,0.35888,0,0,0,0,0,0,0,0,0,0,0,0,0,0,0,0,0,0,0,0,0,0,0.11963,0.83738,0,0,0,0,0,0,0,0,0,0,0,0,0,0,0,0,0.83738,0,0,0,0,0,0,0,0,0,0.29907,0,0,0,2.6916,0,0,0.23925,5.5626,0.41869,0,0,0.29907,0,0,0,0,0,0,0.11963
0.8,0,1.4545,0,0.36364,2.4727,0,0,0,0,0,0,0.65455,0.072727,0,0.072727,0.72727,0,0,0,0,0.72727,0,0,0,0,0,0,0,0,0,0,0,0,0.29091,0.21818,0,0,34.036,0.29091,1.0909,0.072727,1.0909,0,0.43636,1.3818,0,1.2364,0,1.5273,0,0,0,0,30.618,0,4,20.509,0.87273,0.58182,6.1091,0.58182,0.94545,0.65455,0,0,0,1.6,0,1.6,0.36364,0,0,3.6364,0,0,0.072727,0.072727,0,0,0,0,0,0.072727,0.14545,0.50909,0,0.36364,0.29091,0.072727,3.2,13.964,0,5.8909,1.6,0,0.29091,0,0,0,0,0,0,0,0,0,0,0,0,0,0,0,0,0,0,0,0,0,0,0,0.21818,0,0,0.14545,0.14545,0,0,0.29091,0,0,0.072727,0,0,0,0,0,0,0.29091,0,0,0,0,0,0,0,0,0,0,0,0.29091,0,0.87273,0,0,3.5636,4.9455,1.2364,0,0,0.29091,0,0,0,0,0,0.58182,0.072727
17.333,2.6667,3.3333,0.66667,13.333,4.6667,0,0,0,1.3333,0,0,7.3333,0,0.66667,0,2,0,5.3333,0,10,2.6667,0,0,5.3333,0,0,0,0,0,0,0,0,0.66667,0.66667,0,0,0,306.67,0.66667,0,0.66667,0.66667,0,14.667,50,0,4,0,0,0,0,0,0.66667,53.333,13.333,12,338,8.6667,12,18,7.3333,5.3333,6.6667,0,0,0,38,0,18,2,0,0,18,0,0,0,0,0,0,0,0,0,0,0,2,0,0.66667,0,0,0,28.667,0,6,4.6667,0,0,0,0,0,0,0,0.66667,0,0,0,0,0,0,2,0,0,0,0,0,0.66667,2.6667,0,0.66667,0,0,0.66667,0,1.3333,2,0,0,0,0,0,0.66667,0,0,0.66667,0,2.6667,0,0,0,1.3333,0,0,0,0,0,0,0,0,1.3333,0,0,12.667,0,0,12,32.667,6,0,0,6.6667,1.3333,0,0,0,0,2,0.66667
0.64,0,13.44,0,0,0.64,0,0,0,0,0.64,0,2.56,0,0,0,6.4,0,0,0,0,0,0,0,1.92,0,0,0,0,0,0,0,0,0,0,0,0,0,290.56,0,0,0,0,0,3.84,44.16,0,1.92,0,0.64,0,0,0,0,98.56,4.48,8.96,233.6,0,3.84,14.08,3.84,11.52,0.64,0,0,0,81.92,0,5.76,0.64,0,0,17.92,1.28,0,0,0,0,0,0,0,0,0,0,0,0,0,0,0,0,42.88,0.64,0.64,0,0,3.84,0,0,0,0,0,0,0,0,0,0,0,0,0,1.28,0,0,0,0,0.64,1.28,0,1.28,1.28,1.92,0,0,0,0,0,1.28,1.28,1.28,0,0.64,0,0,1.28,0,13.44,0,0.64,0,1.28,0,0,0,0,0,0,0,0.64,0,0,0,3.2,0,1.28,2.56,60.16,1.92,0,0,7.68,0,0,0,0,0,0,0
5.2364,0,11.055,0,1.7455,12.218,0,0,0,1.1636,0.58182,0,5.8182,0,1.7455,0,4.0727,0,3.4909,0,0,0,0,0,4.0727,0,0,0.58182,0,0,0,0,0,0,0,0,0,1.7455,278.69,0,0,0,1.7455,0,3.4909,37.236,0,1.7455,0,1.1636,0,0,0,0,86.691,7.5636,39.564,331.64,0.58182,1.7455,10.473,2.3273,18.036,7.5636,0,0,0,32,0,2.3273,0,0,0,4.6545,0,0,0,0,0,0,0,0,0,0,0,1.7455,0,0,0,0,1.1636,42.473,0,4.0727,12.218,0,0,0,0,0,0.58182,0,0.58182,0,0,0,0.58182,0,0.58182,0,0.58182,0,0,0,0,0.58182,0.58182,0,0.58182,1.1636,2.3273,0,0,0,7.5636,0,0,0,0,0,1.1636,0,0,0,0,1.1636,1.1636,0,0,0.58182,0,0,0,0,0,0,0.58182,0,0,0,0,6.4,0,0,8.1455,45.382,5.2364,0,0,6.9818,0,0,0,0,0,0.58182,0
6.2439,0,8.5854,0,0,7.0244,0,0,0,0,0,0,1.561,0.78049,0,0,4.6829,0,0,0,0,3.122,0,0,1.561,0,0,0,0,0,0,0,0,0,0,0,0,0,462.05,4.6829,0,0,0.78049,0.78049,2.3415,53.854,0,2.3415,0,3.122,0,0,0,1.561,57.756,4.6829,61.659,288.78,0.78049,0.78049,10.927,8.5854,1.561,4.6829,0,0,0,92.098,0,3.122,2.3415,0,0,14.049,0,0,0.78049,0,0,0,0,0,0,0,0,0.78049,0,0.78049,0.78049,0,2.3415,64,0,9.3659,6.2439,0,0,0,0,0,0,0,0.78049,0,0,0,0,0,0,0,0,0,0,0,0,0,0,0.78049,0,0,0.78049,0,0,0,0.78049,0,0,0,0,0,0,0,0,0,0,0.78049,0.78049,0,1.561,0,0,0,0,0,0,0,0,0,0,0,0,5.4634,0,0,7.0244,11.707,9.3659,0,0,9.3659,0,0,0,0.78049,0,1.561,0
5.12,0,17.92,0,0,8.96,0.64,0,0,0,0,0,2.56,0,0.64,0,2.56,0,0,0,0,0.64,0,0,1.28,0,0,0,0,0,0,0,0,0,0,0,0,0,247.68,5.76,0,0,3.2,0,3.2,21.12,0,8.96,0,0,0,1.92,0,0,59.52,1.28,14.08,137.6,0,2.56,8.96,2.56,7.04,3.2,0,0,0,69.12,0,10.88,0,0,1.92,22.4,0,0,0,0,0,0,0,0,0,0,1.28,1.92,0,0,0,0,7.04,50.56,0,8.32,1.28,0,0.64,0,0,0,0,0,0.64,0,0,0,0,0.64,0,0.64,0,0,0,0,0,0,0,1.28,0,1.92,0.64,0.64,0,0,2.56,0.64,0,0.64,0.64,0,2.56,0,0,0,0,0,0.64,0,0,0,0,0,0,0.64,0,0,0,2.56,1.28,0,0,2.56,0,0,3.84,17.92,5.12,0,0,0,0,0,0,0,0,3.2,2.56
0.57143,0.57143,30.286,0,0.57143,12.571,0.57143,0,0,0,0,0,0.57143,1.7143,0,0,0.57143,0,0.57143,0,0,2.8571,0,0,1.7143,0,0,0,0,0,0,0,0,1.1429,4,0,0,1.7143,230.29,17.714,1.7143,1.1429,4.5714,0.57143,2.2857,13.143,0,6.8571,0,4.5714,0,0.57143,0,1.1429,88.571,4,26.857,57.714,4,8.5714,16.571,1.7143,2.2857,5.1429,0,0,0,54.286,0,9.1429,2.2857,0,0,42.857,1.1429,0,1.1429,0,0,0,0,0,0,0,1.1429,2.8571,0,0.57143,0,0,9.7143,45.714,0,8,3.4286,0,0,0,0,1.1429,0,0,2.8571,0,0,0,0,0,0,0,0,0,0,0,0,0,0,2.2857,1.1429,4.5714,1.7143,0,0,0,1.1429,0,0,2.2857,0,0,0,0,0,6.2857,0,6.2857,0,1.1429,0.57143,1.7143,0,0,0,1.1429,0,0,0,2.2857,0,0,0,8,0,0,1.7143,12.571,2.2857,0,0,0,0,0,0,0.57143,0,1.1429,0
1.8,0,1.8,0,0,10,0,0,0,0,0,0,0,0,0,0,0,0,0,0,0,0.1,0,0,0,0,0,0,0,0,0,0,0,0,0,0,0,0,3.5,0.9,0,0,0,0,0,0,0,0,0,0,0,0,0,0,0.4,0,0.9,9.1,0,0.1,0,5.9,0.1,9.6,0,0,0,1.8,0.8,0.8,0.8,0,0,0,0,0,0.1,0,0,0,0,0,0,0,0,0,0,0,0,0,0,4.9,0,0.1,0,0,0.1,0,0,0,0,0,0,0,0,0,0,0,0,0,0,0,0,0,0,0,0,0,0,0,0,0,0,0,0,0,0,0,0,0,0,0,0,0,0,0,0,1.6,0,0,0,0,0,0,0,0,0,0,0.1,0,0,7.2,0,0,3.2,3.6,0.9,0,0,0,0,0,0,0,0,0,4.8
1.7391,0,5.5652,0,0,6.2609,0,0,0,0,0,0,3.1304,0.34783,0,0,3.8261,0,0,0,0,4.5217,0,0,0.34783,0,0,0,0,0,0,0,0,0,1.7391,0.34783,0,2.087,275.83,21.913,1.0435,2.4348,6.6087,1.3913,7.6522,12.87,1.0435,9.3913,0,4.8696,0,0.34783,0,1.3913,62.609,0.34783,41.739,170.78,5.2174,3.4783,29.217,3.8261,1.0435,6.2609,0,0,0.69565,194.09,0.69565,2.087,1.7391,0,0,20.522,1.0435,0,0,0.69565,0,0,0,0,0,0,0.69565,1.7391,0,0.69565,0,0,3.1304,46.609,0.69565,22.609,2.087,0,0,0,0,0,0,0,0,0,0,0,0,0.34783,0,0,0,0,0,0,0,0,0,0,0,0.34783,1.3913,0,0,0,0.34783,0,0,1.3913,0,0,2.7826,0,0,1.0435,0,1.3913,0,2.7826,0,0,0,0,0,0.69565,0,0,0,5.5652,0,0,0,9.7391,0,0.34783,5.2174,26.435,7.6522,0,0,5.5652,0.69565,0,0,0,0,1.3913,0.69565
1.0159,0,9.1429,0,0,1.0582,0,0,0,0.71958,0,0,1.7354,0.33862,0,0,2.0317,0,1.0159,0,0,1.0159,0,0,0.88889,0,0,0,0,0,0,0,0,0.33862,0.67725,0.042328,0,1.0159,185.31,11.598,1.0582,2.836,6.3492,0,4.7831,10.709,0.50794,2.1587,0,4.4021,0.042328,0.042328,0.71958,3.5556,29.757,1.3545,83.852,79.492,3.0053,1.7354,2.5397,17.397,2.1587,7.3228,0,0,0.33862,37.291,0,4.4868,3.0899,0,0,11.513,0.16931,0,0.16931,0.042328,0,0,0,0.2963,0,0,1.9048,1.9048,0.33862,0.084656,0,0,2.3704,7.2804,0,9.6085,0.33862,0,0,0,0.042328,0,0,0,0.71958,0,0,0,0.12698,0.042328,0,0,0.042328,0,0,0,0,0,0.38095,0.16931,0,0.33862,1.0159,0.042328,0,0,0.21164,0,0,0,0,0,0,0,0,0,0,0,0.042328,0,0.042328,0.84656,0.084656,0,0,0,0,0,0.084656,1.6931,0.33862,1.1005,0,2.3704,0,0,2.836,7.8307,1.7778,0,0,2.3704,1.4392,0,0,0.33862,0,0,0.67725
0.078313,0,0.53012,0,0.0060241,0.26506,0,0,0,0,0,0,0.048193,0.0060241,0,0,0,0,0.096386,0,0,1.0663,0,0,0.048193,0,0,0,0,0.0060241,0,0,0.43976,0.0060241,0.87349,0,0,0.048193,17.88,0.92169,0.054217,0.28916,0.19277,0,0.18072,0.11446,0,0.29518,0,0.1988,0,0,0.024096,0.24699,2.6386,0.048193,2.3675,3.4398,0.10843,0.0060241,1.0301,0.50602,0.15663,0.71687,0,0,0,0.78916,0.0060241,0.6747,0.24699,0,0.096386,1.0783,0,0,0.0060241,0,0,0,0,0,0,0,0.20482,0.42169,0,0.19277,0.24096,0,0.64458,4.0602,1.8976,1.4819,0,0,0,0,0,0,0,0,0,0,0,0,0,0,0,0,0,0,0,0,0,0,0,0.072289,0.0060241,0.048193,0.084337,0,0,0,0.0060241,0,0,0.066265,0.048193,0,0,0,0,0,0.018072,0,0,0.096386,0,0.054217,0,0,0,0,0,0,0,0.21084,0.28916,0,0,0.71084,0,0,0.25904,1.6084,0.40964,0,0,0.096386,0,0,0,0,0,0,0.048193
0.5614,0,11.333,0,0.2807,1.6842,0,0,0,0,0,0,0.84211,0.035088,0,0.5614,1.1228,0,0,0,0,1.8246,0,0,0.10526,0,0,0,0,0,0,0,0,0.84211,2,0,0.035088,0,113.61,12.947,0.42105,1.6842,3.7544,0.2807,1.0175,0.94737,0.63158,1.6842,0,7.5789,0,0,0,1.4737,26.807,1.1579,27.088,20.526,0.21053,0.63158,6.386,3.193,6.7719,3.5088,0,0,0,1.4737,0,3.4035,0.10526,0,0,11.719,0.070175,0,0,0,0,0,0,0.035088,0,0,1.6491,0.31579,0,0.070175,0,0,0.2807,3.9649,0,1.7193,0.2807,0,0.070175,0,0,0,0,0,0,0,0,0,0.035088,0.070175,0,0,0.035088,0,0,0,0,0,0,0.31579,0.31579,0.31579,0.2807,0,0,0,0.38596,0,0,0.035088,0,0,0,0,0,0.35088,0.45614,0.035088,0,0.84211,0.035088,0.035088,0,0,0,0,0,0,0.035088,0,0,0,0,7.9298,0.035088,0,2.2807,6.7018,1.1228,0,0,0.035088,0.035088,0,0,0,0,0.2807,0
3.2443,0.30534,0.91603,0,0.91603,19.542,0.34351,0,0,1.374,0.15267,0,0.41985,0,0.19084,0,0.34351,0,0,0,0,1.0687,0,0,0,0,0,0,0,0,0,0,0,0.49618,0.61069,0,0,0,87.405,6.2595,0.45802,0.26718,1.2977,0.19084,0.19084,1.2977,0.64885,0.45802,0,5.3817,0,0,0,0,16.947,0.49618,22.634,29.962,0.45802,0.038168,7.9771,1.9084,0.91603,2.2519,0,0,0.15267,4.5802,0,2.2137,0.38168,0,0,10.878,0.038168,0,0.076336,0,0,0,0,0,0,0.038168,0.22901,0.41985,0,0.15267,0,0,0.91603,5.9924,0.34351,1.9466,0.72519,0,0,0,0,0,0,0,0.038168,0,0,0,0.076336,0.076336,0.038168,0.038168,0,0,0,0,0,0,0.22901,0.038168,0.038168,0.34351,0.53435,0,0,0,0.076336,0,0,0.19084,0,0,0.038168,0,0,0.19084,0.83969,0,0.15267,0.61069,0,0.1145,0,0,0,0.45802,0,0,0.038168,0.15267,0.30534,0.22901,0,4.6183,0,0,1.2595,3.1298,1.4122,0,0,1.6794,0.34351,0,0,0.15267,0,0.64885,0
3.3898,0,8.1356,0,0,8.8136,0,0,0,0.67797,0,0,2.7119,0,0,0.33898,2.0339,0,0,0,0,1.0169,0,0,0.67797,0,0,0,0.33898,0,0,0,0,0,2.3729,0,0,0.67797,272.88,11.186,1.0169,6.7797,17.966,0,2.3729,3.0508,0.67797,4.0678,0,4.0678,0,0.67797,0,1.3559,66.102,14.915,58.983,99.322,1.6949,1.3559,32.881,10.169,3.7288,13.22,0,0,0,10.169,0,9.4915,0.67797,0,0,40,1.3559,0.67797,0,0.33898,0,0,0,0,0,0,3.0508,0.33898,0,0,0.33898,0,1.3559,26.441,0.67797,11.525,7.7966,0,1.6949,0,0.33898,1.3559,0,0,0.67797,0,0,0,0.33898,0,0.33898,0.67797,0,0,0,0,0,0,0.67797,1.3559,1.6949,1.6949,2.3729,0,0.67797,0.67797,2.3729,0,0,1.6949,1.0169,0,0,0,0,0.67797,0.67797,0,1.3559,2.0339,0,0,0,0.67797,0,0.67797,0,0,0,1.3559,0,0,0,24.068,0,0.67797,7.4576,19.661,6.7797,0,0,0.67797,0,0,0,0,0,0,1.6949
5.3333,0.2963,5.6296,0,0,33.481,0.59259,0,0,1.1852,0,0,2.0741,0,0.59259,0.59259,1.4815,0,0,0,0,2.0741,0,0,0.59259,0,0,0,0,0,0,0,0,0,4.7407,0.2963,0,0.2963,305.48,13.926,0.2963,2.963,5.3333,0.2963,12.148,2.6667,0,5.037,0,9.7778,0.2963,0.59259,2.6667,0.59259,63.111,2.963,38.815,88.889,0.88889,0.88889,73.778,5.3333,14.815,12.741,0,0,1.1852,5.3333,0,10.667,0,0,4.4444,16.593,0,0.2963,0.2963,0,0,0,0,0,0,0,0.2963,0.2963,0,0.59259,0,0,2.3704,32.296,0,10.37,1.4815,0,0,0,0,0,0,0,0,0,0,0,0.2963,0,0,0.2963,0.2963,0,0,0,0,0,0.2963,1.4815,0.2963,1.1852,1.1852,0,0,0,0.2963,0,0,0.88889,0,0,0,0,0,0,0,0.2963,0.2963,4.7407,0,0,0,0.2963,0,0.2963,0,0,0,0.2963,0.2963,0,0,19.852,0,0,3.8519,23.704,5.6296,0,0,2.963,0,0,0.59259,0.59259,0,0.88889,0.88889
2.3509,0,5.614,0.035088,0.59649,7.3333,1.1228,0,0,1.1579,0,0,1.8596,0.5614,0.035088,0,0,0,0,0,0,0.80702,0,0,1.2281,0,0,0,0,0,0,0.035088,0,0.035088,2.807,0.035088,0.035088,0,140.63,16.842,0,0.5614,0.80702,0,1.8947,0.10526,0.035088,7.2982,0,6.1754,0,0.5614,0.14035,0,36.596,7.8947,20.246,25.404,0.80702,0.5614,7.4386,5.614,5.6491,3.4035,0,0,0,7.3333,0.035088,3.4035,0.63158,0,1.1228,18.982,0.10526,0,0,0,0,0,0,0,0,0,2.4561,0.66667,0,0.31579,0,0,0.5614,10.737,0.5614,3.5789,1.193,0,0.14035,0,0.5614,0,0,0,0,0.035088,0,0,0,0.070175,0.035088,0,0.63158,0,0,0,0,0,0,1.1579,0.63158,2.2807,3.614,0.035088,0.5614,0.59649,1.193,0,0,0.59649,0,0,0,0,0,0.035088,0.035088,0,0,2.2456,0.035088,0.5614,0.035088,0,0,0,0,0,0,0.59649,0.5614,0,0,11.368,0,0.035088,6.7719,17.754,1.7544,0,0,0,0,0,0,0,0.5614,0.5614,0
2.2326,0,5.0233,0,1.2093,8.3721,1.2093,0.093023,0,1.5814,0,0,1.2093,0.093023,0.18605,0,1.4884,0,0,0,0,2.0465,0,0,0,0,0,0,0,0,0,0,0,0.093023,1.2093,0,0,0.18605,99.907,4.9302,0,0.74419,1.7674,0.18605,10.233,1.4884,0.27907,4.186,0,3.0698,0,0.093023,1.6744,0.55814,41.116,3.814,12.93,25.209,0.93023,0,8.186,3.6279,1.0233,3.5349,0,0.093023,0.093023,8.7442,0.093023,7.0698,1.0233,0,0.83721,14.512,0.093023,0.093023,0,0.093023,0,0,0,0,0.093023,0.093023,0.83721,1.3953,0.093023,0,0.18605,0,1.4884,9.7674,0.093023,3.2558,0.55814,0,0.093023,0,0,0,0,0,0,0,0,0,0,0,0.093023,0.093023,0,0,0,0,0,0,0.18605,0.18605,0.093023,0.65116,0.74419,0.18605,0,0,0.27907,0,0,0.27907,0.093023,0.093023,0.093023,0,0,0,0.27907,0.18605,0.18605,1.3023,0.093023,0.18605,0.093023,0.093023,0,0,0,0,0.18605,0.46512,0.18605,0.093023,0,3.5349,0,0.18605,4.8372,10.698,2.1395,0,0,0.18605,0.093023,0.27907,0,0.093023,0,0.27907,0.18605
0.020942,0,0.33508,0,0,0.052356,0,0,0,0,0,0,0.40838,0.010471,0,0,0.020942,0,0,0,0,0.15707,0,0,0.010471,0.010471,0.010471,0,0,0,0,0.010471,0.010471,0,1.0052,0,0,0,194.3,18.953,0,1.288,0.020942,0,0.10471,0.36649,0,0.67016,0,0.33508,0,0,0.010471,0,38.157,1.3403,1.0366,2.0105,0.37696,0,7.0785,37.948,8.4084,11.853,0,0,0,0,0,0.67016,0.37696,0,0,1.1518,0.031414,0,0,0.020942,0,0.010471,0,0,0.010471,0.020942,0.010471,0.65969,0.010471,0.031414,0.38743,0,0.010471,0.010471,0.010471,0.6911,0.77487,0,0.010471,0,0.010471,0,0,0,0,0,0,0,0,0,0.010471,0,0.010471,0,0,0,0,0,0,0.010471,0.020942,0.010471,0.41885,0,0,0.020942,0.70157,0,0,0,0,0,0.010471,0,0,0,0,0,0,0,0,0,0,0,0,0,0,0,0.010471,0.010471,0,0,0,1.0471,0,0,8.9738,6.3037,0.35602,0,0,0,0.010471,0,0,0,0,0,0
0,0,0,0,0,0.19753,0,0,0,0,0,0,0,0,0,0,0,0,0,0,0,7.1111,0,0,97.185,0,0,0,0,0,0,0,0,0,0,0,0.19753,0,1373.8,1.1852,0,7.9012,0,13.235,0,0,0,122.67,0,0,0,0,6.321,0,676.54,0,0.19753,0,0,0,1459.2,0,26.074,19.951,0,0,0,0.59259,0,0,0.59259,0,0,4.1481,0,0,0,0,0,0,0,0,0,0,0.19753,0.59259,0,0,0.79012,0,0,0,0,0,0,0,0,0,0,0,0,0,0,0,0,0,0,0,0,0,0,0,0,0,0,0,0,0,0,0.19753,0,0,0,0,0,0,0,0,0,0,0,0,0,0,0,0,0,12.642,0,0,0,0,0,0,0,0,0,0,0,0,0,31.802,0,0,0.79012,26.272,12.642,0,0,0,0,0,0,0,0,0,0
0.47619,0,0.095238,0.19048,0,1.619,0,0,0,0,0.095238,0,0,0.095238,0,0,0.095238,0,0,0,0,0.38095,0,0,0.38095,0,0,0.19048,0,0,0,0,0,0,0,0.095238,0,0.38095,95.714,19.048,0,1.0476,0.28571,0.38095,0,0.28571,0,0.7619,0,0.28571,0,0,0,0.095238,49.238,0,4.381,0,0,0,18.19,2.6667,1.619,1.2381,0,0,0,2.4762,0,0.19048,0.19048,0,0.095238,9.0476,0,0,0,0,0,0,0,0,0,0,0.19048,0.47619,0,0,0,0,0.66667,7.7143,0.19048,0.7619,0.095238,0,2.0952,0,0.38095,0,0,0,0,0,0,0,0.095238,0,0,0,0.095238,0,0,0,0,0,0,0.19048,0.38095,0.095238,2.4762,0,0,0,0.095238,0,0,0,0.28571,0,0,0,0,0.095238,0,0,0,0.095238,0,0,0,0,0,0,0,0,0,0.095238,0,0,0,0.57143,0,0,6.1905,5.7143,0.85714,0.095238,0,0.19048,0,0,0,0,0,0.28571,0
0.71111,0,1.7778,0,0,30.6,0.35556,0,0,0,0,0,0.044444,0,0,0,0.35556,0,0,0,0,1.1111,0,0,1.8444,0,0,0,0,0,0,0,0,0,0,0,0,0,170.78,2.5111,0.13333,2.7111,0.77778,0,1,16.111,0,0.73333,0,2.4889,0,0.022222,0.044444,0,69.133,0.35556,7.9111,19.911,0.82222,0,46.289,4.6667,2.1333,2.2667,0,0,0,5.6,0.4,2.8444,0.48889,0,0,7.3778,0.066667,0,0,0,0.088889,0,0.022222,0,0.066667,0.022222,0.044444,2.6,0,0.022222,0,0,0,5,0,0.71111,0.022222,0,0,0,0,0.13333,0,0,0,0,0,0,0,0.044444,0.022222,0.044444,0.066667,0,0,0,0.044444,0.022222,0,0.75556,0,0.82222,0.4,0.11111,0,0,0.37778,0,0,0,0,0,0.022222,0,0,0,0,0,0,0,0,0,0,0,0,0.35556,0,0,0,0,0,0,0,3.5778,0,0,2.8667,1,1.4222,0,0,0,0.044444,0,0,0,0,0.35556,0
3.75,0,6,0,0,31.5,0,0,0,0,0,0,1.0417,0.041667,0.125,0,1,0,0,0,0,0.75,0,0,2.4583,0,0,0,0.33333,0,0,0,0,0.125,0.70833,0,0,0,222.17,3,0,4.6667,1.3333,0,0,4.7083,0,0.41667,0,9.3333,0.041667,0.79167,0,0,61.125,0,32.167,53.5,0.375,0.125,4.9167,5.375,11.667,8.9167,0,0,0,1,0,0.66667,1.5833,0,0,9.3333,0.041667,0,0,0,0,0,0,0,0.083333,0,0.125,0.083333,0,0.041667,0,0,0.33333,10.167,0.66667,7.875,0.75,0,0,0,0,0.125,0,0,0,0,0,0,0.33333,0,0,0,0,0,0,0,0,0,0.66667,0.33333,0,0.375,0.375,0,0,0,0,0,0,0,0.33333,0,0,0,0,0,0,0,0,0,0,0,0,0.33333,0,0.041667,0,0,0,0.66667,0.33333,0.45833,0,7.375,0,0.041667,4,13.375,1.125,0,0,0.33333,0.33333,0,0,0,0,0.083333,0
0,0.18605,0.18605,0,0.37209,3.907,0,0,0,0,0.55814,0,0.27907,0,0,0,0.37209,0,0,0,0,1.6744,0,0,0.37209,0,0,0,0,0,0,0,0,0.18605,0.37209,0,0,0,97.395,2.1395,0,5.3023,0.93023,0.18605,0,12.744,0.093023,0.74419,0,2.0465,0,0.55814,0,0,40.372,0,21.302,42.791,0.18605,0.18605,16.93,2.6977,4.3721,3.1628,0,0,0,0.18605,0,1.6744,0.27907,0,0,6.2326,0,0,0,0,0,0,0,0,0,0,0.18605,0.55814,0.093023,0,0,0,1.4884,7.3488,0.37209,3.2558,0,0,0,0,0,0,0,0,0,0,0,0,0.093023,0,0,0,0.18605,0,0,0,0,0,0,1.9535,0.18605,1.1163,1.4884,0,0,0.37209,0.46512,0,0,0,0.37209,0,0.18605,0.093023,0,0,0,0,0,0,0,0,0,0,0,0,0,0,0,0,0,0,0,0.55814,0,0,1.3023,5.3023,0.18605,0,0,0,0,0,0,0.93023,0,0,0
0.033058,0.066116,0.36364,0,0,0.2314,0,0,0,0,0,0,0.099174,0,0.033058,0,0.033058,0,0,0,0,0.1157,0,0.016529,0.099174,0,0,0,0.049587,0,0,0,0,0,0.14876,0,0,0.1157,20.595,1.6529,0.033058,0.47934,0.84298,0.033058,0.033058,1.1074,0,0.099174,0,0.18182,0,0.016529,0,0,8.6116,0.016529,18.694,0.39669,0.2314,0,2.1322,1.0744,0.49587,0.84298,0,0,0,0.34711,0,0,0.14876,0,0,1.0579,0.016529,0,0,0,0.016529,0,0,0,0,0,0.049587,0.033058,0,0.016529,0,0,0.066116,0.2314,0.033058,0.033058,0.066116,0,0.16529,0,0,0,0,0,0,0,0,0,0.049587,0,0,0,0,0,0,0,0,0,0.033058,0.033058,0,0.016529,0.016529,0,0,0,0,0,0,0.033058,0,0,0,0,0,0.033058,0,0,0,0,0,0,0,0,0,0,0,0,0,0,0,0,0,1.1901,0,0,0.29752,1.4711,0.19835,0,0,0,0,0,0,0.033058,0,0.066116,0
0.088889,0.13333,0.26667,0,0,0.15556,0,0,0,0,0,0,0.011111,0.011111,0.1,0,0.044444,0,0,0,0,0.15556,0,0,0.022222,0,0,0,0.044444,0,0,0,0,0,0.27778,0,0,0.044444,32.278,1.6,0,0.47778,0.41111,0.044444,0,0.78889,0.044444,0.1,0,0.13333,0,0.088889,0,0,12.867,0.22222,11.922,4.8556,0,0.088889,2.2333,1.3778,0.72222,0.84444,0,0,0,0.57778,0,0.18889,0.044444,0,0,1.2111,0,0,0,0,0,0,0,0,0,0,0,0,0,0.066667,0,0,0.31111,1.2556,0.044444,0.48889,0,0,0,0,0,0,0,0,0.044444,0,0,0,0.055556,0.011111,0.011111,0,0.011111,0,0.011111,0,0,0,0,0.044444,0.088889,0.022222,0.12222,0.066667,0,0,0.066667,0,0,0,0.011111,0,0.011111,0,0,0.13333,0,0,0.044444,0,0,0,0,0,0,0,0,0,0.011111,0.088889,0,0,0.011111,0.84444,0,0,0.13333,1.4,0.32222,0,0,0,0,0,0,0,0,0,0
0,0.35754,4.2011,0,0,0.35754,0,0.022346,0,0.089385,0,0,0.022346,0.022346,0,0,0.11173,0,0.089385,0,0,0.2905,0,0,0.17877,0,0,0,0.044693,0,0,0,0,0.022346,0.089385,0,0,0.17877,64.536,0.71508,0,2.257,0.60335,0.022346,0,4.0894,0.3352,0.20112,0,0.53631,0,0,0,0,19.553,0.35754,36.313,3.7765,0.11173,0,9.743,1.6313,0.75978,1.7207,0,0,0,0.35754,0,0.17877,0.31285,0,0,1.8324,0.044693,0,0,0,0,0,0,0,0,0,0,0.13408,0,0.13408,0,0,0,0.98324,0.089385,0.37989,0,0,0,0,0,0,0,0,0,0,0,0,0.044693,0.089385,0.022346,0,0.15642,0,0.022346,0,0.022346,0.11173,0.17877,0.089385,0,0.17877,0.24581,0,0,0,0.044693,0,0,0,0,0,0,0,0,0.17877,0,0,0.089385,0,0,0.11173,0.067039,0,0,0.089385,0,0,0.022346,0.11173,0.20112,0,0,3.5084,0,0.022346,3.9553,2.324,0.35754,0,0,0,0,0,0,0,0,0.089385,0
0.070796,0,5.1504,0,0,0.56637,0.37168,0,0,0,0.070796,0.14159,0.23009,0,0,0,0,0,0,0,0,1.6814,0,0.070796,0.088496,0,0,0,0,0,0,0,0,0.088496,0.15929,0,0.017699,0.070796,34.938,0.42478,0.053097,1.0973,0.46018,0,0,0.79646,0,0,0,0.30088,0,0,0,0,18.956,0.070796,25.257,0.99115,0.28319,0.12389,3.3451,1.2389,2.2832,1.1681,0,0,0,0.93805,0,0.28319,0.21239,0,0.14159,3.9646,0.12389,0,0,0,0,0,0.017699,0,0,0,0.053097,0.30088,0,0.14159,0,0,0.28319,1.9469,0,0.77876,0,0,0.017699,0,0,0,0,0,0.017699,0,0,0,0.10619,0.053097,0.017699,0.017699,0.28319,0,0,0,0,0.12389,0.088496,0.12389,0.12389,0.33628,1.0973,0,0,0,0.10619,0,0,0,0.017699,0,0,0,0,0.23009,0.10619,0.070796,0,0.070796,0,0,0,0,0,0,0,0,0.088496,0.38938,0.017699,0,0,3.5929,0,0.088496,10.425,5.6814,0.65487,0,0,0,0.21239,0,0,0.30088,0,0.070796,0
0.83333,0.33333,1.8333,0,0.16667,0.91667,0.083333,0,0,0,0,0,0.66667,0,0.083333,0,0,0,0,0,0,0.75,0,0,0.41667,0,0,0,0,0,0,0,0,0,0,0,0,0,108,2.4167,0.41667,1.0833,1.0833,0.16667,1.3333,0.83333,0.16667,2.4167,0,1,0,0,0,0.5,38.833,0.75,29,16.667,0.5,0.33333,12.417,1.1667,2.6667,1.5,0,0,0,1,0,1.25,0.16667,0,0,13.917,0.25,0,0.083333,0.083333,0,0,0,0,0,0,0.083333,0.5,0,0,0,0,1.8333,6.0833,0.16667,1.25,0.41667,0,0,0,0,0,0.083333,0,0.16667,0,0,0,0.16667,0,0.33333,0.16667,0.41667,0,0.16667,0,0.083333,0,0.083333,0.16667,0.25,0,0.83333,0,0,0.083333,0.33333,0,0,0.5,0.083333,0,0.083333,0,0,0,0,0,0.083333,0.16667,0,0,0,0.16667,0,0.33333,0,0,0,0,0,0,0,3.25,0,0,1.0833,5.8333,1,0,0,0.16667,0.33333,0,0,0,0,0.33333,0.16667
0,0,0,0,6.0444,0.73333,0,0,0,0,0,0,0.35556,0,0,0.022222,0.022222,0,0,0,0,1.2889,0,0,0.91111,0.022222,0,0,0,0,0,0,0,0,0,0.022222,0,0,80.533,18.178,0.022222,1.6889,1.6,0,0.84444,0.022222,0,0.37778,0,1.4222,0,0,0,0,27.556,0.73333,35.733,9.6222,0.26667,0,2.9778,1.8,3.9111,1.4222,0,0,0,0.71111,0.71111,0.35556,0.11111,0,0,6.0222,0.022222,0,0,0,0.022222,0.022222,0,0,0,0,0.37778,0.44444,0,0,0,0,1.0667,5.4444,0,1.8222,0.13333,0,11.133,0,0,0.022222,0,0,0,0,0,0,0.022222,0.066667,0.022222,0.044444,0.022222,0,0.088889,0,0.022222,0,0,0.022222,0,0.022222,0.066667,0,0,0,0,0,0,0,0,0,0,0,0,0,0.35556,0,0,0,0,0,0,0,0,0,0,0,0.022222,0,0,0,0,1.1111,0,0,0,10.622,0.4,0,0,0.35556,0,0,0,0,0,0,0.35556
0.43882,0,0.20253,0,1.7553,2.1266,4.6245,0,0,0,0,0,0,0,0,0,0.13502,0,0,0,0,0.37131,0,0,0.33755,0,0,0,0.033755,0,0,0,0,0,0.40506,0,0,0,120.74,6.1435,0,1.8228,0,0,0.10127,0.16878,0,0.13502,0,0.67511,0,0,0,0,21.84,0,6.211,8.6076,0.91139,0,7.865,8.8439,4.6582,3.0717,0,0,0,0.3038,0,0.033755,0.10127,0,0,2.4641,0.067511,0,0,0,0,0,0,0,0,0,0,0.60759,0,0.033755,0.033755,0,0.13502,1.519,0,3.1055,0,0,1.1477,0,0,0,0,0,0,0,0,0,0.067511,0.10127,0.067511,0.067511,0.033755,0,0,0,0,0,0.16878,0.13502,0,0.60759,0.16878,0,0,0.033755,0.13502,0,0,0,0,0,0,0,0,0,0,0,0.13502,0.033755,0,0.23629,0,0,0,0.27004,0,0,0,0.13502,0,0,0,11.139,0,0,0.40506,5.8059,0.33755,0,0,0,0.13502,0,0,0,0,0.23629,0
0.28571,0,0,0,0,5.2857,4.7143,0,0,0,0,0,0.071429,0,0.071429,0,0,0,45.857,0,27.429,0.071429,0,0.071429,1.2857,0,0,0,0,0,0,0,0,0,0.071429,0,0,0,3434.9,36.786,0,0,0,13.929,0,0,0,0.071429,0,0,0.57143,0,0,0,9.3571,0,46.214,0.21429,0,4.5714,1132.1,55.071,82.286,78.143,0,0,0,0,0,0,0,0.14286,0,9.9286,0,0,0,0,0,0,0,0,0,0,4.5714,0.21429,0,0.21429,14.071,0,4.5714,4.7143,0,4.6429,0,0,5,0,0,0,0,0,6.7857,0,0,0,0,0,0,0,0,0,0,0,0,0,0.14286,0,0,0,0,0,0,0,0.071429,0,0,0,15.429,0,4.7143,0,0,0,0,0,0,0,0,0,0,0,0,0,0,0,0,0,0,0,0,3.2857,0,0,4.6429,64.5,0.21429,0,0,0,0,0,0,0,0,0,0
0.36571,0,0.18286,0,0,2.6971,1.4629,0.18286,0,0,0,0,0.86857,0,0,0,0.77714,0,0.18286,0,0,1.3714,0,0,0.41143,0,0,0,0.45714,0,0,0,0,0,0,0,0.045714,0,106.06,24.869,0,0.73143,0,0.18286,3.6571,0.41143,0,0.091429,0,1.7371,0,0,0.82286,0,36.023,0.73143,8.5943,0.64,0,0,8.3657,9.0971,1.9657,4.5257,0,0,0.18286,0.91429,0,0.91429,0.27429,0,0,9.1429,0,0,0,0,0,0,0,0,0.045714,0,0.22857,1.1429,0,0.13714,0,0,0,2.3314,0,1.3714,0.045714,0,0.77714,0,0,0,0,0,0.045714,0,0,0,0,0.091429,0.091429,0.045714,0.18286,0,0.091429,0.045714,0,0,0.091429,0.50286,0,0.73143,0.64,0,0,0.22857,0.54857,0,0,0.22857,0.18286,0,0,0,0,0,0,0,0.36571,0.54857,0.045714,0,0,0,0,1.6914,0,0,0,0,0,0,0,12.48,0,0,1.28,2.9257,0.22857,0,0,0,0.27429,0,0,0,0,0.18286,0
0,0,0,0,0,4.0714,0.19048,0,0,0,0,0,0,0,0,0,0,0,0,0,0,0.72619,0.047619,0.053571,1.9345,0,0,0,0,0,0,0,0,0,0.095238,0,0,0,37.321,1.4821,0,1.8155,0,0.047619,0.29167,0.095238,0,0.095238,0,0,0,0,0,0,4.9107,0.095238,0.2381,0.57738,0.14881,0,5.6786,2.5714,0.047619,1.2619,0,0,0,2.381,0.14286,0,0.71429,0,0,1.0536,0,0,0,0,0,0,0,0,0,0,0.28571,0.94048,0,0.059524,0.065476,0,0,0.047619,0,0.011905,0,0,0,0,0,0.047619,0,0,0,0,0,0,0,0,0,0,0,0,0,0,0,0,0,0.0059524,0,0,0,0,0,0,0.0059524,0,0,0,0,0,0,0,0,0,0,0,0,1,0,0.17262,0,0.0059524,0,0,0,0,0,0,0,0,0,8.4464,0,0,13.732,0.14881,0.17857,0,2.9107,0,0.30952,0,0,0,0,0.7619,0
4.8762,0,0,0,0,134.1,1.219,0,0,0,0,1.219,0,0,0,0,0,0,0,0,0,19.505,0,0,4.8762,0,0,0,0,0,0,0,0,0,15.848,0,0,0,789.94,14.629,0,460.8,2.4381,0,76.8,2.4381,1.219,14.629,0,1.219,0,0,7.3143,0,459.58,0,0,8.5333,0,0,134.1,31.695,18.286,52.419,0,0,0,65.829,0,53.638,18.286,0,0,7.3143,0,0,0,0,0,0,0,0,0,0,3.6571,4.8762,0,0,0,0,4.8762,12.19,0,17.067,0,0,0,0,0,0,0,0,0,0,0,0,0,0,0,0,0,0,0,0,0,0,0,0,0,2.4381,0,0,0,0,1.219,0,0,0,0,0,0,0,0,0,0,1.219,1.219,1.219,0,0,0,0,0,0,0,0,0,0,0,0,0,515.66,0,0,78.019,109.71,7.3143,0,0,0,0,0,0,0,0,3.6571,0
0,0,2.3704,0,0,4.3827,0.012346,0,0,0,0,2.7901,0.41975,0,0,0.40741,0,0,64.877,47.444,0,0,0,0,0.39506,0,0,0,0,0,0,0,0.012346,0,0.39506,0,0,0,81.111,11.457,0,2.4321,0.39506,107.91,0.41975,1.1852,0,0.79012,0,0,0,0,0.08642,0.012346,85.852,0,0.39506,1.5802,0,0,22.654,3.963,1.5802,7.6173,0,0,2.3704,9.9012,0.79012,9.0988,0.81481,0,4.7407,0.41975,0,0,0,0,0,0,0,0,0,0,0,0.012346,0,0.012346,0.049383,0,2.3704,4.7531,0,2.7901,0,0,0,0,0,0,0,0,0,0,0,0,0,0,0,0,0,0,0,0,0,0,0,0,0,0,0,0,0,0,0,0,0,0,0,0,0,0,0,0.39506,0,1.9877,0,116.57,0,0,0,0,0,0,0,0,0,0,0,0,0,3.9753,0,0,51.457,11.099,1.9753,0,0,0,0,0,0,0,0,0,0.39506
2.3486,0,0,0,2.6422,2.9358,0,0,0,0,0,0,3.8165,0,0,0,2.9358,0,0,0,0,13.798,0,0,0.29358,0,0,2.3486,0,0,0,0,0,0,9.9817,0,0,0,300.62,0,7.0459,133.28,0,0,3.2294,0,0,2.6422,0,0,0,0,0,0,938.57,0,0,7.3394,0,0,80.734,42.862,54.312,24.661,0,0,0,0,0,157.36,2.6422,0,0,2.9358,0,0,0,0,0,0,0,0,0,0,0,0,0,0,0,0,22.606,35.817,0,0.58716,0,0,0,0,0,0,0,0,0,0,0,0,0,0,0,0,0,0,0,0,0,0,0,0.29358,0,0,0,0,0,0,0,0,0,0,0,0,0.29358,0,0,0,0,0,0,2.3486,0,0,0,0.29358,0,0,0,0,0,0,0,0,0,47.56,0,0.58716,7.3394,249.25,0.29358,0,0.58716,0,0,0,0,0,0,0.58716,0
0,0,0,0,2.6667,22.667,0,2.6667,0,0,0,0,8,0,2.6667,0,2.6667,0,0,0,0,56,0,0,12,0,0,1.3333,0,0,0,0,0,0,4,0,0,6.6667,301.33,8,0,72,0,0,2.6667,0,0,0,0,0,0,0,0,0,1177.3,1.3333,2.6667,8,0,0,57.333,49.333,5.3333,12,0,0,0,0,0,145.33,14.667,2.6667,0,2.6667,0,0,0,0,0,0,0,0,0,0,0,0,0,0,1.3333,0,21.333,20,0,0,0,0,0,0,0,0,0,0,0,0,0,0,0,0,0,0,0,0,0,0,0,0,0,0,0,0,0,0,0,0,0,0,0,2.6667,0,0,0,0,0,0,0,0,1.3333,0,0,0,0,0,0,0,0,0,0,0,0,0,0,62.667,0,5.3333,37.333,81.333,0,0,0,0,0,0,0,2.6667,0,4,0
0.062016,0,0.031008,0,0,0.37209,0,0,0,0,0,0.031008,0,0,0,0,0.015504,0,0,0,0,0.093023,0,0,0,0,0,0,0,0,0,0,0,0,0,0,0,0,1.1628,0.046512,0,0.21705,0,0,0.015504,0,0,0,0,0,0,0,0,0,0.3876,0,0,0,0,0,0.24806,0.34109,0,0.12403,0,0,0.031008,0.031008,0,0.21705,0.046512,0,0,0,0,0,0,0,0,0,0,0,0,0,0,0.031008,0,0,0,0,0,0,0,0.12403,0,0,0,0,0,0,0,0,0,0,0,0,0,0,0,0,0,0,0,0,0,0,0,0,0,0,0,0,0,0,0,0,0,0,0,0,0,0,0,0.015504,0,0,0,0.54264,0,0,0,0,0,0,0,0,0,0,0,0,0,0.32558,0,0.015504,0.062016,0.37209,0.077519,0,0,0.062016,0,0,0,0,0,0.031008,0
0.5,0,0,0,0,2.2813,0,0,0,0,0,9.5,0.0625,0,0,0.03125,0,0,0,0,0,0.15625,0,0,0,0,0,0,0,0,0,0,0,0,0,0,0,0.5,6.4063,0,0,3.375,0,0,0.03125,0,0,0.28125,0,0,0.03125,0,0.0625,0,17.219,0,0.03125,3.0938,0,0,3.7813,0.25,0.25,0.84375,0,0,0,0,0,30.25,0.09375,0,0,0.25,0,0,0,0,0,0,0,0,0,0,0,0.03125,0,0,0,0,1.0313,1.0313,0,0.28125,0,0,0,0,0,0,0,0,0,0,0,0,0,0,0,0,0,0,0,0,0,0,0,0,0,0,0,0,0,0,0.03125,0,0,0,0,0,0,0.03125,0,0,0,0,0,0.5,0,0,0,0,0,0.03125,0,0,0,0,0,0,0,1.5313,0,0,38.5,8.1875,2.9063,0,0,0.78125,0,0,0,0,2.8125,0.75,0
1,0,1.5,0,0,0.5625,0,0,0,0,0,2,4.125,0,0,0,1.5,0,0,0,0,2.4375,0,0,0,0,0,0,0,0,0,0,0,0,23.938,0,0,0,10.125,0,0,11.688,0,0,0.625,0,0,0,0,0,0,0,0,0,12,0,0,4,0,0,3.625,0.5625,1,0.625,0,0,0.5,0,0,15.063,1.5,0,0,0,0,0,0,0,0,0,0,0,0,0,0,0,0,0,0,0,7.0625,2,0.5,0.5,0,0,0,0,0,0,0,0,0,0,0,0,0,0.5,0,0,0,0,0,0,0,0,0,0,0,0,0,0,0,0,0,0,0,0,0,0,0,0,0,2.5,0,0,0,0.0625,0,0,0,0,0,0,0,0,0,0,0,0,0,0.625,0,0,3.5,16.125,53.063,0,0,3.5,0,0,0,0,0,2,0
0,0,0,0,0,45.176,0,0,0,0,0,0,0,0,0,0,0,0,0,0,0,1.8824,0,0,1.8824,0,0,0,0,0,0,0,0,0,0,0,0,0,553.41,7.5294,0,592.94,0,0,11.294,0,0,9.4118,0,0,0,0,0,0,698.35,0,0,1.8824,0,0,698.35,13.176,39.529,26.353,0,0,0,0,0,5.6471,7.5294,0,0,9.4118,0,0,0,0,0,0,0,0,0,0,0,0,0,0,0,0,3.7647,11.294,0,3.7647,0,0,0,0,0,0,0,0,0,0,0,0,0,0,0,0,0,0,0,0,0,0,0,0,0,0,0,0,0,0,0,0,0,0,0,0,0,0,0,0,0,0,0,0,0,0,0,0,0,0,0,0,0,0,0,0,0,60.235,0,0,0,33.882,3.7647,0,0,0,0,0,0,0,0,0,0
8.8791,0,0,2.7253,6.4176,77.802,2.1978,0,0,0,0,0,0.61538,0.7033,0.35165,0,5.2747,0,0,0,0,0.61538,0,0,1.3187,0,0,0,0,0,0,0,0,0,0.087912,0,0,1.6703,500.4,0.79121,0,0.087912,0,10.725,0.087912,0,0,0.87912,0,0.7033,0,0,0,0,199.12,3.5165,0,2.2857,0.087912,0,36.132,3.0769,0.79121,5.4505,0,0,0,0.79121,0,1.5824,0.087912,0,0,14.681,0,0,0,0,0,0,0,0,0,0,0.7033,0.79121,0,0.087912,0,0,1.6703,3.5165,0,0.7033,0.087912,0,1.1429,0,0,0,0,0,0,0,0,0,0,0,0,0,0,0,0,0,0,0,0,0,0,0.79121,7.4725,0,0,0.79121,2.3736,0,0,0.087912,0,0,0,0,0,0,0,0,0,0.87912,0.087912,1.2308,0,0,0,0,0,0,0,3.8681,0,0.087912,0,5.8022,0,0.087912,3.0769,11.692,1.9341,0,0,0,0.087912,0,0,0,0,1.4945,0
7.0769,0,0,5.2308,0.92308,60,3.3846,0,0,0.61538,0,0,2.7692,2.4615,0,0,3.6923,0,0,0,0,0,0,0,0,0,0,0.61538,0,0,0,0,0,0,1.2308,0,0,0,126.15,0.61538,0,1.5385,0,0,0.92308,0,0,0.61538,0,0,0,0,0,0,66.462,15.385,10.462,0.61538,0,0,6.7692,3.0769,0,1.2308,0,0,0,0.92308,0,0,0.92308,0,1.2308,2.4615,0,0,0,0,0,0,0,0,0,0,0,0.30769,0,0.30769,0,0,0,1.5385,0,1.2308,0,0,15.692,0,0,0,0,0,0,0,0,0,0,0,0,0,0,0,0,0,0,0,0,0,0,0,2.1538,0,0,0.92308,4.6154,0,0,0,0,0.61538,0.61538,0.30769,0,0,0,0,0,0.30769,0,0,0,0,0,0,0,0,0,0.61538,0,0,0,4.6154,0,0,1.8462,6.7692,5.8462,0,0,0,0,0,0,0,0,0.61538,0
0,0,0,0,0,16.615,0,2.4615,0,0,0,0,0.61538,0,0,0,1.2308,0,0.61538,0,0,0,0,0,0,0,0,0,0,0,0,0,0,0,0,0,0,0,625.23,57.846,0,7.3846,0,9.8462,0.61538,0,6.1538,9.2308,0,0,0,0,14.769,0,142.15,0.61538,2.4615,47.385,0,0,75.692,14.769,12.923,27.692,0,0,2.4615,0,0,38.769,1.2308,0,0,2.4615,0,0,0,0,0,0,0,0,0,0,0,2.4615,0,0,0,0,0,8.6154,0,1.2308,1.8462,0,40.615,0,0,0,0,0,5.5385,0,0,0,0,1.2308,0,0,0,0,0,0,0,0,0.61538,0.61538,0.61538,0,2.4615,0,0,0,3.6923,0,0,0,0,0,0,0.61538,0,0.61538,0,0,0,0,0,0,0,0,0,0,0,0,0,0,0,0,0,0,0,0,5.5385,33.231,7.3846,0,0,0,0,0,0,0,0,0,0
0.61538,0,0,0,0.61538,7.3846,0.61538,0,0,0,0,0,3.3846,0.46154,0,0,3.2308,0,0,0,0,0.30769,0,0,0.30769,0,0,0,0,0,0,0,0,0,0.61538,0,0,0.61538,151.69,2.1538,0,1.2308,1.2308,0,1.0769,0,0,1.2308,0,0.61538,0,0,0,0.61538,81.231,0,13.385,69.385,1.6923,0,18.615,1.8462,1.2308,6.3077,0,0,0,0.30769,0,1.2308,1.8462,0,0,17.231,0.15385,0,0,0,0,0,0,0,0,0,0.61538,0.30769,0,0.15385,0,0,0,11.077,0,1.2308,9.0769,0,0.92308,0.30769,0,0,0,0,0.76923,0,0,0,0,0,0,0,0,0,0,0,0,0,0.15385,0.61538,0,0.76923,0.61538,0,0,0,1.3846,0,0,3.2308,1.3846,0,0,0,0,0.61538,0,0,0,0,0,0,0,0,0,1.8462,0,0,0,0.15385,0,0,0,1.8462,0,0.76923,0.61538,18.154,2.4615,0,0,0,0,0,0,0,0,1.8462,0
0,0,0,0,0.50794,3.4286,0,0,0,0,0,0,0.53968,0,0.25397,0,0,0,0,0,0,0.44444,0,0,0.12698,0,0,0,0.031746,0,0,0,0,0,0.53968,0,0,0,143.97,14.381,0.095238,3.0794,1.2698,0.25397,0,0.031746,0,2.3175,0,1.7778,0,0,0,0,8.7302,0,38.222,102.1,0.19048,0.095238,19.079,5.1429,2.7937,4.6032,0,0,0,2.9206,0,0.50794,0.38095,0,0,1.4286,0,0,0,0,0,0,0,0,0,0,0,0.25397,0,0,0,0,0,2.1905,0.25397,1.5556,1.0476,0,0,0,0,0,0,0,0.25397,0,0,0,0.25397,0,0,0,0,0,0,0,0,0,0,0.063492,0.28571,0.66667,0.57143,0,0,0.25397,0.31746,0,0,0,0,0,0,0,0,0,0,0,0,0.25397,0,0,0,0,0,0,0,0,0,0.50794,0.25397,0,0,4.1587,0,0.25397,2.7937,2.8889,1.1746,0,0,0,0,0,0.25397,0,0,0.50794,0
0.012346,0,0.39506,0,0,0.80247,0.19753,0,0,0,0.012346,2.3704,0.024691,0,0.061728,0,0.59259,0,0,0,0,0.19753,0,0,0.2716,0,0,0,0.012346,0,0,0,0,0,0.012346,0,0,0,32.753,3.4568,0.24691,0.049383,0.74074,0.40741,0,0,0,0.2963,0,1.1852,0.037037,0,0,0,7.2222,0,15.457,3.2222,0.46914,0.23457,8.037,1.5802,0.80247,0.81481,0,0,0,0.61728,0,0.20988,0.08642,0,0,1.284,0,0,0,0,0,0,0,0,0,0,0.40741,0.024691,0,0.12346,0,0,3.1728,3.5926,0,0.20988,0.20988,0,0,0,0,0,0,0,0.012346,0,0,0,0.049383,0,0.012346,0,0,0,0,0,0,0,0,0.012346,0,0.22222,0.098765,0,0,0.012346,0.012346,0,0,0,0,0,0,0,0,0,0,0,0.39506,0,0,0.024691,0,0.012346,0,0,0,0,0.012346,0.20988,0.23457,0,0,3.1852,0,0,3.1852,3.5432,0.049383,0,0,0,0.19753,0,0,0,0,0.19753,0
0.02439,0.19512,2.1463,0,0,3.122,0,0,0,0,0,0.19512,0.19512,0,0,0,0,0,2.5366,0,0,0.43902,0,0,0.29268,0,0,0,0.39024,0,0,0,0,0,0.19512,0,0,0.39024,49.683,0.60976,0.56098,0.14634,1.0244,0,0.02439,3.2439,0.02439,2.0732,0,0.19512,0,0,0,0,14.878,0,17.146,3.5366,0.12195,0.41463,5.2927,2.3415,1.1951,1.4146,0.02439,0,0.02439,1.0488,0,0.58537,0.02439,0,0,1.8049,0.02439,0,0,0,0,0,0,0,0,0,0,0,0,0.19512,0.19512,0,0.39024,0.97561,0,0.19512,0.19512,0,0,0,0,0,0,0,0,0,0,0,0.02439,0.02439,0.02439,0,0.02439,0,0,0,0,0,0,0.41463,0,0.43902,0.073171,0,0,0,0,0,0,0,0,0,0.19512,0,0,0,0,0,0,0,0,0.02439,0,0,0,0.19512,0,0,0,0.19512,0,0,0,2.9512,0,0,14.537,3.0732,0.58537,0,0,0.19512,0,0,0,0.19512,0,0.19512,0
0.35036,0,1.4088,0,0,0.12409,0,0,0,0,0,0,0.0072993,0.13139,0.014599,0,0.0072993,0,0.24818,0,0,0.18248,0,0,0.49635,0,0,0,0,0,0,0,0,0.0072993,0.26277,0,0,0,21.693,0.24088,0.26277,0.036496,0.27737,0,0,0.27737,0.24088,1.1825,0,0.58394,0,0,0,0,16.066,0.12409,6.2701,1.0584,0.16788,0.029197,1.4234,2.6934,0.9562,1.073,0,0,0,1.5547,0,0.11679,0.13869,0,0,1.0657,0.0072993,0,0,0,0,0,0,0,0,0,0,0,0,0.021898,0,0,0.12409,1.0657,0,0.59124,0.0072993,0,0,0,0,0,0,0,0.0072993,0,0,0,0.021898,0.12409,0.021898,0.014599,0.014599,0,0,0,0,0,0,0.014599,0.0072993,0.014599,0.19708,0.014599,0,0.0072993,0,0,0,0,0,0,0.0072993,0,0,0,0,0,0,0.23358,0,0,0,0,0,0.11679,0,0,0,0,0.014599,0,0,1.4015,0,0,7.1314,2.2628,0.36496,0,0,0,0,0,0,0,0,0.11679,0
0.36957,0,0.86957,0.021739,0.17391,1.0652,0,0,0,0,0,0,0.26087,0,0.43478,0,0,0,0,0.17391,0,0.34783,0,0,0.32609,0,0,0,0.19565,0,0,0,0,0,0.71739,0,0,0,46.826,1.7391,0.63043,0.69565,2.3478,0.34783,0,0.69565,0.043478,1.0435,0,0.86957,0,0,0,0,20.457,0.17391,16.391,9.7609,0.6087,0.47826,11.022,1.3043,0.86957,0.41304,0,0,0,2.8043,0.17391,0,0,0,0,4.8913,0.021739,0,0,0,0,0,0,0,0,0,0.21739,0,0,0.17391,0,0,0.69565,0.6087,0,1.0652,0.26087,0,0,0,0,0,0,0,0.021739,0,0,0,0.043478,0.021739,0,0.021739,0.043478,0,0,0,0.043478,0,0,0.043478,0.19565,0.19565,0.76087,0,0,0,0.21739,0,0,0,0.021739,0,0,0,0,0,0,0,0.17391,0,0,0.021739,0,0,0,0,0,0,0,0,0,0,0.021739,2.6304,0,0,5.2391,3.1087,0.36957,0,0,0,0,0,0,0,0,0.34783,0
5.9007,0.9078,2.2695,0,1.8156,1.8156,1.5887,0,0,0,0,0,1.3617,0.22695,0.22695,0,0.9078,0,0,0,0,7.2624,0,0,0.68085,0.22695,0,0,0.22695,0,0,0,0,0.22695,1.1348,0,0,0.4539,130.04,29.277,0,0.9078,0.22695,0,5.6738,0,0,1.3617,0,17.929,0,0.22695,1.8156,0.4539,79.206,0,72.851,12.482,0.9078,0.22695,29.957,18.383,0.9078,4.9929,0,0,0.9078,1.8156,0,12.936,0.4539,0,0,25.191,1.1348,0,0,0,0,0,0,0,0,0,0.4539,3.4043,0,0.4539,0,0,1.8156,7.9433,0,5.6738,0.22695,0,1.1348,0,0,0,0,0,0.4539,0,0,0,0,0,0,0,0.22695,0,0,0,0,0,0,0,0,0.4539,1.3617,0,0,0,0,0,0,0,0.68085,0,0,0,0,0,0,0,0,0.4539,0,0,0.22695,0,0,0.4539,0,0,0,0,0,0,0,1.3617,0,0,2.0426,13.39,1.8156,0,0,0,0.22695,0,0,0,0,0.9078,0
15.118,0,8.063,0,5.0394,124.98,0,0,0,0,0,0,2.0157,4.0315,0,0,7.0551,0,0,2.0157,0,6.0472,0,0,5.0394,1.0079,0,0,0,0,0,0,0,0,0,0,0,0,785.13,29.228,3.0236,6.0472,3.0236,9.0709,8.063,6.0472,0,4.0315,0,4.0315,0,0,1.0079,3.0236,155.21,2.0157,99.78,452.54,1.0079,0,199.56,14.11,6.0472,23.181,0,0,0,6.0472,0,15.118,4.0315,0,0,69.543,0,0,0,0,0,0,0,0,0,0,3.0236,1.0079,0,0,1.0079,0,4.0315,76.598,0,32.252,5.0394,0,0,0,0,0,0,0,0,0,0,0,0,0,0,0,0,0,0,0,0,0,0,0,0,0,3.0236,0,0,0,0,0,0,1.0079,0,0,0,0,0,0,0,0,0,0,1.0079,2.0157,0,0,0,0,0,1.0079,0,9.0709,12.094,0,0,19.15,0,0,8.063,53.417,40.315,0,0,8.063,0,0,0,0,0,2.0157,3.0236
266.24,0,0,6.8267,64.853,163.84,0,6.8267,0,0,0,0,10.24,1.7067,0,0,11.947,0,0,0,0,27.307,0,0,3.4133,0,0,0,0,0,0,0,0,0,1.7067,0,0,0,1162.2,17.067,0,22.187,3.4133,0,112.64,114.35,0,10.24,0,30.72,0,6.8267,6.8267,0,141.65,1.7067,167.25,554.67,6.8267,0,143.36,18.773,10.24,27.307,0,0,0,1.7067,0,98.987,0,0,0,157.01,0,0,6.8267,6.8267,0,0,0,0,0,0,1.7067,11.947,0,6.8267,5.12,0,1.7067,196.27,8.5333,56.32,3.4133,0,34.133,0,0,0,0,0,0,0,0,0,0,0,0,0,0,0,0,0,0,0,0,0,0,0,6.8267,0,0,0,0,0,0,0,0,0,8.5333,0,0,0,0,0,6.8267,6.8267,0,20.48,0,0,0,0,0,0,0,5.12,8.5333,0,8.5333,32.427,0,0,23.893,100.69,64.853,0,0,27.307,0,0,1.7067,0,0,22.187,1.7067
12.454,0,1.3838,0,19.027,34.941,0.34595,1.3838,0,0,0,0,2.4216,0,0,0,0.34595,0,0,0,0,5.5351,0,0,2.0757,0,0,0,0.34595,0,0,0,0,0.69189,1.3838,0,0,0,399.57,3.4595,0,0.69189,1.3838,0.34595,12.8,7.6108,1.0378,0.34595,0,22.832,0.34595,0,0.34595,1.7297,118.31,2.7676,95.827,173.66,0.69189,0.69189,16.259,10.378,3.1135,15.914,0,0,0,12.8,0,17.989,0,0,0,21.103,0.69189,0,0,0,0,0,0,0,0,0,0,0,0,0.34595,0,0,0,60.886,1.7297,12.8,2.7676,0,1.0378,0,0,0,0,0,1.3838,0,0,0,0.34595,0,0,0,0,0,0,0,0,0,1.3838,0.34595,0.34595,2.0757,2.7676,0,0,0.69189,1.7297,0,0,0,0,0,1.3838,0,0,0,0,0,5.5351,0,0,0,0,0,0,0,0,0,0,1.3838,0,0,0,3.1135,0,2.7676,5.5351,28.022,4.1514,0,0,1.7297,0,0,0,0,0,2.7676,1.3838
62.951,0,8.3934,0,33.574,209.84,0,4.1967,0,12.59,0,0,8.3934,0,0,0,12.59,0,0,0,0,12.59,0,0,8.3934,0,0,4.1967,0,0,0,0,0,4.1967,16.787,0,0,0,1624.1,29.377,0,4.1967,0,0,104.92,25.18,0,8.3934,0,71.344,0,0,0,8.3934,285.38,8.3934,155.28,532.98,8.3934,0,134.3,67.148,54.557,50.361,0,0,4.1967,0,0,491.02,0,0,0,62.951,0,0,8.3934,0,0,0,0,0,0,0,0,0,0,8.3934,4.1967,0,8.3934,218.23,0,33.574,4.1967,4.1967,0,0,0,0,0,0,0,0,0,0,0,0,0,0,0,0,0,0,0,0,0,0,0,0,0,0,0,4.1967,0,0,0,0,0,0,0,0,0,0,0,0,8.3934,0,0,0,0,0,0,0,0,0,0,4.1967,4.1967,0,0,75.541,0,0,33.574,474.23,12.59,0,0,4.1967,0,0,0,0,0,8.3934,4.1967
7.0137,0.87671,1.7534,0,8.7671,17.534,0,0,0,3.5068,0,0,2.1918,0.87671,0,0,4.3836,0,0,0,0,9.6438,0,0,0,0,0,0,0,0,0,0,0,1.7534,3.0685,0,0,0.43836,99.945,19.288,1.7534,0,1.7534,0,1.7534,0,1.7534,8.3288,0,4.8219,0,0,0,2.1918,126.68,0.87671,40.329,28.932,0.43836,0,10.082,4.8219,6.137,4.3836,0,0,0,4.8219,0,9.2055,0.87671,0,0,63.123,0,0,0,0,0,0,0,0,0,0,0,4.3836,0,0,0,0,0.87671,32.438,0.43836,3.9452,1.3151,0,0,0,0,0,0,0,0,0,0,0,0,0.43836,0,0,0,0,0,0,0,0,0,0,0,0.87671,3.9452,0,0,0,1.3151,0,0,0.43836,0,0,0,0,0,0,0,0,0,0,0,0.87671,0.43836,0,0,2.1918,0,0,0.87671,2.6301,0.43836,0.43836,0,15.342,0,0.87671,0.87671,22.795,3.5068,0,0,0,0,0,0,0,0,0,0
0.60377,0.60377,1.2075,0.10063,0.80503,2.2138,0,0.10063,0,0,0,0,0.20126,0,0,0,0.10063,0,0,0,0,0,0,0,0.20126,0,0,0,0.10063,0,0,0,0,0,0.10063,0,0,0,18.214,0.40252,0,0.30189,1.0063,0,0,2.717,0.7044,2.3145,0,0.10063,0,0,0,0.10063,12.478,0.10063,10.465,2.6164,0,0.10063,1.1069,1.8113,0.60377,1.4088,0,0,0,0.30189,0,0.40252,0.30189,0,0,2.1132,0,0,0,0,0,0,0,0,0,0,0,0,0,0.10063,0.20126,0,0.80503,2.8176,0,0.30189,0,0,0,0,0,0,0,0,0,0,0,0,0.10063,0,0,0,0.10063,0,0.10063,0,0,0,0,0.10063,0,0,0.20126,0,0,0,0.10063,0,0,0,0,0,0,0,0,0,0,0,0.20126,0.30189,0,0,0,0,0,0,0,0,0,0.10063,0.10063,0,0,1.5094,0,0,3.0189,2.9182,0.40252,0,0,0.30189,0,0,0,0.10063,0,0.10063,0.10063
3.5556,0,0,0,0,10.667,3.5556,0,0,0,0,0,0,0,0,0,0,0,0,0,0,19.111,0,0,0,0,0,0,0,3.5556,0,0,3.5556,0,0,0,0,7.1111,2201.8,17.778,0,3.5556,0,0,0,0.44444,0,4,0,0,0,0,0,0,8.4444,0,4.4444,10.667,0,0,124.89,0,7.1111,14.667,0,0,0,0,0,0,3.5556,0,0,38.222,0,0,0.44444,1.3333,0,0,0,0,0,0,0,0.44444,0,0,0,0,0,77.778,0,10.667,0,0,0,0,0,0,0,0,0.44444,0,7.1111,0,0,0,0,0,0,0,0,0,0,0,0,0,0,0,0,0,0,0,0,0,0,0,0,0,0,0,0,0,0,7.1111,0,88.889,0,0,0,0,0,0,0,0,0,0,0,0,0,152.89,0,0,10.667,42.667,0,0,0,0,0,0,0,0,0,0,0
9.0505,0,3.8788,0,97.616,177.78,0,0.64646,0,10.343,0,0,0,0,0,0,0,0,0,0,0,5.8182,0,0,0,0,0,0,0,0,0,0,0,0,1.2929,0,0,0,239.84,31.677,0,0.64646,1.9394,1.9394,2.5859,4.5253,0,1.2929,0,3.8788,0,0,1.2929,0,34.909,0,61.414,3.8788,1.2929,0,19.394,8.404,6.4646,5.8182,0,0,0,9.0505,0,27.152,2.5859,0,0,44.606,0,0,0.64646,0,0,0,0,0,0,0,1.9394,1.2929,0,0,0,0,6.4646,7.7576,0,9.697,0,0,0,0,0,0,0,0,0,0,0,0,0,0,0,0,0,0,0,0,0,0,0,0,0,0,0.64646,0,0,0,0,0,0,0,0,0,0,0,0,0,0,1.2929,0,0,0,0,0,0,0,0,0,0,0,0,12.283,0,0,58.182,0,0,1.2929,110.55,4.5253,0,0,0,0,0,27.152,0,0,0,0
2.0757,0,0,0,0.69189,17.989,0,1.3838,0,0.69189,0,0,0.69189,0,0,0,0,0,0,0,0,1.3838,0,0,0,0,0,0,0.69189,0,0,0,0.69189,0,0.69189,0,0,0,377.08,15.222,0,5.5351,0.69189,0,2.0757,2.0757,0,1.3838,0,6.9189,0.69189,0,0,0,26.984,0,32.519,8.9946,0,0,40.822,7.6108,3.4595,4.1514,0,0,0,0,0,10.378,0,0,0,8.3027,0,0,0,0,0,0,0,0,0,0,0,0,0,0,0,0,2.0757,42.205,1.3838,4.8432,0,0,0,0,0,0,0,0,0.69189,0,0,0,0,0,0,0,0.69189,0,0,0,0,0,0,0,0,0,0,0,0,0,0,0,0,0,0,0,0,1.3838,0,0,0,0,0,5.5351,0,1.3838,0,0,0,0,0,0,0,0,0,0,0,28.368,0,0,0,11.07,2.7676,0,0,0,0,0,0,0,0,0,0
6.3054,5.0443,2.5222,0,5.0443,107.19,1.2611,1.2611,0,2.5222,0,0,0,0,0,0,0,0,0,0,0,12.611,0,0,1.2611,0,0,0,2.5222,0,0,0,0,0,7.5665,0,0,1.2611,453.99,143.76,0,7.5665,2.5222,0,2.5222,10.089,0,0,0,26.483,0,0,0,0,44.138,7.5665,95.842,37.833,1.2611,0,50.443,16.394,13.872,17.655,0,0,0,5.0443,0,5.0443,3.7833,0,0,44.138,0,0,1.2611,1.2611,0,0,0,0,0,0,2.5222,3.7833,0,1.2611,0,0,6.3054,56.749,0,21.438,0,0,1.2611,0,0,0,0,0,0,0,0,0,0,0,0,0,1.2611,0,0,0,0,0,0,0,0,0,1.2611,0,0,0,0,0,0,0,0,0,0,0,0,0,0,0,0,34.049,0,0,0,0,0,0,0,0,1.2611,0,0,0,0,36.571,0,0,0,39.094,6.3054,0,0,0,0,0,2.5222,0,0,0,0
0.28402,0,3.8343,0,0.56805,2.6982,0.047337,0,0,0.18935,0,0,0.18935,0,0,0,0,0,0,0,0,2.4615,0,0,0.28402,0,0,0,0.18935,0,0,0,0,0.61538,0.94675,0,0,0,84.308,11.929,0,2.0355,2.6509,0.18935,1.9882,4.5917,0,0.3787,0,3.4556,0,0.18935,0.23669,0,33.751,0.56805,22.201,3.9763,0.47337,0.85207,7.1953,6.6272,0.94675,2.7929,0,0,0,2.3195,0,1.7041,1.5621,0,0,10.793,0.28402,0,0.047337,0,0,0,0,0.047337,0,0,0.94675,3.1243,0,0.047337,0,0,1.3254,5.0178,0.52071,3.4556,0,0,0,0,0,0,0,0,0,0,0,0,0,0.047337,0,0,0.094675,0,0,0,0,0.047337,0.047337,0,0,0,0.094675,0,0,0,0.18935,0,0,0,0,0,0,0,0,0,0,0,0,0.18935,0,0.18935,0.047337,0,0,0.3787,0,0.047337,0.18935,0.18935,0.18935,0,0,1.3728,0,0,3.0296,4.4024,0.61538,0,0,0,0.23669,0,0,0.18935,0,0,0.18935
5.5652,0,8.3478,8.3478,5.5652,72.348,0,0,0,13.913,0,0,0,0,0,0,2.7826,0,0,0,0,19.478,0,0,11.13,0,0,0,2.7826,0,0,0,0,2.7826,13.913,0,0,0,1346.8,44.522,0,8.3478,8.3478,2.7826,36.174,50.087,0,0,0,19.478,0,0,2.7826,0,58.435,0,128,183.65,2.7826,0,514.78,27.826,33.391,30.609,2.7826,0,0,64,0,27.826,2.7826,0,0,64,2.7826,0,0,0,0,0,0,0,0,0,0,0,0,2.7826,0,0,5.5652,83.478,0,25.043,0,0,2.7826,0,0,0,0,0,0,0,0,0,0,0,0,2.7826,0,0,0,0,0,0,0,0,0,0,0,0,0,0,0,0,0,0,0,0,0,0,0,0,0,0,0,0,0,0,0,0,0,0,0,0,0,0,0,0,0,16.696,0,0,5.5652,61.217,22.261,0,0,8.3478,0,0,0,2.7826,0,2.7826,2.7826
1.6104,0,0.41558,0,4.2597,76.208,0.051948,0,0,1.2987,0,0,0.051948,0,0,0,0.1039,0,0,0,0,9.3506,0,0,0.1039,0,0,0,4.3636,0,0,0,0,0.83117,5.2468,0,0,0.51948,197.66,3.0649,0.051948,0.67532,2.2857,0,1.5584,4.3117,0.051948,0.41558,0,2.5455,0,0.67532,0,0,40.104,0.051948,33.455,60.519,0.98701,0.25974,29.818,4.2078,1.7143,4.3117,0,0,1.2468,216.1,0,4.9351,2.7013,0,0,12.104,1.7662,0,0,0,0,0,0,0,0,0,0,0.20779,0,0.15584,0,0,0.051948,8.987,0,0.83117,0.46753,0,0,0,0,0,0,0,0.051948,0,0,0,0.1039,0.051948,0,0.051948,0.51948,0,0,0,0,0,0,0,0,0.41558,0.67532,0,0,0.1039,0.051948,0,0,0,0,0,0,0,0,0.41558,0,0,0.41558,0,0,0.1039,0,0,0,0.57143,0,0,0.15584,0.051948,0.46753,0,0,5.1948,0,0,1.4545,12.26,2.3377,0,0,4.2078,0.051948,0,0,0,0,0,0.41558
0,0,0,0,4.8,17.6,1.6,0,0,1.6,0,0,0.2,0,0,0,0,0,4.8,0,0,0.6,0,0,0.2,0,0,0,0,0,0,0,0,0,0,0,0,0,127.2,6.4,0.2,1.6,3.4,0,0.6,7.8,0.2,1.6,0,4.8,0,0,0,0,39.2,0,37.2,32.8,0.4,1.8,26.8,12.8,1.6,0.4,0,0,0,38.8,0,1.6,0.2,0,0,13.6,0,0,0,0,0,0,0,0,0,0,0.2,0.4,0,0.2,0,0,3.2,8.2,0,2,0,0,0.2,0,0,0,0,0,0,0,0,0,0,0,0,0,0,0,0,0,0,0,0,0.4,0.2,0,0.2,0,0,0,0.2,0,0,0,0,0,0,0,0,0,0,0,1.6,0,0,0,0,0,0,0,0,0,0.2,0,0.4,0,0,11.4,0,0,1.8,5.2,3.2,0,0,1.6,0,0,0,0,0,0,3.2
0.30888,0.74131,1.9768,0,0,0.30888,0.2471,0,0,0,0,0,0,0,0,0,0,0,0,0,0,0.67954,0,0,0.55598,0,0,0,0,0,0,0,0,0.12355,0,0,0,0,21.931,0.55598,0,0.92664,0.74131,0,1.1737,2.5946,0,0,0,0.2471,0,0,0,0,13.9,0.49421,1.112,4.4479,0.061776,0,2.8417,0,0.74131,0.49421,0,0,0,4.0772,0,0.74131,0.37066,0,0,1.4826,0.18533,0,0,0,0,0,0,0,0,0,0,0.061776,0,0.061776,0,0,0.55598,2.1004,0,0.49421,0.80309,0,0.2471,0,0,0,0,0,0,0,0,0,0.061776,0.061776,0,0,0,0,0,0,0,0,0,0,0.55598,0.2471,0.98842,0,0.2471,0.55598,0.061776,0,0,0,0.30888,0,0,0,0,0.2471,0,0,0,0,0,0,0,0.2471,0,0,0,0,0,0.2471,0,0,0,1.7297,0,0,1.7297,3.027,0.98842,0,0,0,0,0,0.061776,0,0,0,0
1.7188,0,3,0.03125,0.3125,7.625,0.53125,3.2813,0.1875,0.25,0,0,0.1875,0.03125,0.375,0,0.0625,0,0,0,0,1,0,0,0.25,0,0,0,0.25,0,0,0,0,0.03125,0.15625,0.03125,0,0,88.719,15.438,1.375,3,0.25,0,0.40625,1.375,0.28125,0.78125,0,8.5,0,0,0,0,44.438,0.0625,8.5625,22.375,0.21875,0.09375,2.5938,3.5938,0.78125,1.5313,0,0,0,2.4063,0,2.2813,0.34375,0,0,5.5,0.0625,0,0,0,0,0,0,0.03125,0.03125,0,0,0,0,0,0,0,1.5,3.8438,0,3,0,0,0.5,0,0,0,0,0,0,0,0,0,0,0.03125,0.03125,0,0.125,0,0.03125,0,0,0.03125,0.3125,0.59375,0.3125,0.03125,0.40625,0,0.28125,0,0.0625,0,0.25,0,0.3125,0,0,0,0,0,0.03125,0,0.25,0,0,0,0,0,0,0,0,0,0,0,0.03125,0,0.09375,1.5625,0,0.03125,4.5,2.375,0.875,0,0,0.25,0,0,0,0,0,0.25,0
2.7407,0,0,0,0.074074,5.5556,3.037,0.37037,0,0,0,0,0,0,0,0,0,0,0,0,0,0.51852,0,0,0,0,0,0,0,0,0,0,0,0,2.963,0,0,0,342.22,3.2593,0,1.2593,0,0,0,0,0,8.7407,0,0.074074,0,0,0,0,83.407,0.074074,2.4444,1.1852,0,0,32.222,2.5185,1.1852,4,0,0,0.14815,2.6667,0,4.7407,0.074074,0,1.1852,2.2222,0,0,0,0,0,0,0,0,0,0,0,0,0,0,0,0,1.1852,33.481,3.7778,10.222,0.074074,0.074074,0,0,0,0,0,0,0,0,0,0,0,0,0,0,0,0,0,0,0,0,0,0.074074,0,0.074074,0,0,0.074074,0,0,0,0,0,0,0,0,0,0,0,0,0,0,0,0,0,0,0,0,0,0,0,0,0,0,0,0,1.2593,0,0.074074,24.074,10.519,0.51852,0,0,0,0,0,0,0,0,1.1852,0
1.2886,0,1.2886,0,0.21477,1.5034,1.2886,0,0,0,0,0,0.42953,0,0,0,0,0,0,0,0.42953,0.21477,0,0,0.6443,0,0,0,0,0,0,0,0,0,0.21477,0,0,0,103.73,0.21477,0,2.5772,0,0,0.42953,0,0,0.21477,0,0,0,0,0,0,2.7919,0.42953,6.0134,4.0805,0,0,5.5839,5.5839,3.2215,2.7919,0,0,0,1.9329,0,0,0,0,5.3691,1.7181,0,0,0,0,0,0,0,0,0,0,0.42953,0.42953,0,0,1.0738,0,0,1.9329,0.42953,1.2886,0.42953,0,0,0,0,0,0,0,1.7181,0,0,0,0,0,0,0,0,0,0,0,0,0,0,0,0,0,0.6443,0,0.42953,0,0.6443,0,0,0,0.85906,0,0,0,0,0,0,0,0,1.5034,0,0,0,0,0,0,0,0,0,1.9329,0,0,0,2.5772,0,0,7.302,8.3758,7.7315,0,0,1.0738,0,0,0,0.42953,0,1.7181,0
2,0,0,1.619,1.619,4.2857,2,0,0,0,0,0,0,0,1.5238,0.095238,0.095238,0,0,0,0,0.28571,0,0,0.66667,0,0.095238,0,0,0,0,0,0,0,0,0,0,0,225.43,1.5238,0,8.1905,0,0,1.8095,0,0,3.0476,0,0,0.095238,0,0.19048,0,23.81,3.0476,1.619,3.0476,0,0,31.048,6.0952,3.4286,6.4762,0,0,0,6.381,0,3.1429,3.0476,0,21.619,4.2857,0,0,0,0,0,0,0,0,0,0,1.5238,0.095238,0,0,0,0,0.095238,8.0952,1.5238,3.2381,0,0,1.9048,0,0,0,0,0,5.2381,0,0,0,0.19048,0,0,0,0.57143,0,0.095238,0,0,0.095238,0.47619,0.38095,0.85714,0.38095,0.38095,0,2.2857,0.19048,5.3333,0,0,0,20.571,0,0,0,0,0,0,0,0,0,0,0,0,0,0,0.095238,0,0,0,0,0,0,0,1.619,0,0,20,17.81,7.7143,0,0.095238,1.5238,0,0,0,1.5238,0,1.619,0
16.941,22.588,22.588,0,0,54.588,0,0,0,7.5294,0,0,1.8824,0,0,0,7.5294,0,0,0,0,18.824,0,0,0,0,0,0,0,0,0,0,0,0,0,0,0,0,760.47,0,0,3.7647,0,15.059,97.882,28.235,0,32,0,30.118,1.8824,0,0,7.5294,96,0,199.53,474.35,0,1.8824,154.35,45.176,13.176,7.5294,0,0,0,0,0,16.941,0,0,0,79.059,0,0,0,0,0,0,0,0,0,1.8824,0,3.7647,0,7.5294,7.5294,0,0,201.41,0,33.882,11.294,0,58.353,0,0,0,0,0,0,0,0,0,0,0,0,0,0,0,0,0,0,0,0,7.5294,0,7.5294,1.8824,0,0,1.8824,0,0,0,0,0,0,1.8824,0,0,0,0,0,0,0,0,7.5294,0,0,0,1.8824,0,0,0,20.706,1.8824,0,0,73.412,0,0,54.588,137.41,26.353,0,0,1.8824,0,0,0,0,0,1.8824,7.5294
10.894,0,10.894,0,0,10.894,0,0,0,0,0,0,0,0,0,0,21.787,0,0,0,0,0,0,0,1.3617,0,0,0,0,0,0,0,0,0,0,0,0,10.894,1756.6,43.574,0,10.894,2.7234,0,85.787,76.255,0,50.383,0,32.681,0,0,0,10.894,247.83,21.787,220.6,797.96,2.7234,0,358.13,10.894,58.553,25.872,0,0,0,32.681,1.3617,98.043,13.617,0,0,83.064,0,0,0,0,0,0,0,0,0,0,0,13.617,0,0,0,0,0,132.09,0,10.894,10.894,0,0,0,0,0,0,0,0,0,0,0,0,0,0,0,0,0,0,0,0,0,0,0,0,0,0,0,0,0,0,0,0,0,0,0,0,0,0,0,0,0,10.894,21.787,0,0,0,0,0,0,0,0,0,10.894,24.511,0,10.894,99.404,0,16.34,10.894,95.319,0,0,0,0,0,0,0,0,0,10.894,0
1.8228,0.20253,3.443,0,0,6.2785,0.81013,0.81013,0,0.81013,0,0,1.2152,0.20253,0,0,0.81013,0,0.20253,0,0,0.60759,0,0,0.20253,0,0,0,0.60759,0,0,0,0,0.20253,0,0,0,0,122.94,6.2785,1.0127,1.8228,2.4304,0,4.4557,11.949,1.2152,4.4557,0,5.0633,0,0,0,0,33.418,0,54.076,58.734,0,0,35.646,2.2278,3.2405,3.038,0,0,0.81013,9.1139,0,4.4557,0,0,0,10.734,0.60759,0,0.40506,0,0,0,0,0,0,0,0,0,0,0,1.2152,0,1.2152,21.266,0,4.6582,1.0127,0,0.20253,0,0,0,0,0,0,0,0,0,0,0,0,0,0,0,0,0,0,0,1.6203,1.0127,0,0,0.40506,0,0,0,0,0,0,0,0,0,0,0,0,0,0,0,0,0,0,0,0,0,0,1.0127,0,0,0,0,0.20253,0,0,3.6456,0,0,3.443,8.3038,1.2152,0,0,1.8228,0,0,0,0,0,0,0
0,0,0,0,0,0.59259,0,0,0,0,0,0,4.7407,0,0,9.4815,1.1852,0,0,0,0,1.7778,0,0,0,0,0,0,0,0,0,0,0,0,0,0,0.59259,4.7407,1006.8,4.7407,1.1852,0.59259,2.3704,0,22.519,20.741,0,4.7407,0,9.4815,0,0,2.3704,0.59259,292.15,0,48.593,158.22,0.59259,1.1852,97.185,5.3333,29.037,5.9259,0,0,0,10.667,0,0,0,0,0,30.222,0,0,0.59259,0,0,0,0,0,0,0,0,1.1852,0,0.59259,0,0,4.7407,14.222,4.7407,0,1.7778,0,4.7407,0,0,0,0,0,0,0,0,0,0,0,0,0,0,0,0,0,0,0,0,1.1852,0,0,1.7778,0,0,0,0.59259,0,0,0,0,0,0,0,0,0,0,0,0,0,0.59259,0.59259,0,0,0,0,0,0,0,0,0,0,0.59259,155.26,0,0,14.222,10.074,0,0,0,9.4815,0,0,0,0,0,0,4.7407
68,6.7368,13.474,0,6.7368,95.368,0,0,0,6.7368,0,0,27.789,6.7368,0,13.895,0,0,0,0,0,7.5789,0,0,0,0,0,0,0,0,0,0,0,0,13.474,0,0,0,758.95,0.42105,6.7368,1.2632,0.42105,14.316,3.3684,20.421,0,13.684,0,6.9474,0,0,0.21053,7.1579,176,6.9474,128.63,546.74,0,0,15.158,0,20.421,27.158,0,0,0,33.684,0,53.895,0,0,0,37.895,0,0,0,0,0,0,0,0,0,0,0,0.21053,0.42105,0,0,0,13.684,84,6.7368,6.9474,27.158,0,0.42105,0,0,0,0,0,6.7368,0,0,0,0,0,0,0,0.21053,0,0,0,0,0,0,0.63158,0,0.21053,7.7895,0,0,0,1.2632,0,0,13.684,0,0,0,0,0,0,0,0,0,6.7368,0,0,0,0,0,0,0,0,0,0,0,0,0,47.368,0,0,13.684,25.053,20.211,0,0,6.9474,0,0,0,0,0,6.7368,0
6.6928,3.7647,16.732,0,0,76.131,3.3464,0,0,3.3464,0,0,0,0,0,0,3.3464,0,0,0,0,8.366,0,0,1.2549,0,0,0,0.4183,0,0.4183,0,0,0,0,0,0,0,308.29,0,0,9.6209,1.2549,3.7647,3.7647,0.4183,0.8366,0,0,112.94,0,0,0,17.987,7.9477,22.17,97.882,40.575,0.4183,0,21.752,24.68,13.386,10.458,0,0,0,24.68,0,0.4183,3.3464,0,0.4183,32.209,0.4183,0,0.4183,0,0,0,0,0,0,0,0,0.8366,0,0.8366,0,0,3.7647,79.477,0,8.7843,0.4183,0,0.4183,0,0,0,0,0,0.4183,0,0,0,0,0.4183,0,0,0.8366,0,0,0,0,0,0,0,0,0,0.8366,0,0,0,0.4183,0,0,0,0,0,0,0,0,7.1111,0,0,0,0,0,0,0,0,0,0,0,0,0,0.4183,10.039,0,0,35.556,0,0,0,72.784,3.3464,0,3.3464,0,0,0,0,0,0,0,0
2.1333,4.9455,3.9758,0,0.9697,17.745,0,0,0,0.77576,0.77576,0,0.09697,0,1.3576,0.09697,0.09697,0,0,0,0,1.6485,0,0,0.77576,0,0,0,0.9697,0,0,0,0,0,2.6182,0,0,0.77576,91.442,0,0.09697,0.58182,3.4909,0.87273,0.09697,1.2606,0,2.4242,0,2.3273,0,0.67879,1.0667,0,50.23,0.09697,39.855,41.309,0,0.19394,10.861,1.7455,0,3.3939,0,0,0,14.933,0,3.2,0.19394,0,1.5515,8.5333,0.09697,0,0,0,0,0,0,0,0,0,0.19394,0.38788,0.38788,0.09697,0,0,3.9758,16.388,0.87273,3.4909,0.09697,0,0.09697,0,0,0,0.09697,0,0.09697,0,0,0,0,0.19394,0.09697,0,0.09697,0,0,0.09697,0,0,0,0,0,0.19394,0.38788,0,0,0.09697,0.09697,0,0,0,0,0,0,0,0,0.9697,0,0,0,0.09697,0,0.77576,0.09697,0.09697,0,0.09697,0,0,1.0667,0,1.5515,0,0,18.23,0,1.1636,1.5515,6.0121,2.4242,0,0,0,0,0,0.09697,0,0,0.77576,0
4.4228,2.3415,4.1626,0,0,4.1626,1.0407,0,0,1.0407,0,0,0,0,0.26016,0,0,0,0,0,0,1.0407,0,0,0.52033,0,0,0,0,0,0,0,0,0,6.7642,0,0,1.0407,196.16,0.26016,0.26016,1.3008,6.7642,0,0,2.0813,0.52033,6.7642,0,2.6016,0,0.26016,0,1.0407,34.081,3.122,58.016,73.106,0,0,20.033,15.61,0.78049,7.2846,0,0,0,14.049,0,1.0407,0.26016,0,0,3.6423,0,0,0,0,0,0,0,0,0,0,0.26016,0.52033,0,0.26016,0,0,3.6423,14.309,0,9.3659,0,0,1.3008,0,0,0,0,0,0.26016,0,0,0,0.26016,0,0,0,0,0,0,0,0,0,0,0,0,0.26016,0,0,0,0,1.0407,0,0,0,0,0,0,0,0,1.561,0,0,0,1.3008,0,0,0,0,0,1.0407,0,0,0.26016,0,0.78049,0,0,29.659,0,1.0407,1.3008,8.065,1.561,0,0,0,0,0,0,0,0,1.0407,0
1.2698,0,5.0794,0.25397,1.2698,8.381,1.0159,5.5873,0,0,0,0,2.0317,0,1.2698,0,1.2698,0,0,0,0,1.5238,0,0,0.50794,0,0,0,1.0159,0,0,0,0,0,6.3492,0,0,0,227.05,2.7937,0.25397,1.2698,2.5397,0.25397,0.25397,2.0317,0,12.698,0,1.2698,0,0,0,2.0317,62.476,3.8095,34.286,60.19,0,0.50794,6.6032,2.2857,1.0159,2.7937,0,0,2.5397,15.238,0,3.0476,1.2698,0,0,16.762,0,0,0,0,0,0,0,0,0,0,0.25397,0.7619,0,1.2698,0,0,3.0476,46.222,2.2857,15.238,1.2698,0,2.2857,0,0,0,0,0,1.2698,0,0,0,0,0,0,0,1.0159,0,0.50794,0,0,0.7619,0.50794,0.50794,1.2698,1.2698,2.2857,0.25397,0,0,1.2698,0,0,0,2.0317,0,0,0,0,1.2698,1.2698,1.0159,0,0,0,0,0,0,0,1.5238,0,0,0,0.25397,0.25397,0,0,8.8889,0,1.2698,7.1111,16,3.0476,0,0.25397,0,0,0,0,0,0,1.0159,0
0.38,0,0,0.34,0,0.66,0,0,0,0.32,0,0,0.32,0,0,0,0,0,0,0,0,0.08,0,0,0.04,0,0,0,0,0,0,0,0,0,0.32,0,0,0,46.68,0.64,0,0.02,0.02,0.64,0.34,0,0,0,0,0,0,0,0,0.32,25.78,0,0.34,0.68,0,0,0.68,0.98,0.32,0.98,0,0,0.34,4.18,0,0.02,2.06,0,0.32,9.18,0,0,0,0,0,0,0,0,0,0,0,0.14,0,0,0,0,0.02,1.96,0,0.98,0,0,0,0,0,0,0.08,0,0.02,0,0,0,0.32,0,0,0,0.02,0,0,0,0,0,0,0,0,0,0,0,0.68,0,0,0,0,0,0,0,0.34,0,0,0,0,0,0,0.32,0,0,0,0,0,0.02,0,0,0,0,0.02,0,0,3.64,0,0,0.02,1.42,0.02,0,0,0,0.32,0,0,0,0,0.32,0
0.8172,0,0.34409,0,0,4.5161,0,1.9355,0,0,0,0,0.086022,0,0,0,0.21505,0,0,0,0,0.12903,0,0,0.25806,0.043011,0,0,0,0,0,0,0,0,0.086022,0,0,0,17.118,5.5054,0,0.12903,0.043011,0.086022,0,0,0,0.25806,0,0,0,0,0,0,15.441,0.086022,0.30108,0.17204,0,0,0.55914,1.4624,0.25806,0.60215,0,0,3.2688,3.957,0,0.17204,0.34409,0,0.86022,5.2043,0.086022,0,0.043011,0,0,0,0,0,0,0,0.21505,0.3871,0.043011,0.12903,0,0,0.12903,2.4086,0.043011,0.73118,0.043011,0,0,0,0,0,0,0,0.12903,0,0,0,0.043011,0,0.043011,0.17204,0.21505,0,0.043011,0,0.25806,0.043011,0.21505,0.86022,0.21505,0.30108,1.9355,0.043011,0.043011,0.086022,0.21505,0,0,0,0.086022,0,0,0,0,0.34409,0,0,0,0.34409,0.086022,0,0,0,0,0.086022,0,0,0,0.12903,0.12903,0,0,3.7419,0,0.043011,1.2903,3.0538,0.64516,0,0.086022,0,0,0,0,0.17204,0,0.17204,0
0.21053,0,0.35088,0,0,2.0351,0.14035,0.070175,0,0,0.2807,0,0.35088,0,0,0,0.84211,0,0,0,0,1.193,0,0,0.70175,0,0,0.14035,0.42105,0,0,0,0,0.070175,0.35088,0,0,0.14035,56.14,16.211,0,0.42105,1.1228,0,0.42105,0,0.14035,0.14035,0,0.70175,0,0,0,0,36.702,0.70175,6.2456,0.70175,0.2807,0.14035,8,2.3158,0.91228,0.91228,0,0,11.789,20.14,0.2807,0.98246,0.63158,0,0.14035,8.8421,0,0,0,0,0,0,0,0,0,0,0.2807,1.2632,0,0.5614,0,0,0.49123,15.719,1.4737,8.1404,0.5614,0,0.14035,0,0.070175,0,0,0,0.14035,0,0,0,0.2807,0.070175,0,0,0.42105,0,0.21053,0,0,0.14035,0.70175,1.3333,0.21053,0.35088,0.77193,0.14035,0,0,0.42105,0,0,0.070175,0.21053,0,0.14035,0,0,0,0,0,0.14035,1.6842,0.070175,0,0,0,0,0,0,0,0,0,0.070175,0,0,2.4561,0,0,1.8246,6.6667,1.193,0,0,0.070175,0.2807,0,0,0.70175,0.14035,0.42105,0
0.49231,0,0,0,0,5.4154,0,0.49231,0,0,0,0,0,0,0,0,0.49231,0,0,0,0,0.49231,0,0,0.73846,0,0,0,0,0,0,0,0,0,0,0,0,0,65.969,4.4308,0,1.7231,0,0.73846,0.98462,0,0,0.49231,0,0,0,0,0,0.24615,27.323,0,4.9231,7.3846,0.24615,0.24615,0.98462,0,2.9538,0.49231,0,0,1.4769,1.7231,0.49231,0.24615,0.98462,0,0,12.062,0.24615,0,0,0,0,0,0,0,0,0,0,1.2308,0,0.24615,0.24615,0,4.6769,15.015,0,2.4615,0.73846,0,1.9692,0,0,0,0,0,0,0,0,0,0,0,0,0,0.49231,0,0,0,0.49231,0.24615,0,0.24615,0.24615,0,0.49231,0,0,0,0.49231,0,0,0,0.49231,0,0,0,0,0,0,0,0,0,0,0,0,0,0,0,0,0,0,0,0,0,0,0.98462,0,0,0,5.9077,1.4769,0,0,0,0,0,0,0,0,0,0
0.41558,0,0.83117,0,0.83117,4.987,0,2.0779,0,0,0,0,0.41558,0,0,0,2.0779,0,0,0,0,1.6623,0,0,0,0,0,0,0,0,0,0,0,0,0.83117,0,0,0,387.74,7.4805,0,2.4935,2.0779,0.41558,0,1.6623,0,7.0649,0,0.83117,0,0,0,0.41558,25.766,0.41558,12.052,71.065,1.2468,0,77.299,2.4935,1.2468,5.4026,0,0,8.3117,12.468,0,1.2468,0.83117,0,0,13.714,0,0,0,0,0,0,0,0,0,0,0,0.41558,0,1.6623,0,0,1.2468,9.5584,0.83117,2.9091,3.7403,0,0,0,0,0,0,0,0,0,0,0,0,0,0,0,0,0,0.41558,0,0,0,0,2.0779,0,0,1.2468,0,0,0,0,0,0,0,0,0,0,0,0,0,0,0,0,0,0,0,0,0,0,0,0,0,0,0.41558,0,0,0,0.41558,0,0,4.1558,7.4805,0.83117,0,0,2.0779,0,0,0,0,0,0,0.83117
3.7403,0,0.83117,4.987,4.987,9.1429,0,4.987,0,0,0,0,3.3247,0.83117,0,0,1.6623,0,0,0,0,5.8182,0,0,0.41558,0,0,0,0,0,0,0,0,0.41558,0.83117,0,0,0,221.51,8.7273,0,6.2338,3.7403,0.83117,1.2468,2.9091,1.2468,12.468,0,1.6623,0,0,0,0,23.273,0,49.039,111.38,1.2468,0.41558,41.143,3.7403,2.4935,5.4026,0,0,0,14.545,0,1.2468,0.41558,0,0,17.87,0,0,0,0,0,0,0,0,0,0,0.83117,2.0779,0,0,0,0,2.9091,29.922,0,9.974,6.2338,0,0.83117,0,0,0,0,0,0,0,0,0,0,0,0,0.41558,0,0,0,0,0,0,1.2468,2.0779,0.41558,2.4935,2.0779,0,0,0,0.83117,0,0,0.41558,0,0,0,0,0,0,0,0,0.83117,5.8182,0,0,0,0,0,0,0,0,0,0.41558,0,0,0,6.6494,0,0,4.1558,13.714,0.83117,0,0,3.7403,1.6623,0,0,0,0,0,0
0,0,0,0,0,0.28571,0,0,0,0,0,0,0,0,0,0,0,0,0,0,0,0,0,0,0.14286,0,0,0,0,0,0,0,0,0,23.286,0,0,0,1017.7,0,0,0,0.14286,5,0,0,0,0,0,0.14286,0,0,0,0,209,4.8571,0.28571,13.857,0,0,156.71,0,4.7143,0.28571,0,0,0,0,0,4.5714,4.5714,0,0,0,0,0,0,0,0,0,0,0,0,0,0,0,0,0,0,0,4.8571,5,0,0,0,0,0.42857,0,0,0,0,0,0,0,0,0,0,0,0,0,0,0,0,0,0,0,0,0,0,0,0,0,0,0,0,0,0,0,0,0,0,0,0,0,0,0,0,0.28571,0,0,0,0,0,172.29,18.143,0,0,0,0,0,0,0,0,0.85714,48.571,6.8571,0.28571,0,0,0,0,0,0,0,0,0,0
0,0,0.44444,0,3.5556,0.88889,0,0,0,0,0,0,0,0,0,0,0,0,0,0,0,0,0,0,0,0,0,0,0,0,0,0,0,0,8.8889,0,0,0,568.89,0,0,0,1.7778,9.3333,0,0.44444,0,0,0,1.7778,0,0,0,0,115.11,0,0.44444,3.5556,0,0,32.889,6.2222,10.667,4,0,0,0,1.7778,0.44444,1.7778,0,0,0,0,0,0,0,0,0,0,0,0,0,0,0,0,0,0.44444,0,0,0.88889,1.3333,0,0.44444,0,0,0.44444,0,0,0,0,0,0,0,0,0,0,0,0,0,0,0,0,0,0,0,0,0.44444,0,0,0,0,0,0,0,0,0,0,0,0,0,0,0,0,0,0,0,0,0,0,0,0,0,81.778,3.5556,0,0,0,0,0,0,0,0,0.44444,23.556,10.667,0.44444,0,0,0,0,0,0,0,0,0,0
0,0,0,0,0,3.2842,0,0,0,0,0,0.084211,0.084211,0,0.25263,0,0.084211,0,3.2,0.084211,0,0.084211,0,0,0.21053,0,0,0,0,0,0,0,0,0,1.7684,0,0,0,27.958,2.4,0,7.5368,0,0.084211,1.0105,0,0,2.7368,0,0,0,0,2.6105,0,31.874,0.67368,0.084211,1.2632,0,0,1.0526,1.8105,0.58947,1.9368,0,0.084211,0,0.25263,0,6.0632,0.084211,0,0,0.37895,0,0,0,0,0,0,0,0,0,0,0,0.084211,0,0,0.042105,0,23.116,4.9263,0.12632,1.6,0.16842,0,1.0947,0,0,0,0,0,0,0,0,0,0,0,0,0,0,0,0,0,0,0,0.12632,0.67368,0.29474,1.1368,2.6947,0,0.12632,0.12632,0.25263,0,0,4.6316,0,0,0.16842,0,0,0,0.084211,0,0,0,0,0,0,0.042105,0,0,0,0,0,2.1895,0,0,0,0.084211,0,0.084211,2.3158,8.4632,0.67368,0,0,0,0,0,0,0,0,0,0
101.05,0,0,0,0,26.947,0,0,0,0,0,0,0,0,0,0,0,0,0,0,0,0,0,0,0.84211,0,0,0,0,0,0,0,0,0,0,0,0,0,4057.7,60.632,0,1136,0,128,0,0.42105,0,8,0,0,0,0,0,0,1478.3,0,0,936.42,0,0,2427.8,13.474,21.474,376,0,0,0,0,0,107.79,6.7368,0,0,77.895,0,0,0,0,0,0,0,0,0,0,0,20.632,0,0,0,0,0,27.368,0,7.1579,0,0,0,0,0,0,0,0,0,0,0,0,0,0,0,0,0,0,0,0,0,0,0,0,0,0,0,0,0,0,0,0,0,13.474,6.7368,0,0,0,0,0,0,0,0,0,0,0,0,0,0,0,0,0,0,0,0,0,0,87.579,0,0,33.684,142.32,13.474,0,0,0,0,0,0,0,0,0,0
0,14.629,0,0,0,15.543,0,0,0,0,0,14.629,0,0,0,0,0,0,0,0,0,4.5714,0,0,20.114,0,0,0,0,0,0,0,0,0,21.943,0,0,0,3217.4,7.3143,0,841.14,0,7.3143,0,3.6571,0,0.91429,0,0,0,0,0,0,706.74,0,7.3143,417.83,0,0,406.86,74.971,0.91429,204.8,0,0.91429,0,0.91429,0,29.257,8.2286,0,0,66.743,0,0,0,0,0,0,0,0,0,0,15.543,40.229,0,0,0,0,0,68.571,23.771,74.057,0,0,0,0,0,0,0,0,16.457,0,0,0,0,0,0,0,0,0,0,0,0,0,0,0,0,0,0,0,0,7.3143,0,0,0,70.4,0,0,0,0,0,0,0,0,0,0,0,0,0,0,0,0,0,0,0,0,0,0,0,200.23,0,0,14.629,85.029,9.1429,0,0,0,7.3143,0,0,0,0,0,0
1.1034,0,0,0,0,6.6207,0,0,0,0,0,1.1034,0,0,0,0,0,0,0,0.55172,0,7.7241,0,0,4.4138,0,0,0,0,0,0,0,0,0,92.69,0,0,0,100.41,1.1034,0,129.66,0,0,0,2.7586,1.1034,1.6552,0,0,0,0,0,0,401.1,0,0,25.379,0,0,30.345,12.138,2.2069,32,0,0,0,4.4138,0,47.448,2.2069,0,0,73.379,0,0,0,0,0,0,0,0,0,0,2.2069,4.9655,0,0,0,0,2.7586,31.448,8.2759,17.103,0,0,0,0,0.55172,0,0,0,0,0,0,0,0,0,0,0,0,0,0,0,0,0,0,0,0,0,0,0,0,0,0,0,0,8.2759,0,0,1.6552,0,0,0,0,1.1034,0,0,0,0,0,0,0,0,0,0,0,0,0,0,0,68.966,0,0,0,25.931,1.1034,0,2.2069,0,3.3103,0,0,0,0,0,0
0,0,0,0,0,4.5714,0,0,0,0,0,0,0,0,0,0,0,0,0,0,0,3.6571,0,0,3.2,0,0,0,0,0,0,0,0,0,33.829,0,0,0,69.486,1.8286,0,307.2,0,1.8286,0,1.8286,0,1.3714,0,0,0,0,0,0,431.54,0,0,4.5714,0,0,23.771,7.3143,17.829,45.257,0,0.91429,0,3.6571,0,72.229,2.7429,0,0,45.257,0,0,0,0,0,0,0,0,0,0,0,1.8286,0,0,0,0,2.7429,20.571,0,12.343,0,0,0,0,0,0,0,0,0,0,0,0,0,0,0,0,0,0,0,0,0,0,0,0,0,0,0,0,0,0,0,0,0,2.7429,0,0,0,0,0,0,0,0,0,0,0,0,0,0.91429,0,0,0,0,0,0,0,0,0,14.171,0,0.91429,3.6571,53.486,0.91429,0,64,0,1.8286,0,0,0,0,0,0
0.34783,0,0,0,0,2.087,0,0,0,0,0,0,0,0,0.69565,0,0,0,0.34783,0,0,0.69565,0,0,51.478,0,0,0,0,0,0,0,0,0,0,0,0,0,61.217,0.69565,0,350.61,0,0,0.34783,0,0,8.6957,0,0,0,0,0,0,91.826,0,0,0,0,0,23.652,2.7826,8.6957,28.87,0,0,0,1.0435,0,2.7826,20.87,0,0,16.348,0,0,0,0,0,0,0,0,0,0,1.7391,0.69565,0,0,0,0,0,0,1.0435,2.087,0,0,0,0,0,0,0,0,0,0,0,0,0,0,0,0,0,0,0,0,0,0,0,0,0,0,0,0,0,0,0,0,0,0,0,0,0,0,0,0,0,0.34783,0,0,0,0,0,0,0,0,0,0,0,0,0,0,0,0.69565,0,0,1.3913,29.913,0,0,2.7826,0,0.69565,0,0,0,0,0,0
0,0,0,0,0,6.7368,0,0,0,0,0,0,0,0,0,0,0,0,0,0,0,0,0,0,1.6842,0,0,0,0,0,0,0,0,0,0,0,0,0,304,8.4211,0,121.26,0,18.526,0,0,0,0,0,0,0,0,0,0,1248.4,1.6842,0,170.53,0,0,42.947,5.0526,133.47,11.368,0,0,0,0,0,138.53,15.158,0,0,36.632,0,0,0,0,0,0,0,0,0,0,0,0,0,0,0,0,0,0.42105,0,0,0,0,0,0,0,0,0,0,0,0,0,0,0,0,0,0,0,0,0,0,0,0,0,0,0,0,0,0,0,0,0,0,0,0,0,0,0,0,0,0,0,0,0,0,0,0,0,0,0,0,0,0,0,0,0,0,0,0,0,0,0,160,0,0,0,0,0,0,0,0,0,0,0
0,0.068966,0,0,0,0,0,0,0,0,0,0,0,0,0,0,0,0,0,0,0,0,0,0,0.34483,0,0,0,0,0,0,0,0,0,0.068966,0,0,0,11.103,0,0,19.724,0,0.13793,0,0,0,0.068966,0,0,0,0,0,0,31.724,0,0,3.7241,0,0,0.41379,1.5862,1.5862,2.069,0,0,0,0,0,10.69,1.3103,0,0,1.7241,0,0,0,0,0,0,0,0,0,0,0,0,0,0,0,0,0,0,0,0.13793,0,0,0,0,0,0,0,0,0,0,0,0,0,0,0,0,0,0,0,0,0,0,0,0,0,0,0,0,0,0,0,0,0,0,0,0,0,0,0,0,0,0.068966,0,0,0,0,0,0,0,0,0,0,0,0,0,0,0,0,0,0,0.13793,1.6552,0,0,0,0,0,0.068966,0,0,0,0,0
0.22857,0,0,0,0,0.91429,0,0,0,0,0,0,0,0,0,15.314,0.057143,0,6.2286,0,0,0.28571,0,0,0,0,0,0,0,0,0,0,0,0,0,0,0,0,17.714,0.45714,0,51.371,0,0.45714,0,0,0,0.68571,0,0,0,0,0,0,80.171,0,0,0.45714,0,0,3.7143,0.91429,0.22857,2.5714,0,0,0,0,0,0.45714,0.45714,0,0,18.229,0,0,0,0,0,0,0,0,0,0,0.45714,1.5429,0,0,0,0,0,0,0.51429,0.45714,0,0,0,0,0,0,0,0,0.22857,0,0,0,0,0,0,0,0,0,0,0,0,0,0,0,0,0,0,0,0,0,0,0,0,0.22857,0,0,0.17143,0.17143,1.0286,0.97143,4.8,63.657,0,1.8857,0,0,0,0,0,0,0,0,0,0,0,0,0,0,0,0,4.8,10.571,2.3429,0,0,0,0,0,0,0,0,0,0
0,0,0,0,0,4.7826,0,0,0,0,0,0,0.34783,0,0,3.8696,0,0,0,0,0,1.087,0,0,0,0,0,0,0,0,0,0,0,0,0,0,0,0.34783,75.304,0,0,125.7,0,0.69565,0,0.34783,0,6.2609,0,0,0,0,0,0,143.96,0.043478,0,1.4348,0,0,21.522,0.34783,7.6957,3.1739,0,0,0,0,0,0.34783,0.73913,0,0,21.652,0,0,0,0,0,0,0,0,0,0,0.3913,1.1739,0,0,0,0,0,0,0.3913,0.43478,0,0,0,0,0,0,0,0,0.086957,0,0,0,0,0,0,0,0,0,0,0,0,0,0,0,0,0,0,0,0,0,0,0,0,0.69565,0,0,0.30435,0.21739,1.4783,9.0435,0.43478,62.13,0,0,0,0,0,0,0,0,0,0,0,0,0,0,0,0.34783,0,0,22.13,35.739,2.7826,0,0,0,0.043478,0,0,0,0,0,0
0,0,0,0,0,19.394,0,0,0,0,0,0,0.030303,0,0,1.9394,0.060606,0,0,0,0,3.9697,0,0,0.030303,0,0,0,0,0,0,0,0.12121,0,9.697,0,0,0,116.42,1.9394,0,1242.5,0,5.8182,0,0,0,1.9394,0,0,0,0,0,0,118.3,0,0,0,0,0,19.485,19.394,3.8788,38.818,0,0,0,0,0,15.515,2,0,0,116.45,0,0,0,0,0,0,0,0,0,0,0.090909,2.0909,0,0,0,0,15.515,1.9394,0,3.9091,0,0,0,0,0,0,0,0,0.060606,0,0,0,0,0,0,0,0,0,0,0,0,0,0,0,0,0,0,0,0,0,0,0,0,0,0,0,0.36364,0.030303,0.42424,0,3.8788,69.848,0,0,0,0,0,0,0,0,0,0,0,0,0,0,0,0,0,0,7.7576,38.909,0.030303,0,0.030303,0,0.090909,0,0,0,0,0,0
2.56,2.56,0,0,0,91.84,0,0,0,0,0,0,1.28,0,0,2.56,0,0,1.28,0,0,0.96,0,0,0,0,0,0,0,0,0,0,0.96,0,4.16,0,0,0,153.92,0,0,859.84,0,0,0,0,0,2.56,0,0,0,0,0,0,186.56,0,0,1.28,0,0,26.56,8,23.68,20.16,0,0.32,0,0,0,43.52,1.28,0,0,10.88,0,0,0,0,0,0,0,0,0,0,0,0.32,0,0,0,0,13.76,3.2,1.28,0.32,0,0,0,0,0.32,0,0,0,0,0,0,0,0,0,0,0,0,0,0,0,0,0,0,0,0,0,0,0,0,0,0,0,0,0,0.32,0,1.28,0,0.32,1.28,0,10.88,0,0,0,0,0,0,0,0,0,0,0,0,0,0,0,0,0,0,1.28,70.4,0,0,0,0,0,0,0,0,0,0,0
0,20.506,0,0,0,0.091954,0,0,0,0,0,0,0,0,0,0,1.4713,0,0,0,0,0,0,0,0.27586,0,0,0,0,0,0,0,0.091954,0,41.195,0,0,0,323.03,2.9425,0,328.92,0,20.782,0,0,0,3.2184,0.091954,0,0,0,0,0,304.74,0,0,1.4713,0,0,41.747,12.046,12.874,16.184,0,0,0,0,0,255.45,2.3908,0,0,13.609,0,0,0,0,0,0,0,0,0,0,1.4713,2.1149,0,0,0,0,246.9,28.046,6.9885,12.138,0,0,0,0,0,0,0,0,0.18391,0,0,0,0,0,0,0,0,0,0,0,0,0,0,0,0,0,0,0,0,0,0.73563,0,0,0,0.18391,0,1.1034,0,0,1.4713,0,13.977,0,0,0,0,0,0,0,0,0,0,0,0,0,0,0,5.8851,0,0,2.2069,69.425,0,0,0,0,0,0.73563,0,0,0,0,0
0,12.679,0,0,0,0,0,0,0,0,0,0,0,0,0,0,0,0,1.2075,0,0,0,0,0,3.0189,0,0,0,0,0,0,0,0,0,3.6226,0,0,0,168.45,3.6226,0,647.85,0,6.0377,0,0.60377,0,5.434,0,0,0,0,0,0,626.11,1.8113,0,3.6226,0,0,117.13,12.679,5.434,50.717,0,0,0,0,0,592.91,9.6604,0,0,3.0189,0,0,0,0,0,0,0,0,0,0,0,0.60377,0,0,0,0,2.4151,1.2075,1.2075,1.2075,0,0,0,0,0,0,0,0,0,0,0,0,0,0,0,0,0,0,0,0,0,0,0,0,0,0,0,0,0,0,0,0,0,0,1.2075,0,0,0,0.60377,7.2453,0,27.774,0,0,0,0,0,0,0,0,0,0,0,0,0,0,0,3.6226,0,0,27.774,38.642,0,0,0,0,0,0,0,0,0,0,0
0,0,0,0,0,2,0,0,0,0,0,0,10,0,0,2,0,0,2,0,0,0.25,0,0,1.25,0,0,0,0,0,0,0,0,0,16,0,0,0,206.75,0,0,224.5,0,4,0,0,0,2.5,0,0,0,0,0,0,409,22.75,0,2,0,0,24.5,8,14.5,32.75,0,0,124.5,0,0,960.5,4.25,0,0,2.25,0,0,0,0,0,0,0,0,0,0,0,0,0,0.25,0,0,24.25,6.25,1,1.5,0,0,0,0,0,0,0,0,0,0,0,0,0,0,0,0,0,0,0,0,0,0,0,0,0,0,0,0,0,0,0.25,0,0,0,0.25,0,0,0.5,0,16.25,0,111.5,0,0,0,0,0,0,0.25,0,0,0,0,0,0,0,0,4.25,0,0,32.25,57,2,0,0,0,0,0,0,0,0,0,0
0,8.4211,0,0,0,0,0,0,0,0,0,0,1.6842,0,0,0,1.6842,0,0,0,0,0.84211,0,0,1.6842,0,0,0,0,0,0,0,0,0,8.4211,0,0,0,265.26,1.6842,0,634.95,0,5.0526,0,0,0,49.684,0.84211,0,0,0,0,0,346.11,0,0,8.4211,0,0,61.474,19.368,10.105,65.684,0,2.5263,0,0,0,1142.7,5.0526,0,0,10.105,0,0,0,0,0,0,0,0,0,0,0,1.6842,0,0,0,0,40.421,8.4211,3.3684,5.0526,0,0,0,0,0.84211,0,0,0,0,0,0,0,0,0,0,0,0,0,0,0,0,0,0,0,0,0,0,0,0,0,0,0,0,0,0.84211,0,0,0,0,0,0,6.7368,0,1.6842,0,0,0,1.6842,0,0,0,0,0,0,0,0,0,7.5789,0,0,21.895,47.158,3.3684,0,0,0,0,0,0,1.6842,0,0,0
0.34783,0.34783,0,0,0,9.2174,0,0,0,0,0,0,0,0,0,0.34783,0,0,0.52174,0,0,0,0,0,1.3913,0,0,0,0,0,0,0,0,0,0.69565,0,0,0,83.652,1.0435,0,109.74,0,0.69565,0,1.5652,0.34783,1.913,0,0,0,0,0,0,274.43,0,0,3.1304,0,0,3.1304,0.86957,13.217,21.913,0,0,0.34783,1.3913,0,38.435,5.5652,0,0,2.4348,0,0,0,0,0,0,0,0,0,0,0,0,0,0,0,0,29.043,4.8696,2.087,3.8261,0,0,0,0,0,0,0,0,0.34783,0,0,0,0,0,0,0,0,0,0,0,0,0,0,0,0.17391,0.52174,0,0,0,0,0.17391,0,0,0.17391,0.34783,0,0.17391,0.86957,0,0,0,4.8696,0,0,0,0,0,0.34783,0,0,0,0,0,0,0,0,0,28.348,0,0,4.5217,26.783,1.913,0,0,0,0,0.34783,0,0,0,0,0
0,6.0952,0,0,0,0,0,0,0,0,0,0,0,0,0,0,0,0,0,0,0,0.7619,0,0,0.38095,0,0,0,0,0,0,0,0,0,33.905,0,0,0,418.67,6.0952,0,1627,0,15.238,0,0,9.1429,3.4286,0,0,0,0,0,0,1171,3.0476,0,15.238,0,0,239.24,15.238,11.81,102.48,0,0,0,0,0,1179.8,3.0476,0,0,12.952,0,0,0,0,0,0,0,0,0,0,0,0,0,0,0,0,21.333,3.4286,0,0.7619,0,0,0,0,0,0,0,0,0,0,0,0,0,0,0,0,0,0,0,0,0,0,0,0,0,0,0,0,0,0,0,0,0,0,3.0476,0,0.38095,0,0,0,3.0476,39.619,0,0,0,0,0,0,0,0,0,0,0,0,0,0,0,36.571,0,0,21.333,43.429,0,0,0,0,0,0,0,0,0,0,0
0,3.5556,0,0,0,2.3704,0,0,0,0,0,0,2.3704,0,0,0,0,0,0,0,0,0,0,0,1.1852,0,0,0,0,0,0,0,0,0,7.1111,0,0,0,225.19,0,0,689.78,0,1.1852,1.1852,0,0,1.1852,0,0,0,0,0,0,150.52,0,0,0,0,0,20.148,26.074,3.5556,35.556,0,26.074,1.1852,1.1852,0,107.85,4.7407,0,0,0,0,0,0,0,0,0,0,0,0,0,0,1.1852,0,0,0,0,7.1111,4.7407,3.5556,18.963,0,0,0,0,8.2963,0,0,0,5.9259,0,0,0,0,0,0,0,0,0,0,0,0,0,0,0,0,0,0,0,0,1.1852,0,0,0,0,1.1852,0,0,0,0,0,1.1852,7.1111,0,0,0,0,0,0,0,0,0,0,0,0,0,0,0,13.037,0,0,21.333,11.852,4.7407,0,0,0,0,0,0,0,0,0,0
4.2667,4.2667,0,0,0,0,0,0,0,0,0,0,0,0,0,0,0,4.2667,4.2667,0,0,4.2667,0,0,2.1333,0,0,0,0,0,0,0,2.1333,0,12.8,0,0,0,456.53,8.5333,0,1945.6,0,4.2667,0,0,0,0,0,0,0,0,0,0,183.47,4.2667,0,0,0,0,74.667,89.6,104.53,72.533,0,362.67,17.067,0,0,46.933,4.2667,0,0,0,0,0,0,0,0,0,0,0,0,0,0,6.4,0,0,0,0,25.6,21.333,4.2667,17.067,0,0,0,0,2.1333,0,0,0,10.667,0,0,0,0,0,0,0,0,0,0,0,0,0,0,0,0,0,0,0,0,0,0,0,0,0,2.1333,0,10.667,0,0,0,0,0,0,0,0,0,0,0,0,0,0,0,0,4.2667,0,0,0,10.667,0,0,12.8,142.93,4.2667,0,0,0,0,0,0,0,0,0,0
0,0,0,0,0,0,0,0,0,0,0,0,6.4,0,0,9.6,3.2,0,3.2,0,0,0,0,0,0.2,0,0,0,0,0,0,0,0,0,0,0,0,0,716,3.2,0,75,0,99.6,0.2,0,0,0.2,0,0,0,0,0,0,1331.4,0.4,0,3.2,0,0,52.6,16.6,28.8,25.6,0,12.8,0,0,0,1084.2,0,0,0,8.2,0,0,0,0,0,0,0,0,0,0,0,0,0,0.4,0,0,3.2,0,0,3.8,0,0,0,0,0,0,0,0,31.2,0,0,0,0,0,0,0,0,0,0,0,0,0,0,0,0,0,0,0,0,0,0,0,0,2.2,3.4,0,1.8,0,0,0,0,0,0,0,0,0,0,0.2,0,0,0,0,0,0,0,0,0,52.2,0,0,237.4,84.2,3.4,0,0.2,0,0,0,0,0,0,0,0
0,10.667,0,0,0,0,0,0,0,0,0,2.6667,26.667,0,0,5.3333,0,0,0,0,0,0,0,0,0,0,0,0,0,0,0,0,0,0,0,0,0,0,264.33,0,0,51.667,0,45.5,0,0,0,2.3333,0.66667,0,0,0,0,0,256.5,0,0,2.6667,0,0,32,2.6667,0,11.167,0,0,0,0,0,66.833,0.16667,0,0,121.17,0,0,0,0,0,0,0,0,0,0,2.6667,1.5,0,0,0,0,174.5,42,1.1667,10.667,0,0,0,0,0.66667,0,0,0,4.3333,0,0,5.3333,0,0,0,0,0,0,0,0,0,0,0,0,0,0,0,0,0,0,0.33333,0,0,1,0,0,0.16667,0,0.16667,2.6667,0,13.333,0,0,0,0,0,0,0,0,0,0,0,0,0,0,0,2.6667,0,0,253.33,49.5,0.16667,0,0,0,0,0,0,0,0,0,0
0,0,0,0,0,0,0,0,0,0,0,0,2.6667,0,0,0,1.3333,0,0,0,0,0,0,0,0,0,0,0,0,0,0,0,0,0,0,0,0,0,610.17,0,0,57.333,0,120.17,0,1.8333,0.66667,2.1667,33.333,0,0,0,0,0,126,0,0,0,0,0,206.5,4,26.833,39.167,0,0,0,0,0,39.167,1.5,0,0,8.6667,0,0,0,0,0,0,0,0,0,0,1.6667,0.5,0,1.3333,0,0,3,1.8333,0,4,0,0,0,0,0,0,0,0,1.8333,0,0,0,0,0,0,0,0,0,0,0,0,0,0,0,0,0,0,0,0,0,0.16667,0,0,0,0,0,0,0,0,0,0,0,0,0,0,0,0,0,0,0,0,0,0,0,0,0,0,1.3333,0,0,2.8333,30.667,0,0,0,0,0,0,0,0,0,0,0
0,2.8085,0,0,0,0,0,0,0,0,0,0,0,0,0,0,0,0,0,0,0,0,0,0,0.085106,0,0,0,0,0,0,0,0,0,0,0,0,0,399.15,0,0,95.149,0,19.064,0,0,0,0,0,0,0,0,0,0,775.49,0,0,0,0,0,30.213,10.979,16.34,8.766,0,0.17021,0,0,0,216.26,0.085106,2.8085,0,1.3617,0,0,0,0,0,0,0,0,0,0,0.17021,0.25532,0,0,0,0,285.62,25.787,2.9787,1.617,0,0,0,0,0,0,0,0,4.1702,0,0,0,0,0,0,0,0,0,0,0,0,0,0,0,0.085106,0,0,0,0,0,0,0,0,0.17021,0.17021,0,0.085106,0,0,0.17021,0,8.3404,0,0,0,0,0,0.085106,0,0,0,0,0,0,0,0,0,30.723,0,0,256.94,189.7,0.085106,0,0,0,0,0,0,0,0,0,0
0,1.5238,0,0,0,0,0,0,0,0,0,0,0,0,0,1.5238,0,0,1.5238,0,0,0.7619,0,0,0,0,0,0,0,0,0,0,0,0,0,0,0,0,301.71,0,0,838.86,0,1.5238,0,0,0,1.5238,0,0,0,0,0,0,177.52,0,0,0,0,0,106.67,27.429,33.524,39.619,0,125.71,0,0,0,6.0952,11.429,0,0,3.8095,0,0,0,0,0,0,0,0,0,0,0,0,0,0,0,0,2.2857,3.0476,0.7619,0.7619,0,0,0,0,0.7619,0,0,0,0.7619,0,0,0,0,0,0,0,0,0,0,0,0,0,0,0,0,0,0,0,0,0,0,0,0,3.0476,0,0,0.7619,0,0,3.0476,0,6.0952,0,0.7619,0,0,0,0,0,0,0,0,0,0,0,0,0,6.0952,0,0,36.571,198.1,3.8095,0,0,0,0,0,0,0,0,0,0
0,2.7586,0,0,0,0,0,0,0,0,0,0,0,0,0,0,0,0,0,0,0,0,0,0,1.1034,0,0,0,0,0,0,0,0,0,2.7586,0,0,0,323.31,8.8276,0,593.66,0,6.6207,0,0,0,0,0,0,0,0,0,0,541.79,0,0,8.8276,0,0,72.828,43.034,20.414,40.828,0,0,0,0,0,379.59,6.6207,0,0,1.1034,0,0,0,0,0,0,0,0,0,0,0,1.6552,0,0,0,0,23.172,15.448,0,13.241,0,0,0,0,0,0,0,0,0,0,0,0,0,0,0,0,0,0,0,0,0,0,0,0,0,0,0,0,0,0,0,0,0,0,0.55172,0,0,0,0,2.2069,2.2069,17.103,0,0,0,0,0,0.55172,0,0,0,0,0,0,0,0,0,2.7586,0,0,27.586,56.276,0,0,0,0,0,0,0,0,0,0,0
0,0,0,0,0,0,0,0,0,0,0,0,0,0,0,0,3.531,0,0,0,0,0,0,3.531,0,0,0,0,0,0,0,0,0,0,0,0,0,0,240.55,7.0621,0,1049.2,0,0,0,0.22069,0,0,0,0,0,0,0,0,290.65,0,0,3.531,0,0,85.628,270.12,26.262,98.869,0,0,0,0,0,809.93,19.2,0,0,7.0621,0,0,0,0,0,0,0,0,0,0,0,0,0,0.88276,0,0,3.7517,0,3.531,0.22069,0,0,0,0,0,0,0,0,0,0,0,0,0,0,0,0,0,0,0,0,0,0,0,0,0,0,0,0,0,0,0,0,0,0,0.22069,0,0,0,0,0,0,0,0,0,0,0,0,0,0,0,0,0,0,0,0,0,0,74.814,0,0.22069,14.124,73.49,0.22069,0,0,0,0,0,0,0,0,0,0
0,0,0,0,0,0,0,0,0,0,0,0,0,0,0,0,0,0,0,0,0,2.9091,0,0,0,0,0,0,0,0,0,0,1.4545,0,0,0,0,0,1816.7,0,0,1303.3,0,13.091,0,0,0,1.4545,0,0,0,0,0,0,901.82,0,0,0,0,0,596.36,112,78.545,139.64,0,1.4545,0,0,0,23.273,0,0,0,14.545,0,0,0,0,0,0,0,0,0,0,0,5.8182,0,1.4545,0,0,7.2727,1.4545,0,11.636,0,0,0,0,0,0,0,0,0,0,0,0,0,0,0,0,0,0,0,0,0,0,0,0,0,0,0,0,0,0,0,0,0,0,0,0,0,0,0,0,0,0,0,0,0,0,0,0,0,0,0,0,0,0,0,0,0,17.455,0,0,5.8182,65.455,0,0,0,0,0,0,0,0,0,0,0
0,0,0,0,0,0,0,0,0,0,0,0,2.6667,0,0,5.3333,0,0,1.3333,0,0,1.3333,0,0,1.3333,0,0,0,0,0,0,0,0,0,2.6667,0,0,0,734.67,2.6667,0,1198.7,0,5.3333,0,9.3333,0,44,2.6667,0,0,0,0,0,914.67,0,0,5.3333,0,0,121.33,109.33,44,80,0,97.333,1.3333,0,0,50.667,13.333,0,0,8,0,0,0,0,0,0,0,0,0,0,0,0,0,0,0,0,6.6667,13.333,13.333,25.333,0,0,0,0,1.3333,0,0,0,8,0,0,0,0,0,0,0,0,0,0,0,0,0,0,0,0,0,0,0,0,0,0,0,0,1.3333,0,0,0,0,0,2.6667,0,2.6667,0,0,0,0,0,0,0,0,0,0,0,0,0,0,0,1.3333,0,0,60,88,2.6667,0,0,0,2.6667,0,0,0,0,0,0
0,0,0,0,0,0,0,0,0,0,0,0,4,0,0,4,0,0,0.25,0,0,0.25,0,0,0.75,0,0,0,0,0,0,0,0,0,0,0,0,0,588.5,0,0,123,0,28,0,0,0,0.5,0.25,0,0,0,0,0,1873,12,0,8,0,0,0,61.25,16.5,76,0,28,0,0,0,2136,8.25,0,0,1,0,0,0,0,0,0,0,0,0,0,0,0,0,0,0,0,64.75,20,8,69.5,0,0,0,0,0,0,0,0,0.5,0,0,0,0,0,0,0,0,0,0,0,0,0,0,0,0,0,0,0,0,0,0,0,0,0.5,0,0,0,0,0,0,0,12.5,0.25,0,0,0,0,0.5,0,0,0,0,0,0,0,0,0,20,0,0,28,197.75,16,0,0,0,0,0,0,0,0,0,0
0,0.2735,0,0,0,0,0,0,0,0,0,0,0,0,0,0,0.2735,0,0,0,0,0.2735,0,0,1.3675,0,0,0,0,0,0,0,0,0,0,0,0,0,12.581,0.2735,0,58.803,0,0,0,0.54701,0.2735,2.4615,0.54701,0,0,0,0,0,92.171,0.2735,0,1.9145,0,0,22.701,8.4786,0.82051,16.684,0,0.2735,0,0,0,13.675,22.701,0,0,4.9231,0,0,0,0,0,0,0,0,0,0,0.2735,0.54701,0,0,0,0,3.0085,1.094,0,0.2735,0,0,0,0,0,0,0,0,0,0,0,0,0,0,0,0,0,0,0,0,0,0,0,0,0,0,0,0,0,0,0,0,0,0.2735,0.2735,0,0,0,0,0,0,0,0,0,0,0,0,0.2735,0,0,0,0,0,0,0,0,0,1.094,0,0,3.2821,14.769,0,0,0,0,0,0,0,0,0,0,0
0,0,0,0,0,0,0,0,0,0,0,0,0,0,0,0,0,0,0,0,0,2.2857,0,0,0,0,0,0,0,0,0,0,0,0,0,0,0,0,931.43,134.48,0,22.476,0,24.762,0,1.1429,2.6667,4.5714,49.143,0,0,0,0,0,58.286,0,0,0,0,0,753.14,6.0952,40.381,32,0,0,0,0,0,0,7.619,0,0,1.1429,0,0,0,0,0,0,0,0,0,0,0.38095,0.38095,0,0.7619,0,0,0.38095,0,0,0,0,0,0,0,0,0,0,0,5.7143,0,0,0,0,0,0,0,0,0,0,0,0,0,0,0,0,0,0,0,0,0,0,0,0,0.7619,0,0,3.4286,0,0,0,0,0,0,0,0,0,0,0,0,0,0,0,0,0,0,0,0,0,0,0,9.1429,17.143,0,0,0,0,0,0,0,0,0,0,0
0,0,0,0,0,0,0,0,0,0,0,0,0,0,0,0,0,0,0,0,0,6.087,0,0,0.17391,0,0,0,0,0,0,0,0,0,0,0,0,0,1191.8,47.652,0,15.478,0,5.7391,0,0,0,0,0,0,0,0,0,0,263.48,5.5652,0,0,0,0,63.13,13.913,11.478,71.13,0,0,0,0,0,11.478,31.478,0,0,2.6087,0,0,0,0,0,0,0,0,0,0,0.17391,0,0,0,0,0,0,0,0,0,0,0,0,0,0,0,0,0,0.17391,0,0,0,0,0,0,0,0,0,0,0,0,0,0,0,0,0,0,0,0,0,0.17391,0,0,0.52174,0.17391,0,0.34783,0,0,0,0,0,0,0,0,0,0,0,0,0,0,0,0,0,0,0,0,0,0,0,5.7391,24.174,0.17391,0,0,0,0.34783,0,0,0,0,0,0
0,0,0,0,0,0,0,0,0,0,0,42.667,0,0,0,0,0,0,0,0,0,0,0,0,0,0,0,0,0,0,0,0,0,0,0,0,0,0,5701.3,24,0,618.67,0,213.33,0,0,0,0,0,0,0,0,0,0,533.33,21.333,0,0,0,0,53.333,170.67,21.333,221.33,0,0,0,0,0,2925.3,0,0,0,24,0,0,0,0,0,0,0,0,0,0,0,8,0,0,0,0,0,56,48,125.33,0,0,0,0,24,0,0,0,5.3333,0,0,0,0,0,0,0,0,0,0,0,0,0,0,0,0,0,0,0,0,0,21.333,0,0,0,0,0,21.333,0,0,0,0,21.333,0,0,0,0,0,2.6667,21.333,0,0,0,0,0,0,0,0,0,0,0,106.67,266.67,2.6667,0,0,0,0,0,0,0,0,0,0
0,0,0,0,0,0,0,0,0,0,0,8.2581,6.1935,0,0,0,0,0,0,0,0,0,0,0,0,0,0,0,0,0,0,0,0,0,0,0,0,0,547.1,55.742,0,141.42,0,24.774,0,0,0,0,1.0323,0,0,0,0,0,261.16,0,0,4.129,0,0,25.806,12.387,4.129,25.806,0,26.839,10.323,0,0,131.1,4.129,0,0,59.871,0,0,0,0,0,0,0,0,0,0,9.2903,11.355,0,0,0,0,15.484,23.742,8.2581,17.548,0,0,0,0,1.0323,0,0,0,4.129,0,0,0,0,0,0,0,0,0,0,0,0,0,0,0,0,0,0,0,0,0,0,0,0,0,0,0,2.0645,0,0,0,0,5.1613,0,0,0,0,0,0,0,0,0,0,0,0,0,0,0,0,0,0,42.323,68.129,4.129,0,0,0,0,0,0,0,0,0,0
0,0,0,0,0,0,0,0,0,0,0,0,5.12,0,0,0,0,0,1.28,0,0,0,0,0,0.16,0,0,0,0,0,0,0,0,0,0,0,0,0,210.24,2.56,0,140.32,0,7.68,0,1.28,0,0.16,0,0,0,0,0,0,48.64,0,0,5.12,0,0,40.96,2.72,2.56,29.76,0,6.4,1.28,0,0,60.16,4,0,0,8.32,0,0,0,0,0,0,0,0,0,0,3.04,2.24,0,0,0,0,1.28,1.28,1.28,11.2,0,0,0,0,0,0,0,0,0.16,0,0,0,0,0,0,0,0,0,0,0,0,0,0,0,0,0,0,0,0,0,0,0,0,0.96,0,0,0.16,0,0,0,0,0,0,0,0,0,0,0,0,0,0,0,0,0,0,0,0,0,0,0,30.72,49.12,0,0,0,0,0,0,0,0,0,0,0
0,0,0,0,0,0,0,0,0,0,0,0,1.44,0,0,1.44,0,0,0,0,0,0,0,0,0,0,0,0,0,0,0,0,0,0,0,0,0,0,222.88,1.28,0,121.44,0,7.84,0,0,0,1.6,0,0,1.28,0,0,0,50.08,1.28,0,2.56,0,0,39.04,5.12,4.32,16.48,0,1.28,0,0,0,37.28,8,0,0,4.96,0,0,0,0,0,0,0,0,0,0,1.76,0.32,0,0,0,0,0,1.44,1.28,8.32,0,0,0,0,0,0,0,0,0.32,0,0,0,0,0,0,0,0,0,0,0,0,0,0,0,0,0,0,0,0,0,0,0,0,0.48,0,0,1.76,0,0,0,0,1.28,0,0,0,0,0,0,0,0,0,0,0,0,0,0,0,0,0,0,11.68,53.28,2.56,0,0,0,0,0,0,0,0,0,0
0,2.9091,0,0,0,0,0,0,0,0,0,0,20.364,0,0,2.9091,0,0,0,0,0,0,0,0,0,0,0,0,0,0,0,0,0,0,0,0,0,0,361.27,32,0,299.82,0,11.636,0,0,0,0,0,0,0,0,0,0,230.36,0,0,0,0,0,90.182,14.545,0,187.09,0,5.8182,5.8182,0,0,78.727,2.9091,0,0,9.4545,0,0,0,0,0,0,0,0,0,0,8.7273,8.9091,0,0,0,0,37.818,14.545,0,58.182,0,0,0,0,0,0,0,0,0,0,0,0,0,0,0,0,0,0,0,0,0,0,0,0,0,0,0,0,0,0,0,0,0,0,0,0,0.18182,0,0,0,0,0,0,0,0,0,0,0,0,0,0,0,0,0,0,0,0,0.54545,0,0,14.545,105.09,0,0,0,0,2.9091,0,0,0,0,0,0
0,0,0,0,0,0,0,0,0,0,0,0,0.16,0,0,1.28,0,0,0,0,0,0.32,0,0,0.16,0,0,0,0,0,0,0,0,0,0,0,0,0,165.12,5.92,0,66.08,0,3.84,0,0.48,0,0.64,0,0,0,0,0,0,58.72,0,0,5.12,0,0,45.28,2.56,1.44,3.68,0,2.56,0,0,0,9.28,0.64,0,0,8.96,0,0,0,0,0,0,0,0,0,0,0.96,0.16,0,0,0,0,0.32,2.08,0.16,0.16,0,0,0,0,0,0,0,0,0,0,0,0,0,0,0,0,0,0,0,0,0,0,0,0.64,0,0,0,0,0,0,0,0,0,0.8,0,0,0.32,0.16,0,0,0,0,0,0,0,0,0,0,0,0,0,0,0,0,0,0,0,0.64,0,0,7.2,11.36,0.64,0,0,0,0,0,0,0,0,0,0
0.065574,0.065574,0,0.032787,0,0,0,0,0,0,0,0,0,0,0,0,0,0,0,0,0,0,0,0,0.22951,0,0,0,0,0,0,0,0,0,0,0,0,0,10.656,0.39344,0,7.1475,0,0.39344,0,0.72131,0,0.065574,0.065574,0,0,0,0,0,21.77,0,0,0.52459,0,0,5.2131,3.3115,0.16393,3.6721,0,0,0,0,0,1.6721,1.4426,0,0,0.22951,0,0,0,0,0,0,0,0,0,0,0.032787,0.16393,0,0,0.032787,0,0.13115,0.2623,0,0.32787,0,0,0,0,0,0,0,0,0.032787,0,0,0,0,0,0,0,0,0,0,0,0,0,0,0,0,0,0.032787,0,0,0,0,0,0,0.45902,0,0,0.098361,0,0,0,0,0,0,0,0,0,0,0,0,0,0,0,0,0,0,0,0,0.065574,0,0,0.13115,1.3443,0.065574,0,0,0,0,0,0,0,0,0,0
0,0.4,0,0,0,0,0,0,0,0,0,0,0.25,0,0,0,0.1,0,0.1,0.2,0,0,0,0,0,0,0,0,0,0,0,0,0,0,0,0,0,0,37.3,0.2,0,7,0,3.3,0,2.05,0.45,2.2,0.05,0,0,0,0,0,43.65,0.1,0,2.85,0,0,8.15,1.65,1,4.3,0,0.1,0,1.35,0,8.75,1.25,0,0,0.5,0,0,0,0,0,0,0,0,0,0,0.2,0.1,0,0,0,0,0,0.3,0.1,0.3,0,0,0,0,0,0,0,0,0.1,0,0,0,0,0,0,0,0,0,0,0,0,0,0,0,0,0,0,0,0,0.05,0,0,0,1.95,0.05,0,0.1,0,0,0,0,0,0,0,0,0,0,0,0,0,0,0,0,0,0,0,0,0.2,0,0,1.1,4.15,0,0,0,0,0,0,0,0,0,0,0
0,0.22069,0,0,0,0,0,0,0,0,0,0,0,0,0,0,0,0,0.22069,0,0,0,0,0,0.027586,0,0,0,0,0,0,0,0,0,0,0,0,0,55.972,1.7655,0,17.848,0,1.5448,0.22069,0.13793,0.24828,0.6069,0.22069,0,0,0,0,0,42.814,0,0,1.7655,0,0,8.469,5.2966,2.6483,4.1379,0,0,0,0,0,0.44138,1.6276,0,0,0.85517,0,0,0,0,0,0,0,0,0,0,0,0.082759,0,0,0,0,0,0.44138,0,0.22069,0,0,0,0,0,0,0,0,0.055172,0,0,0,0,0,0,0,0,0,0,0,0,0,0,0,0,0,0.027586,0,0,0,0,0,0,0.46897,0,0,0,0,0,0,0,0,0,0.22069,0,0,0,0.22069,0,0,0,0,0,0,0,0,0,0.46897,0,0,0.46897,2.8966,0,0,0,0,0,0,0,0,0,0,0
0,624.76,0,0,0,0,0,0,0,0,0,0,0,0,0,12.19,0,0,0,0,0,0,0,0.7619,3.8095,0,0,0,0,0,0,0,0,0,0,0,0,0,1723.4,48.762,0,339.81,0,60.952,0,0,0,13.714,0,0,0,0,0,0,1280,0,0,182.86,0,0,747.43,60.952,52.571,102.1,0,0,0,0,0,377.9,13.714,0,0,27.429,0,0,0,0,0,0,0,0,0,0,2.2857,2.2857,0,0,0,0,114.29,174.48,12.19,127.24,0,0,0,0,0,0,0,0,0,0,0,0,0,0,0,0,0,0,0,0,0,0,0,0,0,0,0,0,0,0.7619,0,0,0,15.238,6.0952,0,0,0,0,0,0,0,0,24.381,0,0,0,0,0,0,0,0,0,0,0,0,0,49.524,0,0,304.76,215.62,0,0,0,0,0,0,0,0,0,0,0
0,206.5,0,0,0,0,0,0,0,0,0,0,33.5,0,0,4,0,0,0,0,0,0,0,0,0.5,0,0,0,0,0,0,0,0,0,0.5,0,0,0,795.5,4.5,0,245,0,16,0,0.5,0,4.5,0,0,0,0,0,0,288.5,0,0,12.5,0,0,391.5,20,8.5,72.5,0,12,8,0,0,60.5,4,0,0,12.5,0,0,0,0,0,0,0,0,0,0,0,1.5,0,0,0,0,9.5,51.5,9,78.5,0,0,0,0,0,0,0,0,4,0,0,0,0,0,0,0,0,0,0,0,0,0,0,0,0,0,0,0,0,0,0,0,0,32,0.5,0,4,0,0,4,0,5,0,12.5,0,0,0,0,0,0,0,0,0,0,0,0,0,8.5,0,0,225,70,4,0,0,0,0,0,0,0,0,0,0
12.761,137.23,0,0,0,0,0,0,0,0,0,0,12.564,0,0,0,0,0,0,0,0,0,0,0,0.19632,0,0,0,0,0,0,0,0,0,0,0,0,0,573.64,6.2822,0,57.325,0,0,0,6.6748,0,0,0,0,0,0,0,0,861.64,12.564,0,19.436,0,0,1081.1,25.129,25.718,31.607,0,43.975,0,0,0,6.2822,6.2822,0,0,15.117,0,0,0,0,0,0,0,0,0,0,0.9816,0.78528,0,0.19632,0,0,6.2822,12.761,0.39264,19.632,0,0,0,0,0,0,0,0,0,0,0,0,0,0,0,0,0,0,0,0,0,0,0,0,0,0,0,0,0,0,0,0,0,0.58896,0.19632,0,0.19632,0,0,0,0,6.4785,0,63.215,0,0,0,0.58896,0,0,0,0,0,0,0,0,0,132.12,0,0,415.02,114.45,6.2822,0,0,0,0.19632,0,0,0,0,0,0
74.667,1367.7,0,0,0,0,0,0,0,0,0,0,43.667,0,0,0.33333,0,0,0,0,0,0,0,0,0.33333,0,0,0,0,0,0,0,0,0,0,0,0,0,1603.7,21.333,0,244.33,0,0,0.33333,0,0,10.667,0,0,0,0,0,0,1719.7,10.667,0,43.667,0,0,257,11,21.333,140.33,0,106.67,10.667,10.667,0,224.33,11,0,0,16.667,0,0,0,0,0,0,0,0,0,0,1,12.333,0,0,0,0,21.333,0.33333,85.333,118.67,0,0,0,0,0,0,0,0,21.333,0,0,0,0,0,0,0,0,0,0,0,0,0,0,0,0,0,0,0,0,0,0,0,0,394.33,3.6667,0,0.33333,0,0,0,0,42.667,0,234.67,0,0,0,0.33333,0,0,0,0,0,0,0,0,0,106.67,0,0,598.67,386.33,11,0,0,0,0,0,0,10.667,0,0,0
10.24,1306.6,0,0,0,0,0,0,0,0,0,0,10.24,0,0,20.48,0,0,0,0,0,0,0,0,0,0,0,0,0,0,0,0,0,0,0,0,0,0,590.08,5.12,0,63.36,0,0,0,2.24,0,0.96,0,0,0,0,0,0,947.52,0,0,10.24,0,0,404.8,5.12,40.96,15.68,0,61.76,0,5.12,0,35.84,0,0,0,12.8,0,0,0,0,0,0,0,0,0,0,7.04,8.64,0,0,0,0,0,26.56,25.6,38.72,0,0,0,0,0,0,0,0,0.32,0,0,0,0,0,0,0,0,0,0,0,0,0,0,0,0,0,0,0,0,0,0,0,0,90.88,1.28,0,0.64,0,0,0,0,62.72,0,400.64,0,0,0,0,0,0,0,0,0,0,0,0,0,102.4,0,0,215.36,181.76,5.12,0,0,0,0.96,0,0,0,0,0,0
9.1429,489.14,0,0,0,9.1429,0,0,0,0,0,0,150.86,0,0,9.1429,13.714,0,18.286,0,0,0.28571,0,0,0.85714,0,0,0,0,0,0,0,0,0,0,0,0,0,1336,4.8571,0,238.57,0,4.5714,0,4.5714,0,4.5714,0,0,0,0,0,0,1115.4,4.5714,4.5714,41.143,0,0,106.86,4.5714,41.714,62.286,0,59.429,4.5714,9.1429,0,292.57,9.4286,0,0,15.143,0,0,0,0,0,0,0,0,0,0,9.1429,4.5714,0,0,0,0,50.286,175.43,42,165.71,0,0,0,0,0,0,0,0,9.1429,0,0,0,0,0,0,0,0,0,0,0,0,0,0,0,0,0,0,0,0,0.28571,0,0,0,290.57,0.57143,0,10,0,0,0,0,164.57,0,2551.4,0,0,0,0,0,0,0,0,0,0,0,0,0,434.57,0,0,544.29,1025.4,32,0,0,0,4.5714,0,0,0,0,9.4286,0
0,0,0,0,0,0,0,0,0,0,0,0,0,0,0,0,0,0,0,0,0,0.47059,0,0,0,0,0,0,0,0,0,0,0,0,0,0,0,0,159.53,4.8235,0,51.882,0,2.8235,0,2.2353,0,0,0.11765,0,0,0,0,0,638.71,0.94118,0.94118,20.235,0,0,13.412,6.7059,6.5882,6.5882,0,1.8824,0,0,0,16.118,1.8824,0,0,2.2353,0,0,0,0,0,0,0,0,0,0,0.94118,0,0,0,0,0,1.8824,7.7647,2.1176,5.1765,0,0,0,0,0,0,0,0,0,0,0,0,0,0,0,0,0,0,0,0,0,0,0,0,0,0,0,0,0,0,0,0,0,17.176,0,0,0.94118,0,0,0,0,0.94118,0,55.529,0,0,0,0.11765,0,0,0,0,0,0,0,0,0,73.882,0,0,13.176,11.647,0.94118,0,0,0,0,0,0,0,0,0,0
0,0.17021,0,0,0,0,0,0,0,0,0,0,1.3617,0,0,0,0,0,0,0,0,0.085106,0,0,0,0,0,0,0,0,0,0,0,0,0,0,0,0,550.13,52,0,296.26,0,2.7234,0,0.085106,0,6.8511,0,0,0,0,0,0,520.09,0,0,2.766,0,0,64.34,4.1277,12.426,22.043,0,0,0.042553,0,0,139.28,1.4043,0,0,1.4894,0,0,0,0,0,0,0,0,0,0,0,0.042553,0,0,0,0,45.234,30.426,34.468,57.489,0,0,0,0,0,0,0,0,0,0,0,0,0,0,0,0,0,0,0,0,0,0,0,0,0,0,0,0,0,0,0,0,0,1.4043,0,0,0,0,0.042553,0,0,0,0,12.809,0,0,0,0,0,0,0,0,0,0,0,0,0,71.149,0,0,1.4043,74.213,1.3617,0,0,0,0,0,0,0,0,0,0
0,0,0,0,0,0,0,0,0,0,0,1.561,0,0,0,0,0,0,0.097561,0,0,0,0,0,0,0,0,0,0,0,0,0,0,0,0,0,0,0,461.85,33.463,0,421.27,0,9.3659,0,0.097561,0,3.4146,0,0,0,0,0,0,204.29,0,0,4.6829,0,0,43.22,14.341,9.7561,30.927,0,1.561,1.561,0,0,62.829,0,0,0,0.29268,0,0,0,0,0,0,0,0,0,0,0,0.4878,0,0,0,0,33.756,67.415,71.902,74.634,0,0,0,0,0,0,0,0,0.097561,0,0,0,0,0,0,0,0,0,0,0,0,0,0,0,0,0,0,0,0,0,0.19512,0,0,0.19512,0,0,0.19512,0,0.19512,0,0,0,0,20.39,0,0,0,0,0,0,0,0,0,0,0,0,0,78.537,0,0,3.122,51.415,0.097561,0,0,0,0,0,0,0,0,0,0
0,0.92754,0,0,0,0,0,0,0,0,0,0,0,0,0,0,0,0,0,0,0,0.11594,0,0,0.4058,0,0,0,0,0,0,0,0,0,0,0,0,0,47.188,1.3913,0,104.55,0,0.46377,0,0,0.46377,0.49275,0,0,0,0,0.46377,0,288.9,0,0,0.92754,0,0,7.913,10.783,0.49275,11.884,0,0,0,0,0,59.884,1.8551,0,0,0,0,0,0,0,0,0,0,0,0,0,0,0,0,0,0,0,0.057971,3.2754,0.46377,0.6087,0,0,0,0,0,0,0,0,0.028986,0,0,0,0,0,0,0,0,0,0,0,0,0,0,0,0,0,0,0,0,0,0,0,0,0,0,0,0,0,0,0,0,0,0,0.46377,0,0,0,0,0,0,0,0,0,0,0,0,0,0.52174,0,0,0.46377,10.116,0,0,0,0,0,0,0,0,0,0,0
0,0.58537,0,0,0,0.19512,0,0,0,0,0,0,0,0,0.04878,0,0,0,0,0,0,0.63415,0,0,0.04878,0,0,0,0,0,0,0,0,0,0,0,0,0,23.61,0.19512,0,20.341,0,0,0,1.4146,0.04878,1.3171,0.097561,0,0,0,0,0,133.8,0,0,0.78049,0,0,18.537,3.8537,2.5854,3.9512,0,0,0,4.6341,0,4.8293,0.73171,0,0,1.3171,0,0,0,0,0,0,0,0,0,0,0.04878,0.63415,0,0,0,0,1.2683,13.366,0.53659,8.439,0,0,0,0,0,0,0,0,0,0,0,0,0,0,0,0,0,0,0,0,0,0,0,0,0,0,0,0,0,0,0,0,0,0.04878,0,0,0.04878,0.097561,0,0,0,0.39024,0,0,0,0,0,0,0,0,0,0,0,0,0,0,0,43.366,0,0,0.39024,21.317,0.19512,0,0,0,0,0,0,0,0,0,0
