15,39.782,13.675,0.040079,0.0011082,0.018007,0.078922,52,28,51,39,35,474,NaN,20.144,14.936,37.972,37.984,0.5283,1.0443,246.08,271.71,NaN,NaN,NaN,NaN,NaN,NaN,NaN,NaN,NaN,NaN,NaN,NaN,NaN,NaN,NaN,NaN,NaN,NaN,NaN,NaN,NaN,NaN,NaN,NaN,NaN,NaN,NaN,NaN,NaN,NaN,NaN,NaN,NaN,NaN,NaN,NaN,NaN,NaN
16,37.424,15.425,0.044578,0.0015898,0.019562,0.086744,47,33,58,43,33,167,NaN,20.65,15.294,38.311,38.587,0.091213,0.24256,210.37,216.83,NaN,NaN,0.0753,0.0161,0.94,NaN,15.257,46.968,38.442,28.573,217.76,NaN,0.15011,6e-05,0.000554,1.7558,0.061871,23.156,0.016565,0.02835,0.037,0.6661,20.859,52.673,38.145,26.929,208.73,NaN,0.11467,0.000132,0.00105,1.1833,0.093002,15.317,0,365,0.64,648
17,36.235,14.265,0.037673,0.00092382,0.015144,0.074452,57,27,99,63,64,203,NaN,20.977,16.609,37.884,38.252,0.065276,0.17349,213.62,222.05,NaN,NaN,NaN,NaN,NaN,NaN,16.607,47.919,37.989,27.927,231.14,NaN,0.10127,2.2e-05,0.000284,1.565,0.041238,150.16,NaN,NaN,NaN,NaN,21.099,52.423,37.727,26.545,213.24,NaN,0.015438,4.8e-05,0.000468,1.19,0.071474,19.437,0,365,0.73,649
18,35.655,14.229,0.035419,0.00086303,0.014726,0.077287,52,31,82,60,58,580,NaN,21.486,16.93,38.076,38.222,0.066985,0.1733,209.01,231.57,NaN,NaN,NaN,NaN,NaN,NaN,17.146,48.558,38.055,27.823,231.33,NaN,0.10292,4.9e-05,0.000469,1.4575,0.046912,6.8348,0.01833,0.0256,0.118,0.5571,21.487,53.056,37.896,26.565,208.25,NaN,0.013344,4.6e-05,0.000449,1.0919,0.062286,14.935,0,365,1,641
20,34.392,14.8,0.033291,0.00099742,0.011165,0.067138,61,63,93,73,69,13,NaN,21.477,16.851,38.607,38.353,0.149,0.72554,237.74,271.94,NaN,NaN,NaN,NaN,NaN,NaN,NaN,NaN,NaN,NaN,NaN,NaN,NaN,NaN,NaN,NaN,NaN,400.47,NaN,NaN,NaN,NaN,21.521,53.72,38.4,26.941,223.28,NaN,0.03716,NaN,NaN,NaN,NaN,18.414,0,365,0.2,627
21,37.459,17.238,0.042875,0.0011017,0.019006,0.092094,43,50,75,61,56,831,NaN,19.535,15.798,38.434,38.339,0.11444,0.20089,211.01,216.59,NaN,NaN,NaN,NaN,NaN,NaN,NaN,NaN,NaN,NaN,NaN,NaN,NaN,NaN,NaN,NaN,NaN,10.896,0.003575,0.006225,0.131,0.8355,19.467,51.272,38.248,27.383,211.6,NaN,0.10136,0.000103,0.000769,1.3275,0.089498,12.946,0,365,0.02,610
22,39.753,17.37,0.060868,0.0015308,0.045908,0.12357,31,12,35,64,17,199,NaN,17.239,16.375,38.012,38.052,0.24256,0.2726,222.76,220.05,NaN,NaN,0.1298,0.01065,0.2935,NaN,15.385,46.942,38.296,28.429,219.24,NaN,0.082358,0.000214,0.001531,1.8452,0.072689,2.6148,0.070975,0.0133,0.23125,1.9913,17.299,48.452,37.84,27.623,221.55,NaN,0.15559,0.000344,0.002433,1.7046,0.16813,9.9028,0,365,0,598
23,42.176,17.644,NaN,NaN,NaN,0.10722,33,16,41,45,35,194,NaN,16.884,15.992,38.38,38.52,0.12856,0.19743,222.58,225.66,NaN,NaN,0.013,0.012,0.05,1.0505,15.455,47.157,38.429,28.516,225.85,NaN,0.147,0.00015,0.001091,1.725,0.069951,1.9212,0.009125,0.012,0.040875,1.3724,17.212,48.793,38.228,27.943,221.78,NaN,0.10393,0.000196,0.001405,1.465,0.10623,7.8062,0,365,0.03,582
24,42.412,17.863,0.065746,0.003062,0.050458,0.1281,28,10,36,47,31,178,NaN,17.793,16.148,38.33,38.299,0.14739,0.18775,220.09,230.2,NaN,NaN,NaN,NaN,NaN,NaN,NaN,NaN,NaN,NaN,NaN,NaN,NaN,NaN,NaN,NaN,NaN,37.301,NaN,NaN,NaN,NaN,18.478,50.028,38.101,27.522,217.33,NaN,0.10594,0.000271,0.001873,1.465,0.14291,7.9219,0,365,0.2,575
25,39.35,19.352,0.046502,0.00076994,0.0324,0.10064,37,32,52,42,36,172,NaN,18.194,14.961,38.359,38.689,0.12783,0.18188,217.85,227.51,NaN,NaN,0.1055,NaN,0.3595,1.354,15.182,46.931,38.489,28.626,229.91,NaN,0.13403,8.2e-05,0.000561,1.845,0.059185,2.3494,0.00425,0.00525,0.03525,1.0505,18.319,49.947,38.185,27.634,217.81,NaN,0.1048,0.000103,0.000711,1.465,0.086187,10.151,0,365,0.37,587
26,38.389,20.169,0.048553,0.00093585,0.030018,0.099954,39,49,55,63,60,203,NaN,19.172,17.962,38.541,38.547,0.1299,0.18188,212.32,225.16,NaN,NaN,NaN,NaN,NaN,NaN,NaN,NaN,NaN,NaN,NaN,NaN,NaN,NaN,NaN,NaN,NaN,9.2096,0.0075,0.0095,0.0225,1.0268,19.105,51.009,38.361,27.565,213.71,NaN,0.12386,0.000137,0.000944,1.3825,0.086391,11.414,0,365,0.46,590
30,33.826,32.787,0.03292,0.00061261,0.012547,0.073512,49,34,70,63,59,808,982,20.465,17.884,39.611,39.398,0.091086,0.16578,207.53,218.75,-0.44603,-0.58259,0.005,0,NaN,0.6655,18.616,51.525,39.235,28.361,218.75,0.078824,0.091071,6.2e-05,0.000624,1.3498,0.052771,6.638,0.00125,0.00025,0.0455,0.816,20.442,53.763,39.423,28.02,207.61,0.18871,0.067706,7.8e-05,0.000739,1.1765,0.063014,10.35,0,365,0.01,595
31,27.133,34.731,0.036789,0.00074153,0.014419,0.077421,55,47,80,89,60,293,160,25.058,24.45,40.172,40.367,0.040949,0.22508,189.51,183.79,-0.13728,-0.13728,NaN,NaN,NaN,NaN,NaN,NaN,NaN,NaN,NaN,NaN,NaN,NaN,NaN,NaN,NaN,0.61819,0.00925,0.01225,0.036,0.8825,25.028,59.715,39.96,27.086,189.92,0,0.11285,9.5e-05,0.000808,1.0544,0.056839,19.022,0,365,0.29,632
32,23.333,37.195,0.038257,0.00098444,0.015435,0.077454,57,56,76,191,14,202,204,25.712,26.13,40.036,40.389,0.036265,0.24256,188.55,180.39,0.53745,0.71263,0.01,0.025,NaN,0.85,26.129,61.354,40.187,26.917,181.5,0.47262,0.1566,0.000126,0.000934,1.2725,0.060484,3.0062,0.01075,0.00875,0,0.8775,25.812,60.384,39.771,26.698,188.34,0.27975,0.085486,0.000114,0.000851,1.1138,0.053638,21.63,0,365,0.13,649
33,22.074,38.189,0.049145,0.00083067,0.029942,0.10277,42,34,30,77,45,153,153,27.33,27.333,39.122,39.136,0.16578,0.25646,182.76,180.27,0.074824,-0.49066,0.1235,0.2655,2.7225,2.377,26.543,60.535,39.163,26.006,157.13,1.2756,0.12247,7.7e-05,0.000589,1.5681,0.051342,20.383,0.003,0.04575,0.006,1.1202,27.31,61.002,38.944,25.591,183.59,0.2535,0.15057,0.000114,0.000851,1.2825,0.085863,18.299,0,365,0.03,655
34,18.345,39.759,NaN,NaN,NaN,0.10267,42,28,22,81,13,244,150,27.67,27.671,38.816,38.816,0.21249,0.22996,183.9,183.76,-0.20365,-0.39268,0.269,0.0885,0.635,1.3525,27.559,61.241,38.895,25.474,175.51,0,0.14795,7.5e-05,0.000569,1.42,0.046166,0.25531,0.011,0.144,0.029,2.6405,27.635,60.957,38.64,25.256,183.85,0,0.13726,0.000117,0.000851,1.3513,0.068212,17.795,0,365,0.22,672
36,20.733,63.453,0.085065,0.0016299,0.090886,0.17383,27,11,18,18,13,596,84,25.619,25.098,36.684,36.67,0.25421,0.50037,211.4,197.91,1.9253,1.7908,0.277,0.431,1.115,1.4395,25.052,55.18,36.523,24.477,201.6,1.7052,0.28292,0.000282,0.00191,1.7369,0.1617,NaN,0.0455,0.3575,0.1415,1.143,25.681,55.862,36.526,24.285,209.81,1.5453,0.20549,0.000299,0.00203,1.3744,0.17013,16.012,0,365,0.1,717
38,19.034,64.449,0.061298,0.001518,0.034251,0.13204,36,13,33,137,17,690,131,26.428,25.498,36.776,36.745,0.18073,0.44834,200.03,190.33,1.3468,1.732,0.7,0.417,1.858,1.625,25.608,55.851,36.55,24.313,189.02,0.67279,0.18592,0.00029,0.002011,1.6147,0.11634,NaN,0.107,0.337,0.4195,1.278,26.314,56.703,36.618,24.148,187.74,0.63267,0.11364,0.000198,0.001391,1.331,0.09532,22.493,0,365,0,721
39,18.512,66.468,0.056218,0.0014728,0.030925,0.10185,46,14,32,114,14,687,NaN,27.029,25.994,36.502,36.64,0.11115,0.50504,194.71,197.28,NaN,NaN,0.011,0.2465,0.0675,1.2415,26.692,56.781,36.402,23.877,187.48,0,0.1968,0.000164,0.001161,1.4378,0.10923,NaN,0.0065,0.2335,0.0425,1.515,27.089,57.099,36.311,23.677,193.07,0,0.11527,0.000138,0.000986,1.1886,0.098268,24.687,0,365,0.07,724
40,17.44,67.841,0.054078,0.00092636,0.034712,0.097091,50,19,36,71,15,486,73,27.55,26.503,36.385,36.515,0.06872,0.44275,191.72,177.76,1.2537,0.43907,NaN,NaN,NaN,NaN,NaN,NaN,NaN,NaN,NaN,NaN,NaN,NaN,NaN,NaN,NaN,NaN,0.007,0.27,0.026,1.792,27.584,57.521,36.227,23.453,192.99,0,0.1316,0.000139,0.001048,1.1542,0.089287,29.015,0,365,0.4,728
41,14.545,69.878,0.034891,0.00058697,0.015332,0.075251,65,11,66,79,24,450,74,29.087,27.167,36.195,36.666,0.0071253,0.32432,187.7,145.19,-0.88712,-1.3558,0.2375,0.846,7.847,3.5765,27.374,57.705,36.504,23.735,164.44,0,0.16658,9.7e-05,0.000662,1.3778,0.050965,NaN,0.007,0.1565,0.057,1.3865,29.152,58.978,36.05,22.8,187.31,0,0.092377,9e-05,0.000612,0.96562,0.039295,34.947,0,365,1,735
42,6.0193,73.805,0.037289,0.0012493,0.0099554,0.067606,72,11,78,109,41,176,NaN,30.335,27.97,34.736,35.213,0,0.37847,188.37,160,NaN,NaN,0.152,0.2505,0.741,2.7335,27.956,56.297,35.044,22.474,138,0,0.229,9.1e-05,0.000664,1.42,0.045335,NaN,0.001,0.0765,0.022,2.171,30.128,57.855,34.568,21.359,188.8,0,0.080016,6.8e-05,0.000506,0.96688,0.02689,36.273,0,365,0.68,731
43,4.5935,73.437,NaN,NaN,NaN,NaN,NaN,NaN,NaN,NaN,NaN,NaN,NaN,NaN,NaN,NaN,NaN,NaN,NaN,NaN,NaN,NaN,NaN,NaN,NaN,NaN,NaN,NaN,NaN,NaN,NaN,NaN,NaN,NaN,NaN,NaN,NaN,NaN,0.007384,0.004,0.0705,0.0265,1.8285,29.939,57.599,34.493,21.371,190.27,0,0.18684,0.000215,0.001545,1.0525,0.1337,NaN,0,365,0.59,731
44,2.6994,71.449,0.034432,0.0013279,0.0079809,NaN,NaN,24,64,65,34,815,70,30.452,28.105,35.211,35.365,0,0.31536,188.04,164.52,-0.61226,-0.61226,NaN,NaN,NaN,NaN,NaN,NaN,NaN,NaN,NaN,NaN,NaN,NaN,NaN,NaN,NaN,NaN,0.0045,0.1225,0.044,2.2655,30.52,58.975,35.04,21.576,187.75,0,0.042015,5.7e-05,0.000358,0.97225,0.025297,NaN,0,365,0.09,730
45,1.0261,71.591,0.033332,0.00097544,0.0079718,0.058515,83,20,47,52,15,865,132,30.462,27.316,35.32,35.394,0.0064835,0.42911,184.82,176.33,1.8661,2.3092,NaN,NaN,NaN,NaN,NaN,NaN,NaN,NaN,NaN,NaN,NaN,NaN,NaN,NaN,NaN,0.19011,NaN,NaN,NaN,NaN,30.593,59.066,35.048,21.559,186.02,1.8265,0.058503,7e-05,0.000487,0.915,0.022849,37.711,0,365,0.01,727
46,-0.59601,73.145,0.052027,0.0050367,0.021688,0.071429,66,14,64,57,13,64,50,30.121,28.554,35.277,35.387,0.18188,0.26127,184.87,172.28,0.35805,1.6935,NaN,NaN,NaN,NaN,NaN,NaN,NaN,NaN,NaN,NaN,NaN,NaN,NaN,NaN,NaN,0.006677,0.0045,0.102,0.047,1.947,30.125,58.657,35.111,21.767,185.75,0.43699,0.14892,0.000283,0.001992,0.93875,0.084946,31.276,0,365,0.01,726
51,-21.424,54.254,0.029879,0.0010369,0.0065705,0.06793,65,30,81,79,597,1001,1040,27.262,24.984,35.066,35.075,0.040949,0.19743,194.35,201.88,0.5317,0.5317,0.01425,0.1035,0.0175,2.3104,24.908,52.983,34.978,23.358,204.45,0.53247,0.12752,7.4e-05,0.00058,1.0737,0.019354,NaN,0,0.07325,0.138,1.8665,27.488,55.605,34.94,22.516,194.43,0.53247,0.077188,7.3e-05,0.000569,0.875,0.013741,23.745,0,365,0.07,669
52,-16.865,53.867,0.030196,0.00064348,0.0088641,0.05103,86,55,68,66,91,149,149,27.911,25.824,34.667,35.038,0.092654,0.40444,191.17,192.79,0.5317,0.5317,0.032,0.159,0.4675,2.824,25.213,53.187,34.897,23.204,194.82,0.53247,0.22841,0.000106,0.000788,1.1804,0.030475,NaN,0,0.119,0,2.666,27.956,55.536,34.545,22.068,191.63,0.53247,0.13431,8.1e-05,0.000615,0.97708,0.021469,25.604,0,365,0.14,678
53,-13.062,46.996,0.039658,0.0014419,0.010147,0.081576,56,46,80,80,59,964,110,28.901,25.836,35.098,35.167,0.066414,0.22772,192.74,184.16,0.5317,0.5317,NaN,NaN,NaN,NaN,NaN,NaN,NaN,NaN,NaN,NaN,NaN,NaN,NaN,NaN,NaN,0.022279,NaN,NaN,NaN,NaN,28.915,57.068,34.908,22.023,193.59,0.53247,0.044092,0.000213,0.001426,1.0388,0.056637,25.461,0,365,0.93,687
58,-17.461,42.224,0.043138,0.0010682,0.015607,0.085046,52,15,78,89,52,1006,89,26.654,25.506,35.249,35.326,0.068955,0.31641,195.48,187.55,0.82027,0.82027,0.025376,0,0.063072,2.5138,25.114,53.441,35.163,23.431,181.1,0.82027,0.19734,0.000152,0.000939,1.135,0.042033,24.482,0.006707,0,0,2.4641,26.551,54.858,35.114,22.947,194.86,0.82027,0.10957,0.00012,0.000717,0.94656,0.02865,21.407,0,365,0.91,665
64,-29.452,37.885,0.047941,0.0012701,0.01812,0.11085,36,52,49,159,725,1202,NaN,22.287,22.264,35.489,35.5,0.18188,0.24708,210.53,207.61,NaN,NaN,0.00875,0.08325,NaN,1.7355,22.215,50.654,35.346,24.424,207.96,0,0.1212,0.000166,0.001112,1.0648,0.022442,NaN,0.004,0.084,0,1.7665,22.241,50.627,35.325,24.397,210.24,0,0.13666,0.000181,0.001237,1.0574,0.039262,12.427,0,365,0.22,620
65,-35.186,26.263,0.055111,0.0011747,0.027608,0.12486,29,77,20,88,679,1186,NaN,21.82,21.82,35.614,35.614,0.2173,0.22443,206.21,206.65,NaN,NaN,NaN,NaN,NaN,NaN,21.728,50.244,35.452,24.645,207.48,NaN,0.17765,0.000195,0.001296,1.2063,0.045474,748.34,NaN,NaN,NaN,NaN,21.764,50.277,35.45,24.63,207.58,NaN,0.17648,0.000183,0.001194,1.197,0.048988,7.5297,0,365,0.01,597
66,-34.831,17.97,0.062987,0.0016091,0.034355,0.13374,29,NaN,14,NaN,29,1161,NaN,14.998,14.996,NaN,NaN,0.37359,0.37573,239.6,239.44,NaN,NaN,0.284,0.34975,3.3099,2.5895,15.014,43.306,35.323,26.218,239.79,2.7394,0.22167,0.000228,0.001227,1.2525,0.098145,NaN,0.3025,0.343,3.34,2.7435,15.013,43.307,35.323,26.214,239.94,2.4263,0.22167,0.000222,0.001227,1.2581,0.09772,8.5687,0,365,0.19,601
67,-32.172,17.423,0.38782,0.012014,0.18387,1.0434,4,15,14,33,14,77,28,13.279,13.11,35.09,35.08,1.6935,1.5488,252.54,244.49,0.68774,1.9385,NaN,NaN,NaN,NaN,NaN,NaN,NaN,NaN,NaN,NaN,NaN,NaN,NaN,NaN,NaN,0.89095,NaN,NaN,NaN,NaN,13.043,40.874,34.871,26.284,252.63,1.2646,0.76522,0.000972,0.00646,4.0932,1.2519,0.055626,0,365,0.01,697
68,-31.023,6.0183,0.041821,0.0010852,0.015482,0.094931,48,174,42,353,237,1320,NaN,16.807,16.787,35.855,35.856,0.24139,0.44408,231.92,232.11,NaN,NaN,0.285,0.227,1.08,2.436,16.749,45.448,35.684,26.101,231.98,0.90478,0.32571,0.000179,0.000991,2.0118,0.16523,NaN,0.201,0.1455,0.939,1.9865,16.864,45.547,35.686,26.074,234.86,1.1039,0.31617,0.000204,0.001136,1.9387,0.22667,19.395,0,365,0.32,710
70,-20.375,-3.1815,0.047846,0.0016159,0.01394,0.090689,50,150,36,162,14,239,155,19.821,19.791,36.545,36.545,0.2511,0.35958,215.64,215.87,1.1387,0.92579,NaN,NaN,NaN,NaN,NaN,NaN,NaN,NaN,NaN,NaN,NaN,NaN,NaN,NaN,NaN,NaN,0.0465,0.309,0.8015,1.1485,19.77,49.332,36.358,25.86,215.2,1.7631,0.11747,0.000123,0.000634,2.0719,0.11783,24.12,0,365,0.97,725
71,-9.259,-9.5376,0.032481,0.00092902,0.011415,NaN,NaN,73,79,83,23,405,92,23.78,21.76,36.521,36.507,0.17995,0.359,201.26,186.23,-3.3601,-2.7316,NaN,NaN,NaN,NaN,NaN,NaN,NaN,NaN,NaN,NaN,NaN,NaN,NaN,NaN,NaN,NaN,0.009,0.127,0.035,1.473,23.804,53.627,36.37,24.738,201.17,0,0.141,0.00014,0.000736,1.8766,0.11368,NaN,0,365,0.77,729
72,-8.6753,-17.819,0.031502,0.00025388,0.014565,0.063783,74,89,98,108,28,300,144,25.028,24.133,36.596,36.773,0.040949,0.37008,198.82,190.75,0.38253,0.15923,0.011,0.143,0.044,1.284,23.63,53.771,36.588,24.965,190.6,1.0496,0.24259,0.000178,0.000981,2.1718,0.11456,NaN,0.003,0.104,0.018,0.868,25.064,55.047,36.417,24.393,199.13,0.4168,0.10414,0.000119,0.000577,1.7735,0.094476,31.42,0,365,0.08,733
73,-12.441,-24.34,0.025298,0.00082613,0.0061566,0.0351,137,22,146,154,76,347,NaN,24.934,21.788,37.012,36.785,0.040515,0.26912,200.84,191.1,NaN,NaN,NaN,NaN,NaN,NaN,NaN,NaN,NaN,NaN,NaN,NaN,NaN,NaN,NaN,NaN,NaN,NaN,NaN,NaN,NaN,NaN,NaN,NaN,NaN,NaN,NaN,NaN,NaN,NaN,NaN,NaN,NaN,NaN,NaN,NaN,NaN,NaN
74,-16.052,-28.812,0.024753,0.00081648,0.0052123,0.037306,130,13,152,172,72,320,359,24.852,23.806,37.283,37.257,0.0080001,0.21213,200.45,199.65,0.39541,0.39541,NaN,NaN,NaN,NaN,NaN,NaN,NaN,NaN,NaN,NaN,NaN,NaN,NaN,NaN,NaN,NaN,NaN,NaN,NaN,NaN,NaN,NaN,NaN,NaN,NaN,NaN,NaN,NaN,NaN,NaN,NaN,NaN,NaN,NaN,NaN,NaN
75,-17.891,-32.612,NaN,NaN,NaN,0.049011,96,22,177,192,73,249,250,25.118,23.871,37.453,37.36,0.035518,0.13142,200.03,194.81,0.17883,0.17068,NaN,NaN,NaN,NaN,NaN,NaN,NaN,NaN,NaN,NaN,NaN,NaN,NaN,NaN,NaN,NaN,NaN,NaN,NaN,NaN,NaN,NaN,NaN,NaN,NaN,NaN,NaN,NaN,NaN,NaN,NaN,NaN,NaN,NaN,NaN,NaN
76,-20.854,-35.195,0.028743,0.0010127,0.0064647,0.049889,97,23,137,156,50,178,187,23.497,22.211,37.285,37.043,0.040949,0.16947,205.22,204.37,0.030608,0.95021,0.047654,0.051522,0,0.71212,21.166,51.19,36.62,25.687,200.32,0.21861,0.10356,8.1e-05,0.000377,1.9314,0.08178,NaN,0.001404,0.055883,0,0.81417,23.375,54.082,37.077,25.4,206.23,0.18597,0.055113,0.000119,0.000639,1.6368,0.10395,38.551,0,365,0.65,755
77,-24.506,-43.713,0.031847,0.0010974,0.0080162,0.06349,75,28,110,3,50,434,400,22.959,21.459,37.122,36.879,0.040949,0.26489,210.39,211.23,0.45275,0.45275,NaN,NaN,NaN,NaN,NaN,NaN,NaN,NaN,NaN,NaN,NaN,NaN,NaN,NaN,NaN,NaN,NaN,NaN,NaN,NaN,NaN,NaN,NaN,NaN,NaN,NaN,NaN,NaN,NaN,NaN,NaN,NaN,NaN,NaN,NaN,NaN
78,-30.001,-43.221,0.031246,0.00094219,0.0086537,0.064737,74,45,112,3,45,261,409,19.872,19.37,36.489,36.458,0.040949,0.24738,222.23,218.84,-0.2155,-0.79078,0.053,0,0.104,0.319,19.323,48.818,36.277,25.92,216.65,0.085111,0.16855,0.000138,0.000723,1.9431,0.099535,NaN,0,0,0.026,0.749,20.078,49.618,36.326,25.754,221.14,0.025333,0.066207,0.000116,0.000574,1.6746,0.09877,39.165,0,365,0.04,802
79,-34.392,-47.578,0.048949,0.0012769,0.025373,0.095771,50,18,70,78,27,490,571,18.053,17.562,36.065,36.056,0.087401,0.3079,230.39,227.23,-0.01384,0.18883,0.123,0.357,3.495,2.723,17.789,46.593,35.808,25.969,213.37,0.82939,0.20092,0.000221,0.001171,2.2997,0.125,NaN,0,0,0.048,1.039,19.935,48.609,35.623,25.255,222.47,0,0.13213,0.00029,0.001633,2.1293,0.20974,26.115,0,365,0.43,889
79,-34.392,-47.578,0.048949,0.0012769,0.025373,0.095771,50,18,70,78,27,490,571,18.053,17.562,36.065,36.056,0.087401,0.3079,230.39,227.23,-0.01384,0.18883,0.123,0.357,3.495,2.723,17.789,46.593,35.808,25.969,213.37,0.82939,0.20092,0.000221,0.001171,2.2997,0.125,NaN,0,0,0.048,1.039,19.935,48.609,35.623,25.255,222.47,0,0.13213,0.00029,0.001633,2.1293,0.20974,26.115,0,365,0.43,889
80,-40.577,-52.119,0.047086,0.0017042,0.023444,0.11839,40,35,77,45,552,249,108,19.304,16.308,35.773,35.547,0.28338,0.34759,228.72,237.57,-1.5561,-1.5561,NaN,NaN,NaN,NaN,NaN,NaN,NaN,NaN,NaN,NaN,NaN,NaN,NaN,NaN,NaN,NaN,NaN,NaN,NaN,NaN,NaN,NaN,NaN,NaN,NaN,NaN,NaN,NaN,NaN,NaN,NaN,NaN,NaN,NaN,NaN,NaN
81,-44.489,-52.333,0.081404,0.0030946,0.03803,0.13428,36,28,39,48,308,81,59,13.466,13.263,34.858,34.947,0.22624,0.5068,257.96,253.11,3.2796,3.88,0.132,0.412,3.359,1.296,13.506,41.273,34.805,26.141,256.63,2.8107,0.29196,0.000285,0.001512,2.4873,0.22832,NaN,0.115,0.429,3.081,1.173,13.681,41.409,34.794,26.094,255.27,2.4396,0.23363,0.000249,0.001259,2.4724,0.19843,25.272,0,365,0.13,919
82,-47.164,-58.01,0.070753,0.0057941,0.024249,0.1301,37,19,42,62,24,129,66,7.6076,6.9783,34.218,34.219,0.20087,1.0303,303.12,306.41,17.29,17.588,0.1185,1.356,18.525,2.661,7.1549,34.58,34.051,26.65,306.16,18.047,0.50731,0.00076,0.004784,2.1334,0.3499,NaN,0.146,1.302,18.005,1.945,7.5794,34.948,34.05,26.59,303.15,18.434,0.42659,0.000824,0.005228,2.1284,0.33101,23.873,0,365,0.01,945
83,-54.344,-65.193,0.15041,0.0023794,0.17689,0.16535,27,70,44,77,13,78,74,7.355,7.3389,33.102,33.104,0.27196,0.43996,293.58,292.16,11.655,11.207,NaN,NaN,NaN,NaN,NaN,NaN,NaN,NaN,NaN,NaN,NaN,NaN,NaN,NaN,NaN,1.2597,0.198,1.176,10.86,0.936,7.1261,33.809,33.254,26.027,294.23,13.593,0.3089,0.000488,0.002883,2.971,0.23299,18.766,0,365,0.77,1031
84,-60.311,-60.621,0.044457,0.0019704,0.015894,0.069564,66,45,63,69,60,553,75,1.8361,0.58288,33.882,33.908,0.11443,0.48524,338.39,343.22,24.595,25.805,NaN,NaN,NaN,NaN,NaN,NaN,NaN,NaN,NaN,NaN,NaN,NaN,NaN,NaN,NaN,NaN,0.266,1.723,25.3,16.55,1.9034,29.627,33.72,26.958,338.53,24.903,0.20798,0.000282,0.001295,2.105,0.19111,30.369,0,365,0.01,1122
84,-60.311,-60.621,0.044457,0.0019704,0.015894,0.069564,66,45,63,69,60,553,75,1.8361,0.58288,33.882,33.908,0.11443,0.48524,338.39,343.22,24.595,25.805,NaN,NaN,NaN,NaN,NaN,NaN,NaN,NaN,NaN,NaN,NaN,NaN,NaN,NaN,NaN,NaN,0.266,1.723,25.3,16.55,1.9034,29.627,33.72,26.958,338.53,24.903,0.20798,0.000282,0.001295,2.105,0.19111,30.369,0,365,0.01,1122
85,-62.074,-49.378,0.047395,0.0010925,0.021647,0.088979,49,32,36,39,35,471,471,0.76311,0.30245,34.519,34.525,0.16493,0.57849,345.47,348.65,28.785,29.856,0.06,2.309,31,81.82,-0.80475,27.92,34.363,27.629,326.04,32.803,0.28954,0.000197,0.000902,2.4836,0.13936,NaN,0.1055,2.1055,28.64,80.55,0.73159,29.155,34.327,27.522,344.81,29.734,0.27649,0.000233,0.00115,2.2204,0.23257,19.053,0,365,0.05,1160
86,-64.316,-52.923,NaN,NaN,NaN,0.13122,32,12,31,22,13,489,22,-0.4625,-1.4847,33.355,34.078,0.22949,2.9003,397.34,348.33,19.325,26.058,0.0575,2.4585,30.125,63.035,-1.6387,27.021,34.118,27.46,319.75,29.242,0.97389,0.000594,0.00373,2.6247,0.83422,4.7484,0.0705,1.553,17.32,64.01,-0.49438,27.325,33.254,26.718,398.31,19.564,0.21966,0.000213,0.001096,2.5876,0.25449,11.531,0,365,0.23,1217
87,-63.854,-56.118,NaN,NaN,NaN,0.37063,11,11,22,7,13,119,NaN,-0.38576,-0.60551,34.38,34.439,7.4813,8.4476,387.41,366.36,NaN,NaN,NaN,NaN,NaN,NaN,NaN,NaN,NaN,NaN,NaN,NaN,NaN,NaN,NaN,NaN,NaN,62.422,NaN,NaN,NaN,NaN,-0.27325,28.209,34.201,27.475,392.56,NaN,3.1021,NaN,NaN,NaN,NaN,3.4144,0,365,0.93,1153
89,-57.737,-67.111,0.039913,0.0022934,0.010007,0.080025,56,130,21,122,13,127,NaN,-0.76992,-0.78303,34.6,34.601,1.9981,2.0877,334.98,334.65,NaN,NaN,NaN,NaN,NaN,NaN,NaN,NaN,NaN,NaN,NaN,NaN,NaN,NaN,NaN,NaN,NaN,0.080311,0.243,1.609,22.01,3.293,5.8264,33.369,34.045,26.82,289.73,NaN,1.0631,NaN,NaN,NaN,NaN,24.076,0,365,0.4,993
90,-39.631,-76.972,0.046724,0.0011659,0.026343,0.10763,42,20,43,51,112,31,NaN,17.039,15.881,34.045,34.078,1.8152,2.5133,233.41,238.82,NaN,NaN,NaN,NaN,NaN,NaN,NaN,NaN,NaN,NaN,NaN,NaN,NaN,NaN,NaN,NaN,NaN,2.9768,0.01,0.409,0.034,0.205,17.027,43.627,33.866,24.638,234.17,NaN,0.95046,NaN,NaN,NaN,NaN,21.811,0,365,0.86,801
91,-34.165,-73.089,0.090383,0.0037084,0.037545,0.2043,22,22,14,33,14,123,NaN,17.607,17.572,34.542,34.539,1.8219,1.7197,228.7,228.95,NaN,NaN,NaN,NaN,NaN,NaN,NaN,NaN,NaN,NaN,NaN,NaN,NaN,NaN,NaN,NaN,NaN,0.27527,0.069,0.724,0.559,0.432,17.608,44.79,34.38,24.893,229.39,NaN,0.82761,NaN,NaN,NaN,NaN,12.654,0,365,0.45,778
92,-33.685,-71.986,0.16778,0.0027982,0.090311,0.35652,13,11,13,10,13,125,NaN,15.798,15.395,34.558,34.563,4.9338,4.9338,243.38,212.55,NaN,NaN,NaN,NaN,NaN,NaN,NaN,NaN,NaN,NaN,NaN,NaN,NaN,NaN,NaN,NaN,NaN,0.10977,0.039,0.795,0.11,0.49,15.912,43.143,34.395,25.302,245.32,NaN,2.258,NaN,NaN,NaN,NaN,1.5687,0,365,0.34,775
94,-32.941,-84.101,0.036775,0.0012316,0.011402,0.075528,61,44,58,58,53,297,267,21.136,16.776,34.845,34.539,0.066985,0.5283,218.9,267.78,-0.7602,-0.7602,NaN,NaN,NaN,NaN,NaN,NaN,NaN,NaN,NaN,NaN,NaN,NaN,NaN,NaN,NaN,NaN,0.001,0.2425,0.029,0.103,21.122,48.667,34.683,24.219,219.01,0,0.1473,0.000223,0.000924,1.6696,0.11418,27.503,0,365,0.97,734
95,-31.849,-91.757,0.025981,0.0010437,0.004732,0.049866,93,24,92,46,54,201,199,22.433,16.19,35.105,34.746,0.082653,0.40727,210.87,247.42,0.77447,0.40859,NaN,NaN,NaN,NaN,NaN,NaN,NaN,NaN,NaN,NaN,NaN,NaN,NaN,NaN,NaN,NaN,0,0.2235,0.08,0.408,22.426,50.318,34.934,24.048,211.15,0.006109,0.10955,0.000142,0.000446,1.598,0.085252,34.373,0,365,0.95,727
96,-30.211,-98.701,0.022109,0.0010206,0.0024665,0.03413,136,48,148,57,75,383,334,23.804,18.117,35.941,35.498,0,0.25646,203.81,220.58,-0.28429,-0.54971,NaN,0.181,NaN,0.5315,18.126,46.485,35.333,25.502,220.19,0,0.16673,0.000133,0.00045,1.8477,0.063907,NaN,0,0.1575,NaN,0.5305,23.853,52.888,35.767,24.266,204.57,0.47141,0.080339,0.000114,0.000323,1.5029,0.061437,36.804,0,365,0.71,722
97,-28.169,-107.49,0.02215,0.0015817,0.0022839,0.036984,125,63,175,73,88,462,267,24.594,18.111,36.288,35.501,0.0082446,0.2288,200.51,216.46,2.1675,1.116,0.03925,0.1725,0.12225,0.5065,18.478,46.966,35.429,25.491,214.77,0.34958,0.1476,0.000115,0.000323,1.8245,0.051942,NaN,0.0005,0.121,0.035,0.567,24.716,54.18,36.049,24.221,200.81,0.10791,0.065128,0.000113,0.000307,1.5108,0.058659,31.426,0,365,0.4,717
98,-25.977,-111.26,0.021943,0.0011711,0.0024158,0.03731,123,69,184,79,109,485,431,25.081,20.36,36.566,36.054,0.010461,0.16094,200.63,211.34,-1.812,-1.812,NaN,NaN,NaN,NaN,20.213,49.273,35.862,25.372,208.82,0,0.11549,0.000115,0.000307,1.7952,0.047609,NaN,0.000563,0.1815,0.05125,0.38588,25.181,55.152,36.402,24.346,200.41,0,0.060509,0.000118,0.000331,1.4574,0.052308,33.944,0,365,0,707
99,-21.149,-104.8,0.025986,0.0013949,0.003289,0.042472,109,67,145,75,107,385,386,23.79,19.38,36.3,35.741,0.040949,0.25646,204.43,218.21,-1.7111,-1.8419,NaN,NaN,NaN,NaN,NaN,NaN,NaN,NaN,NaN,NaN,NaN,NaN,NaN,NaN,NaN,NaN,0.006,0.2975,0.0315,0.558,23.889,53.416,36.138,24.539,203.38,0,0.091415,0.000137,0.000441,1.4902,0.086569,36.705,0,365,0.3,704
100,-13.101,-96.185,0.041777,0.0019173,0.011546,0.085252,53,43,56,53,52,301,149,25.252,19.973,36.004,35.637,0.29781,0.38424,200.8,224.41,4.7352,1.1855,0.1635,0.7785,5.6545,1.8815,22.597,51.43,35.642,24.528,216.68,4.2292,0.25819,0.000259,0.001199,2.0704,0.13843,NaN,0.137,0.67725,6.1625,1.1502,25.349,54.562,35.829,23.861,201.01,5.0053,0.22767,0.000227,0.000976,1.7789,0.12825,23.906,0,365,0.9,709
102,-5.2135,-85.186,0.054738,0.0018389,0.02234,0.11187,42,31,42,45,13,445,43,24.708,19.99,34.895,35,0.40603,0.68548,205.19,116.44,13.033,16.189,1.202,1.8615,24.364,10.505,19.781,47.576,34.884,24.729,105,18.725,0.36524,0.000305,0.001499,2.897,0.16255,NaN,0.3285,1.0257,12.822,5.0442,24.959,52.714,34.765,23.177,204.42,13.011,0.26441,0.000256,0.001162,2.076,0.14098,24.141,0,365,0.85,718
106,-0.014871,-84.537,0.044078,0.0012361,0.017275,0.10687,45,19,51,43,13,344,60,25.503,21.816,34.693,35.118,0.23547,0.35744,193.63,140.3,5.7748,9.3107,0.31738,0.77663,9.3131,5.7527,23.45,51.116,34.724,23.595,165.27,8.2761,0.24379,0.000209,0.000887,2.1144,0.11278,NaN,0.15125,0.57312,5.5566,3.5951,25.703,53.149,34.517,22.762,194.91,6.0471,0.21704,0.000209,0.000893,1.8878,0.11185,26.266,0,365,0,727
109,1.7544,-84.518,NaN,NaN,NaN,NaN,NaN,10,30,59,13,395,63,27.629,25.985,33.539,34.622,0.31035,0.47857,199.59,196.16,1.0855,5.5276,0.111,0.50475,4.638,3.225,26.019,53.429,34.476,22.634,199.83,4.369,0.3297,0.000253,0.001173,2.0488,0.15011,NaN,0.0455,0.2865,0.8935,1.7085,27.497,53.526,33.472,21.409,199.69,1.6736,0.27201,0.000248,0.00114,1.9008,0.13885,NaN,0,365,0.68,732
110,-1.893,-84.535,0.048999,0.0017467,0.01782,0.10897,43,30,41,74,13,369,69,23.87,23.38,35.185,35.134,0.33644,0.40727,189.98,173.79,7.2139,7.3815,0.414,0.9295,10.701,5.407,22.04,50.13,35.113,24.318,145.08,10.202,0.28203,0.000213,0.000836,2.184,0.10654,NaN,0.31925,0.77275,8.287,3.8635,23.888,51.932,35.012,23.684,191.91,8.0741,0.24618,0.000258,0.001155,1.9704,0.14446,25.347,0,365,0.81,721
111,-16.862,-100.6,0.037052,0.001427,0.0097657,0.080459,55,72,85,83,30,332,260,22.769,19.849,36.141,35.855,0.22824,0.34804,208.94,210.02,2.3021,-0.33253,0.203,0.443,1.2215,0.9285,19.783,48.582,35.696,25.354,208.55,0.85366,0.20791,0.000168,0.000546,2.0472,0.058143,NaN,0.0415,0.5,2.676,1.0325,22.782,52.036,35.983,24.742,209.1,3.15,0.155,0.000217,0.000885,1.7752,0.094739,21.475,0,365,0.02,671
112,-23.244,-129.98,0.025011,0.00093711,0.0041468,0.045795,92,134,163,142,141,1019,433,24.251,21.866,36.627,36.171,0.05461,0.21983,202.33,203.46,-0.91066,-0.91066,0.014,0.1145,0.04175,0.6935,21.949,51.125,35.904,24.928,206.43,0.4235,0.14543,0.000139,0.000392,1.7454,0.050386,NaN,0.0075,0.14225,0.02525,0.7425,24.263,54.212,36.439,24.653,201.67,0.16749,0.055382,0.000136,0.000368,1.4965,0.049122,21.346,0,365,0.98,643
113,-23.1,-134.84,0.051288,0.0069747,0.023457,0.055515,74,53,53,52,14,53,49,23.786,23.732,36.687,36.691,0.16322,0.25646,203.04,199.75,-0.51689,-0.46578,NaN,NaN,NaN,NaN,NaN,NaN,NaN,NaN,NaN,NaN,NaN,NaN,NaN,NaN,NaN,0.017432,NaN,NaN,NaN,NaN,23.791,53.801,36.515,24.851,203,0,0.1251,0.000434,0.00242,1.9109,0.11826,18.448,0,365,0.85,643
122,-9.2692,-139.21,0.03651,0.00094346,0.010821,0.075801,61,106,108,116,14,264,204,26.562,25.724,35.531,35.867,0.17955,0.30571,187.06,177.76,5.8046,4.962,0.092792,0.58293,2.6778,1.907,24.661,54.238,36.101,24.284,178.37,3.2138,0.19989,0.000169,0.000505,1.8806,0.053485,NaN,0.11925,0.56795,5.456,2.1905,26.605,55.27,35.37,23.123,187.08,5.6604,0.17714,0.000183,0.000605,1.5745,0.070035,28.027,0,365,0.2,701
123,-8.8104,-140.26,0.057209,0.0011323,0.026569,0.10775,43,97,34,119,14,261,317,26.615,26.58,35.523,35.522,0.19743,0.36301,190.39,189.5,5.0506,5.3807,1.4688,0.6607,5.4417,1.1838,21.974,51.121,35.877,24.896,158.18,5.0046,0,0.000138,0.000202,1.9558,0.030607,NaN,0.14425,0.53495,4.9015,2.2205,26.587,55.23,35.355,23.117,189.67,4.8051,0.18121,0.00021,0.000726,1.6384,0.10922,23.436,0,365,0.01,703
125,-8.8103,-142.53,0.044683,0.0010887,0.015416,0.095454,49,92,38,106,16,263,224,26.87,26.793,35.589,35.583,0.43619,0.49902,187.54,187.56,5.1834,3.9412,NaN,NaN,NaN,NaN,NaN,NaN,NaN,NaN,NaN,NaN,NaN,NaN,NaN,NaN,NaN,NaN,0.1945,0.55725,3.7335,1.8048,26.806,55.563,35.427,23.101,187.33,5.4601,0.17807,0.000211,0.000687,1.6454,0.086422,26.555,0,365,0.72,706
126,-11.877,-151.16,0.034251,0.0011453,0.008859,0.073885,63,41,58,264,55,277,259,26.737,26.503,36.105,36.301,0.12536,0.40016,188.67,189.51,1.6853,1.4723,NaN,NaN,NaN,NaN,NaN,NaN,NaN,NaN,NaN,NaN,NaN,NaN,NaN,NaN,NaN,NaN,0.038,0.3585,1.7335,1.262,26.69,56.18,35.961,23.541,188.63,0,0.16077,0.000221,0.000795,1.5414,0.073123,30.442,0,365,0.01,710
128,-0.35999,-153.39,0.042398,0.0010492,0.016603,0.10194,47,22,43,113,15,376,298,26.207,26.08,35.282,35.302,0.18593,0.46445,179.79,176.38,4.5449,4.6805,0.2835,0.54925,5.264,2.7405,26.139,54.484,35.147,23.103,177.67,3.0007,0.28262,0.000235,0.000797,1.7084,0.10466,NaN,0.2715,0.53975,5.0815,2.668,26.218,54.528,35.129,23.063,180.67,2.9641,0.25349,0.000239,0.000826,1.6824,0.10941,29.203,0,365,0.48,727
129,5.0887,-153.67,0.039981,0.0013062,0.011857,NaN,NaN,64,73,112,36,171,131,28.291,28.013,34.856,34.962,0.11195,0.34639,185.87,175.65,-1.3666,-0.42897,0.6895,0.332,1.1285,1.448,28.308,56.301,34.799,22.149,183.16,0,0.21408,0.0002,0.00062,1.6838,0.078943,NaN,0.042,0.225,0.4145,1.3695,28.295,56.184,34.749,22.11,185.28,0,0.21374,0.000197,0.000595,1.6001,0.081837,NaN,0,365,0.96,732
130,11.24,-152.36,0.030005,0.0015294,0.0060316,0.064782,71,48,92,78,79,540,104,27.484,21.723,34.638,35.116,0.044003,0.25796,187.81,176.64,-3.1741,-2.8573,NaN,NaN,NaN,NaN,NaN,NaN,NaN,NaN,NaN,NaN,NaN,NaN,NaN,NaN,NaN,NaN,0.0075,0.186,NaN,0.645,27.502,54.971,34.482,22.167,187.24,0,0.11074,0.000197,0.000517,1.4089,0.053608,28.789,0,365,0.99,733
131,22.68,-157.87,0.032776,0.0015037,0.0068214,0.058224,78,18,135,80,95,784,462,26.163,22.118,35.462,35.474,0.042444,0.17872,195.22,201.84,-1.8332,-2.6385,0.01,0.0172,0.006,1.6413,22.308,50.721,35.306,24.368,204.17,0,0.11445,0.000181,0.000443,1.6725,0.052262,NaN,0.0015,0.0457,0.018,1.0473,26.275,54.787,35.273,23.153,194.93,0,0.097229,0.000222,0.000731,1.3228,0.078116,34.587,0,365,0.06,719
132,31.462,-159.01,0.029842,0.0010976,0.0066,0.076486,60,51,112,61,58,533,531,25.096,15.793,35.352,34.586,0.03897,0.24256,197.52,229.29,-0.43746,-1.7656,0.017,0.1252,0.047,4.4468,15.321,42.617,34.396,25.439,222.94,0,0.15869,0.000181,0.000357,1.9107,0.049509,NaN,0.002,0.0062,0.01,2.4278,25.165,53.503,35.19,23.435,197.72,0,0.10156,0.000186,0.000397,1.3971,0.052276,25.319,0,365,0.54,707
133,35.338,-127.67,0.051619,0.0020865,0.020838,0.099819,41,11,39,41,33,532,95,19.079,15.324,33.251,33.359,0.044529,0.64503,224.56,262.92,-0.23175,-1.3752,0.06,0.43225,0.92875,2.6572,13.875,39.909,33.208,24.827,236.16,1.1854,0.38971,0.000356,0.00146,2.6837,0.20915,NaN,0.002,0.2925,0.011,1.9547,19.292,44.925,33.114,23.506,223.23,0,0.15753,0.000331,0.001284,1.8181,0.15651,14.012,0,365,0.67,674
134,32.65,-121.9,NaN,NaN,NaN,0.11477,32,31,13,41,13,631,39,17.303,17.303,33.614,33.614,0.37252,0.37252,226.02,226.11,-1.6663,-1.2241,NaN,NaN,NaN,NaN,NaN,NaN,NaN,NaN,NaN,NaN,NaN,NaN,NaN,NaN,NaN,NaN,0.015167,0.28858,0.029292,1.2233,17.462,43.585,33.468,24.229,226.89,0,0.25309,0.000331,0.001278,2.1733,0.18806,9.1704,0,365,0.25,671
135,33.003,-121.69,0.062428,0.0018765,0.040049,0.12057,34,17,30,43,13,511,38,17.588,17.416,33.641,33.648,0.33645,0.45036,226.92,226.77,-0.81063,-0.073954,0.12821,0.37033,1.011,1.6152,16.27,42.407,33.418,24.465,226.27,0.065956,0.26776,0.000396,0.001691,2.4136,0.19481,NaN,0.015167,0.28858,0.029292,1.2233,17.337,43.433,33.441,24.238,228.24,0,0.23614,0.000324,0.001214,2.1523,0.1911,8.1655,0,365,0.16,669
136,17.056,-118.81,0.04332,0.001126,0.015384,0.10169,43,17,47,57,13,244,53,24.619,24.388,34.689,34.691,0.17798,0.47333,201.77,184.89,0.037429,-0.014398,NaN,NaN,NaN,NaN,NaN,NaN,NaN,NaN,NaN,NaN,NaN,NaN,NaN,NaN,NaN,NaN,0.0145,0.3115,0.242,1.7995,24.612,52.033,34.525,23.099,201.52,0,0.18444,0.00025,0.000789,1.6392,0.15044,18.009,0,365,0.31,671
137,14.178,-116.58,0.051574,0.001643,0.018468,0.10791,42,20,34,39,16,206,39,26.416,22.812,34.026,34.471,0.24623,0.62296,195.54,164.78,3.0774,3.8961,0.3055,0.884,6.0475,4.661,20.586,47.78,34.366,24.141,123.2,7.3128,0.36672,0.000333,0.001374,2.3946,0.19797,NaN,0.067,0.456,2.444,2.538,26.479,53.022,33.848,22.015,195.77,3.7408,0.25167,0.000283,0.001028,1.7558,0.17587,21.311,0,365,0.51,681
138,6.2943,-102.86,NaN,NaN,NaN,NaN,NaN,11,54,51,17,123,54,26.66,21.875,33.581,34.706,0.040949,0.39137,196.45,127.07,0.414,6.9002,0.464,1.108,12.904,8.073,17.292,44.848,34.664,25.195,41.525,25.65,0.21994,0.000202,0.000433,2.3888,0.12968,NaN,0.003,0.1575,0.002,1.1855,26.606,52.694,33.52,21.729,196.2,0.80392,0.12536,0.000222,0.000574,1.4443,0.12307,NaN,0,365,1,706
139,6.4369,-95.01,NaN,NaN,NaN,NaN,NaN,15,21,26,14,194,27,26.268,22.532,33.404,34.203,0.6484,0.69465,198.88,118.73,2.8815,8.165,NaN,NaN,NaN,NaN,NaN,NaN,NaN,NaN,NaN,NaN,NaN,NaN,NaN,NaN,NaN,NaN,0.0995,0.55525,4.4982,3.454,26.397,52.041,33.205,21.557,183.94,2.9693,0.34842,0.000378,0.001655,1.9084,0.23361,NaN,0,365,0.77,705
140,7.3736,-79.278,0.050018,0.0019899,0.017522,0.1076,39,11,22,36,13,222,39,26.529,26.559,29.129,31.407,0.091823,0.50093,205.55,177.02,-1.0519,-0.93765,NaN,NaN,NaN,NaN,NaN,NaN,NaN,NaN,NaN,NaN,NaN,NaN,NaN,NaN,NaN,NaN,0.0043,0.09345,0.00275,0.63375,26.556,46.199,28.923,18.286,205.41,0,0.18227,0.000338,0.001272,1.7827,0.19184,14.686,0,365,0.14,702
141,9.7619,-80.044,NaN,NaN,NaN,0.058692,76,10,38,66,13,488,968,27.321,27.025,34.819,35.919,0.12533,0.17791,194.81,185.17,-2.0278,0.15261,NaN,NaN,NaN,NaN,NaN,NaN,NaN,NaN,NaN,NaN,NaN,NaN,NaN,NaN,NaN,NaN,0.00205,0.0132,0.0005,1.1195,27.167,55.076,34.805,22.518,195.5,0,0.094165,0.000367,0.001458,1.8217,0.19417,NaN,0,365,0.33,694
142,25.478,-88.341,0.042511,0.00085914,0.017563,0.086033,49,162,56,172,1962,618,NaN,25.014,25.013,36.373,36.37,0.18483,0.21249,195.1,194.21,NaN,NaN,0.0175,NaN,0.0615,1.168,24.962,54.67,36.179,24.253,193.38,0,0.11491,0.000219,0.000478,1.6817,0.13374,NaN,0.0195,0.003,0.049,1.218,24.985,54.64,36.177,24.236,195.54,0,0.12346,0.000225,0.000518,1.6049,0.15607,17.398,0,365,1,639
143,29.596,-79.521,0.043243,0.00070705,0.019308,0.093115,42,62,43,111,15,480,109,25.025,25.048,36.41,36.417,0.12681,0.15748,193.82,193.11,0.80341,0.73723,0.0415,0.001,0.0565,1.23,24.828,54.545,36.221,24.319,194.38,0.58004,0.096165,0.000233,0.000495,1.6986,0.13261,NaN,0.018,0.0065,0.061,1.256,24.812,54.51,36.219,24.32,194.68,0.4923,0.09842,0.000231,0.000481,1.7168,0.13237,11.091,0,365,0.49,628
144,36.316,-72.719,0.043632,0.00096315,0.021344,0.10152,39,66,14,77,1044,791,613,22.562,22.566,36.583,36.583,0.19743,0.18188,202.49,202.27,-0.18491,0.62947,NaN,NaN,NaN,NaN,NaN,NaN,NaN,NaN,NaN,NaN,NaN,NaN,NaN,NaN,NaN,NaN,0.01375,0,NaN,1.1433,22.939,52.733,36.395,25.01,199.81,1.0372,0.13211,0.000259,0.000723,1.8304,0.097145,11.425,0,365,0.35,619
145,39.202,-70.029,0.060259,0.00097161,0.040805,0.11876,30,97,13,123,14,210,125,14.078,14.089,35.313,35.314,0.32296,0.30814,234.86,234.67,6.7681,4.5008,NaN,NaN,NaN,NaN,NaN,NaN,NaN,NaN,NaN,NaN,NaN,NaN,NaN,NaN,NaN,NaN,0.093,0.33275,3.7925,2.4143,13.994,42.064,35.122,26.283,236.79,5.0131,0.16982,0.000262,0.000584,2.5151,0.13222,7.7705,0,365,0.72,615
147,33.02,-66.486,0.040977,0.00089311,0.017454,0.08792,46,228,13,242,13,242,289,20.142,20.145,36.746,36.746,0.20802,0.21249,214.14,213.14,0.10933,0.94013,NaN,NaN,NaN,NaN,NaN,NaN,NaN,NaN,NaN,NaN,NaN,NaN,NaN,NaN,NaN,NaN,0.218,0.001,0.4035,0.797,20.151,49.995,36.575,25.924,213.35,0.67688,0.1004,0.000253,0.00064,1.713,0.10334,14.735,0,365,0.13,666
148,31.65,-64.193,0.043923,0.00061659,0.023959,0.095409,42,104,53,177,14,183,338,20.465,20.384,36.77,36.773,0.11532,0.25476,213.87,212.53,0.22377,0.55696,NaN,NaN,NaN,NaN,NaN,NaN,NaN,NaN,NaN,NaN,NaN,NaN,NaN,NaN,NaN,NaN,0.093,0.0015,0.1505,0.728,20.481,50.371,36.597,25.852,213.69,1.0099,0.1209,0.00023,0.000469,1.6741,0.1019,14.69,0,365,0.07,680
149,34.084,-49.792,0.051216,0.00093295,0.027227,0.096398,45,151,33,171,14,748,165,18.735,18.735,36.58,36.579,0.22713,0.25646,220.22,219.52,-1.9507,-1.7039,NaN,NaN,NaN,NaN,NaN,NaN,NaN,NaN,NaN,NaN,NaN,NaN,NaN,NaN,NaN,NaN,NaN,NaN,NaN,NaN,18.826,48.409,36.413,26.147,220.95,0.80803,0.1564,0.000298,0.000932,1.7345,0.12776,18.845,0,365,0.54,688
150,35.815,-37.232,0.051292,0.0011687,0.027424,0.10107,44,75,33,92,15,632,90,17.582,17.579,36.484,36.483,0.22332,0.31035,228.77,228.25,-2.4639,-2.5696,0.04,0,0.1745,0.8423,17.586,46.987,36.285,26.361,229.1,0.61356,0.21402,0.000294,0.00089,1.7902,0.1348,NaN,0.0355,0.0055,0.1695,0.8358,17.627,47.015,36.285,26.349,229.37,0.12085,0.191,0.000302,0.000941,1.7902,0.13572,19.167,0,365,0.89,695
151,36.136,-28.988,0.039176,0.00064958,0.021252,0.077308,57,54,68,118,14,699,993,17.272,16.873,36.413,36.375,0.044205,0.19743,231.32,231.66,1.5534,0.32722,0.0415,0.022,0.142,0.6335,16.747,46.025,36.182,26.485,228.12,1.0058,0.16463,0.000244,0.00054,1.9009,0.085486,NaN,0.019,0.0125,NaN,0.6545,17.303,46.616,36.23,26.386,232.29,0.29602,0.11169,0.000244,0.00054,1.7618,0.091222,23.803,0,365,0.98,704
152,43.615,-16.758,0.055665,0.0013586,0.02504,0.12302,34,156,26,505,14,523,521,14.276,14.27,36.155,36.154,0.28258,0.37453,243.26,242.36,2.4254,1.663,NaN,NaN,NaN,NaN,NaN,NaN,NaN,NaN,NaN,NaN,NaN,NaN,NaN,NaN,NaN,NaN,0.3105,0.1595,2.159,1.236,14.317,43.318,35.992,26.886,242.84,3.2092,0.19149,0.000268,0.00065,1.9311,0.12167,12.194,0,365,0.1,727
153,44.025,-16.54,0.046319,0.00046936,0.029695,0.14372,29,104,44,3,211,156,221,14.112,14.004,36.113,36.109,0.13042,0.31339,242.67,241.86,2.0482,2.3102,NaN,NaN,NaN,NaN,NaN,NaN,NaN,NaN,NaN,NaN,NaN,NaN,NaN,NaN,NaN,NaN,NaN,NaN,NaN,NaN,NaN,NaN,NaN,NaN,NaN,NaN,NaN,NaN,NaN,NaN,NaN,NaN,NaN,NaN,NaN,NaN
155,54.558,-16.86,0.045613,0.0014948,0.017012,0.097462,46,26,13,26,13,511,513,11.104,11.117,35.508,35.513,0.73758,0.72351,261,259.4,4.538,3.9432,0.071,0.56625,10.158,3.5544,10.79,39.192,35.335,27.075,266.47,7.1296,0.78947,0.000333,0.000525,1.8142,0.14008,NaN,0.23713,0.40186,8.0356,0.96793,11.095,39.461,35.325,27.012,271.06,4.4674,0.77215,0.000372,0.001175,1.7738,0.1558,22.163,0,365,0.99,993
157,65.676,-1.7601,0.06742,0.0024661,0.031594,0.14491,30,12,24,5,16,249,1017,6.8438,5.9796,35.136,35.155,0.27641,0.82894,315.73,321.84,1.5913,0.77672,NaN,NaN,NaN,NaN,NaN,NaN,NaN,NaN,NaN,NaN,NaN,NaN,NaN,NaN,NaN,NaN,NaN,NaN,NaN,NaN,NaN,NaN,NaN,NaN,NaN,NaN,NaN,NaN,NaN,NaN,NaN,NaN,NaN,NaN,NaN,NaN
158,67.127,0.12763,0.073797,0.0043945,0.024707,0.1688,24,10,14,7,14,46,519,7.839,6.9754,35.279,35.308,0.94051,1.077,315.47,320,4.9146,2.4548,0.309,0.70918,11.784,4.9581,6.7349,35.186,35.151,27.573,304.05,8.0639,0.76417,0.00035,0.000646,1.9463,0.16469,NaN,0.13475,0.3569,5.1155,4.0121,8.4745,36.793,35.145,27.314,311.78,5.2188,1.1743,0.00054,0.001956,1.8882,0.78997,9.1942,0,365,0.23,1440
159,68.987,2.1491,NaN,NaN,NaN,0.18266,22,20,25,3,14,86,1013,7.3609,6.9124,35.328,35.338,0.52679,1.1857,307.13,304.93,6.2488,8.1708,NaN,NaN,NaN,NaN,NaN,NaN,NaN,NaN,NaN,NaN,NaN,NaN,NaN,NaN,NaN,NaN,NaN,NaN,NaN,NaN,NaN,NaN,NaN,NaN,NaN,NaN,NaN,NaN,NaN,NaN,NaN,NaN,NaN,NaN,NaN,NaN
160,70.359,3.6316,NaN,NaN,NaN,0.13824,29,24,27,32,14,120,823,7.272,6.7648,35.346,35.358,1.0108,1.0844,304.23,301.7,8.6539,9.9934,NaN,NaN,NaN,NaN,NaN,NaN,NaN,NaN,NaN,NaN,NaN,NaN,NaN,NaN,NaN,NaN,NaN,NaN,NaN,NaN,NaN,NaN,NaN,NaN,NaN,NaN,NaN,NaN,NaN,NaN,NaN,NaN,NaN,NaN,NaN,NaN
161,72.375,3.9192,0.085882,0.0029084,0.040707,0.15559,28,38,19,3,14,1019,852,5.0487,4.8135,35.251,35.245,0.60306,2.0587,323.68,322.62,8.9562,7.5624,NaN,NaN,NaN,NaN,NaN,NaN,NaN,NaN,NaN,NaN,NaN,NaN,NaN,NaN,NaN,NaN,NaN,NaN,NaN,NaN,NaN,NaN,NaN,NaN,NaN,NaN,NaN,NaN,NaN,NaN,NaN,NaN,NaN,NaN,NaN,NaN
162,74.165,3.9087,0.088469,0.0031315,0.047495,0.1642,28,22,16,26,13,1016,715,2.15,2.0809,35.074,35.074,0.76904,1.3626,354.26,349.28,10.269,7.8056,NaN,NaN,NaN,NaN,NaN,NaN,NaN,NaN,NaN,NaN,NaN,NaN,NaN,NaN,NaN,NaN,NaN,NaN,NaN,NaN,NaN,NaN,NaN,NaN,NaN,NaN,NaN,NaN,NaN,NaN,NaN,NaN,NaN,NaN,NaN,NaN
163,76.161,1.7172,0.26336,0.0031292,0.23299,0.53938,8,19,14,25,14,91,996,1.9546,1.9567,35.058,35.06,6.9152,7.3065,362.99,361.23,4.1099,3.4588,NaN,NaN,NaN,NaN,NaN,NaN,NaN,NaN,NaN,NaN,NaN,NaN,NaN,NaN,NaN,NaN,0.101,0.29048,2.7725,4.1853,1.8996,30.603,34.889,27.89,363,4.9807,2.7801,0.000522,0.00189,2.2589,0.98557,0.3342,0,365,0.01,1440
167,71.015,38.703,0.065265,0.0020833,0.037578,0.16092,29,23,31,33,26,57,216,8.7639,5.4335,34.907,34.984,0.29263,1.3471,290.07,312.94,-4.3857,-5.0355,NaN,NaN,NaN,NaN,NaN,NaN,NaN,NaN,NaN,NaN,NaN,NaN,NaN,NaN,NaN,NaN,NaN,NaN,NaN,NaN,NaN,NaN,NaN,NaN,NaN,NaN,NaN,NaN,NaN,NaN,NaN,NaN,NaN,NaN,NaN,NaN
168,72.556,44.101,0.074999,0.0030681,0.03883,0.13686,33,19,28,35,36,245,103,7.2287,5.8808,35.088,35.139,0.20847,1.2748,299.54,313.44,-4.4259,-3.6721,0.063,0.098435,0.821,1.1353,3.8245,32.396,34.975,27.785,326.36,0,1.1063,0.000427,0.001154,2.4548,0.24804,NaN,0,0,0.0595,1.7251,7.4877,35.669,34.923,27.289,299.01,0,0.82534,0.000607,0.002388,2.1029,0.38855,17.143,0,365,0.37,1440
169,74.38,47.207,0.047367,0.0018068,0.018805,0.11502,38,11,47,41,42,210,63,4.6467,1.9552,35.072,35.095,0,0.36638,319.04,350.87,3.8278,-0.57162,NaN,NaN,NaN,NaN,NaN,NaN,NaN,NaN,NaN,NaN,NaN,NaN,NaN,NaN,NaN,NaN,NaN,NaN,NaN,NaN,NaN,NaN,NaN,NaN,NaN,NaN,NaN,NaN,NaN,NaN,NaN,NaN,NaN,NaN,NaN,NaN
170,75.94,51.869,0.051233,0.0014626,0.020862,0.0982,44,17,34,170,32,173,66,3.4333,1.284,35.047,35.117,0.043659,0.27296,330.6,362.6,-3.1698,0.32002,NaN,NaN,NaN,NaN,NaN,NaN,NaN,NaN,NaN,NaN,NaN,NaN,NaN,NaN,NaN,NaN,NaN,NaN,NaN,NaN,NaN,NaN,NaN,NaN,NaN,NaN,NaN,NaN,NaN,NaN,NaN,NaN,NaN,NaN,NaN,NaN
171,77.589,58.603,NaN,NaN,NaN,0.11189,37,13,35,5,23,183,185,1.207,-0.53713,34.9,34.923,0.032021,0.20058,356.59,368.24,0.47992,2.4655,NaN,NaN,NaN,NaN,NaN,NaN,NaN,NaN,NaN,NaN,NaN,NaN,NaN,NaN,NaN,NaN,NaN,NaN,NaN,NaN,NaN,NaN,NaN,NaN,NaN,NaN,NaN,NaN,NaN,NaN,NaN,NaN,NaN,NaN,NaN,NaN
172,77.95,67.998,NaN,NaN,NaN,0.10188,42,13,32,33,22,82,47,-0.43219,-1.4946,33.965,34.33,0.09613,3.5106,383.37,391.62,1.3491,2.5082,NaN,NaN,NaN,NaN,NaN,NaN,NaN,NaN,NaN,NaN,NaN,NaN,NaN,NaN,NaN,NaN,NaN,NaN,NaN,NaN,NaN,NaN,NaN,NaN,NaN,NaN,NaN,NaN,NaN,NaN,NaN,NaN,NaN,NaN,NaN,NaN
173,78.946,79.383,NaN,NaN,NaN,0.11803,39,10,47,19,14,47,46,-0.4215,-1.3022,33.688,34.592,0.036924,3.7098,390.28,352.04,3.742,6.0883,0.026,0.20907,1.709,0.23177,-1.2983,27.545,34.454,27.722,350.88,4.316,1.968,0.000833,0.003946,3.1528,0.53636,4.1662,0.0015,0.056871,0.441,0.27308,-0.16031,27.864,33.614,26.994,385.28,2.0996,0.41707,0.000511,0.001722,2.2849,0.16857,21.075,3.451,304,0,1440
174,79.032,71.632,NaN,NaN,NaN,0.10501,42,14,36,24,19,100,38,0.69395,-0.93789,34.116,34.692,0.07764,4.7159,367.56,354.11,6.5866,2.0596,NaN,NaN,NaN,NaN,NaN,NaN,NaN,NaN,NaN,NaN,NaN,NaN,NaN,NaN,NaN,NaN,NaN,NaN,NaN,NaN,NaN,NaN,NaN,NaN,NaN,NaN,NaN,NaN,NaN,NaN,NaN,NaN,NaN,NaN,NaN,NaN
175,79.226,66.548,0.064972,0.0027051,0.023298,0.15262,28,25,15,34,13,322,377,1.1676,1.1159,34.422,34.422,2.0178,2.5869,380.42,379.38,4.3382,2.8373,NaN,NaN,NaN,NaN,NaN,NaN,NaN,NaN,NaN,NaN,NaN,NaN,NaN,NaN,NaN,NaN,0.001,0.063634,0.3685,0.52306,1.3657,29.612,34.265,27.429,369.29,2.1505,1.0195,0.000593,0.00229,2.1344,0.34641,12.008,0,300,0.05,1440
176,77.747,65.438,0.052402,0.0018886,0.026249,0.11101,40,15,47,24,17,276,NaN,1.9934,-1.0159,34.493,34.831,0.0029294,1.6385,354.87,336.43,NaN,NaN,NaN,NaN,NaN,NaN,NaN,NaN,NaN,NaN,NaN,NaN,NaN,NaN,NaN,NaN,NaN,NaN,NaN,NaN,NaN,NaN,NaN,NaN,NaN,NaN,NaN,NaN,NaN,NaN,NaN,NaN,NaN,NaN,NaN,NaN,NaN,NaN
177,77.879,71.747,0.044109,0.0012567,0.016778,0.097085,46,14,83,25,28,310,NaN,0.89089,-0.92542,34.027,34.878,0,0.29978,352.71,324.65,NaN,NaN,NaN,NaN,NaN,NaN,NaN,NaN,NaN,NaN,NaN,NaN,NaN,NaN,NaN,NaN,NaN,NaN,NaN,NaN,NaN,NaN,NaN,NaN,NaN,NaN,NaN,NaN,NaN,NaN,NaN,NaN,NaN,NaN,NaN,NaN,NaN,NaN
178,77.188,73.195,0.04706,0.0018186,0.017384,0.11081,40,24,27,46,42,203,NaN,1.4964,1.2112,34.475,34.507,0.165,0.21375,347.47,351.43,NaN,NaN,NaN,NaN,NaN,NaN,NaN,NaN,NaN,NaN,NaN,NaN,NaN,NaN,NaN,NaN,NaN,NaN,0.008333,0.047034,0.278,0.24415,1.3258,29.52,34.142,27.333,348.2,NaN,0.11926,0.000365,0.000714,2.1579,0.14963,19.249,0,305,0.43,1440
179,75.542,74.574,NaN,NaN,NaN,NaN,NaN,NaN,NaN,NaN,NaN,NaN,NaN,NaN,NaN,NaN,NaN,NaN,NaN,NaN,NaN,NaN,NaN,NaN,NaN,NaN,NaN,NaN,NaN,NaN,NaN,NaN,NaN,NaN,NaN,NaN,NaN,NaN,NaN,NaN,NaN,NaN,NaN,NaN,NaN,NaN,NaN,NaN,NaN,NaN,NaN,NaN,NaN,NaN,NaN,NaN,NaN,NaN,NaN
180,74.803,76.158,0.2488,0.0022673,0.24306,0.60317,7,10,34,5,23,34,NaN,-1.0018,-1.7723,29.384,33.908,0.36266,1.0967,368.14,315.55,NaN,NaN,0.0355,0.38318,1.3918,5.7841,-1.2923,27.361,34.191,27.509,360.61,NaN,0.60281,0.000516,0.001753,4.4361,0.17778,NaN,0.014667,0.2383,0.24733,11.776,2.5079,21.008,22.98,18.339,357.16,NaN,0.54745,0.000856,0.004105,19.191,0.30877,0.8965,0,290,0.75,1440
181,73.979,77.096,0.33661,0.0029128,0.41042,0.53626,8,10,8,10,10,20,NaN,0.70069,4.3001,22.01,14.871,0.34638,NaN,361.13,338.88,NaN,NaN,NaN,NaN,NaN,NaN,NaN,NaN,NaN,NaN,NaN,NaN,NaN,NaN,NaN,NaN,NaN,NaN,NaN,NaN,NaN,NaN,NaN,NaN,NaN,NaN,NaN,NaN,NaN,NaN,NaN,NaN,NaN,NaN,NaN,NaN,NaN,NaN
182,75.967,78.627,0.068301,0.0019051,0.055259,0.13152,32,10,54,3,17,54,NaN,0.96264,-1.7784,32.87,34.4,0.017493,0.59394,369.86,336.75,NaN,NaN,NaN,NaN,NaN,NaN,NaN,NaN,NaN,NaN,NaN,NaN,NaN,NaN,NaN,NaN,NaN,NaN,NaN,NaN,NaN,NaN,NaN,NaN,NaN,NaN,NaN,NaN,NaN,NaN,NaN,NaN,NaN,NaN,NaN,NaN,NaN,NaN
183,77.463,75.762,NaN,NaN,NaN,0.10643,36,11,43,19,37,226,NaN,3.4651,0.14579,34.201,34.627,0.12363,0.57603,323.15,347.42,NaN,NaN,NaN,NaN,NaN,NaN,NaN,NaN,NaN,NaN,NaN,NaN,NaN,NaN,NaN,NaN,NaN,NaN,NaN,NaN,NaN,NaN,NaN,NaN,NaN,NaN,NaN,NaN,NaN,NaN,NaN,NaN,NaN,NaN,NaN,NaN,NaN,NaN
184,79.773,69.665,NaN,NaN,NaN,0.10071,38,20,32,30,25,61,NaN,2.9053,-0.90559,34.243,34.702,0.074535,0.4642,324.32,364.48,NaN,NaN,NaN,NaN,NaN,NaN,NaN,NaN,NaN,NaN,NaN,NaN,NaN,NaN,NaN,NaN,NaN,NaN,NaN,NaN,NaN,NaN,NaN,NaN,NaN,NaN,NaN,NaN,NaN,NaN,NaN,NaN,NaN,NaN,NaN,NaN,NaN,NaN
185,79.674,60.834,NaN,NaN,NaN,0.13093,30,19,33,27,22,107,NaN,2.5864,-0.53467,34.545,34.721,0.056328,1.4172,333.33,349.53,NaN,NaN,NaN,NaN,NaN,NaN,NaN,NaN,NaN,NaN,NaN,NaN,NaN,NaN,NaN,NaN,NaN,NaN,NaN,NaN,NaN,NaN,NaN,NaN,NaN,NaN,NaN,NaN,NaN,NaN,NaN,NaN,NaN,NaN,NaN,NaN,NaN,NaN
186,79.055,74.169,NaN,NaN,NaN,0.1069,35,22,39,33,30,334,NaN,3.0548,-0.16984,33.981,34.618,0.073627,1.5178,320.28,361.18,NaN,NaN,NaN,NaN,NaN,NaN,NaN,NaN,NaN,NaN,NaN,NaN,NaN,NaN,NaN,NaN,NaN,NaN,NaN,NaN,NaN,NaN,NaN,NaN,NaN,NaN,NaN,NaN,NaN,NaN,NaN,NaN,NaN,NaN,NaN,NaN,NaN,NaN
187,78.124,86.55,NaN,NaN,NaN,0.11367,32,10,25,6,13,89,NaN,1.6271,-0.53778,34.038,34.391,0.14118,0.37244,342.97,342.87,NaN,NaN,NaN,NaN,NaN,NaN,NaN,NaN,NaN,NaN,NaN,NaN,NaN,NaN,NaN,NaN,NaN,NaN,NaN,NaN,NaN,NaN,NaN,NaN,NaN,NaN,NaN,NaN,NaN,NaN,NaN,NaN,NaN,NaN,NaN,NaN,NaN,NaN
188,78.266,91.817,NaN,NaN,NaN,NaN,NaN,16,19,20,14,27,NaN,-1.6108,-1.6521,33.1,33.843,1.7215,1.9421,394.75,366.41,NaN,NaN,0.124,0.30759,1.227,0.85179,-1.6472,26.507,33.437,26.906,373.06,NaN,1.3757,0.000622,0.002469,2.9828,0.32244,0.117,0.074,0.21603,0.513,0.46565,-1.6497,26.158,32.951,26.511,388.3,NaN,1.4173,0.000604,0.002346,2.8539,0.33796,NaN,46.519,NaN,0.62,1440
189,77.924,117.02,NaN,NaN,NaN,NaN,NaN,10,21,6,13,1010,NaN,-0.30607,-0.027655,31.481,32.935,0.52036,0.93032,371.33,370.83,NaN,NaN,NaN,NaN,NaN,NaN,-0.60713,26.87,32.727,26.298,371.06,NaN,0.89279,0.000423,0.001108,4.1627,0.24159,NaN,NaN,NaN,NaN,NaN,0.10149,24.424,28.821,23.116,363.65,NaN,0.81548,0.000458,0.00135,5.496,0.21307,NaN,0,284,0.59,1214
190,73.847,145.81,NaN,NaN,NaN,NaN,NaN,NaN,5,5,6,3,NaN,NaN,1.5369,NaN,20.508,NaN,0.51561,NaN,364.24,NaN,NaN,NaN,NaN,NaN,NaN,NaN,NaN,NaN,NaN,NaN,NaN,NaN,NaN,NaN,NaN,NaN,NaN,NaN,NaN,NaN,NaN,NaN,NaN,NaN,NaN,NaN,NaN,NaN,NaN,NaN,NaN,NaN,NaN,NaN,NaN,NaN,NaN
191,71.572,160.94,NaN,NaN,NaN,NaN,NaN,20,17,19,16,8,NaN,1.4875,1.4712,28.555,28.569,0.3214,0.36032,340.4,340.55,NaN,NaN,NaN,NaN,NaN,NaN,NaN,NaN,NaN,NaN,NaN,NaN,NaN,NaN,NaN,NaN,NaN,0.078049,0.07525,1.1958,1.0633,19.646,1.4889,25.106,28.417,22.731,340.44,NaN,0.43172,0.020354,0.13886,6.4477,5.4281,NaN,0,284,0.09,936
192,70.704,166.33,NaN,NaN,NaN,0.26934,13,12,13,7,13,24,NaN,-0.33242,-0.31547,31.396,31.444,1.4378,1.1397,344.01,338.14,NaN,NaN,NaN,NaN,NaN,NaN,NaN,NaN,NaN,NaN,NaN,NaN,NaN,NaN,NaN,NaN,NaN,NaN,NaN,NaN,NaN,NaN,NaN,NaN,NaN,NaN,NaN,NaN,NaN,NaN,NaN,NaN,NaN,NaN,NaN,NaN,NaN,NaN
193,71.095,174.95,0.076035,0.0031125,0.044817,0.14171,24,17,13,25,27,35,30,2.4537,2.4578,29.169,29.17,0.57834,0.62166,339.32,339.5,-7.3889,-7.6409,NaN,NaN,NaN,NaN,NaN,NaN,NaN,NaN,NaN,NaN,NaN,NaN,NaN,NaN,NaN,0.003034,0.125,1.615,6.2695,30.15,2.4534,26.318,29.029,23.161,339.45,0,0.58652,0.000685,0.00291,2.5242,0.28696,6.2703,0,289,0.1,873
194,73.382,-168.21,NaN,NaN,NaN,NaN,NaN,25,41,4,26,74,61,-0.97426,-1.4255,19.557,31.831,0.15884,0.46626,303.4,340.29,-3.7262,-2.1438,0.441,0.86619,1.9045,5.5668,-0.98783,25.627,31.565,25.37,396.85,0,0.5443,0.000504,0.001657,3.8433,0.16266,0.45478,0.126,0.36165,0.2285,1.4243,-0.58533,23.023,27.442,22.016,368.66,0,0.4049,0.000478,0.001143,2.4176,0.17095,NaN,0,289,0.37,864
194,73.382,-168.21,NaN,NaN,NaN,NaN,NaN,25,41,4,26,74,61,-0.97426,-1.4255,19.557,31.831,0.15884,0.46626,303.4,340.29,-3.7262,-2.1438,0.441,0.86619,1.9045,5.5668,-0.98783,25.627,31.565,25.37,396.85,0,0.5443,0.000504,0.001657,3.8433,0.16266,0.45478,0.126,0.36165,0.2285,1.4243,-0.58533,23.023,27.442,22.016,368.66,0,0.4049,0.000478,0.001143,2.4176,0.17095,NaN,0,289,0.37,864
195,72.216,-159.69,NaN,NaN,NaN,NaN,NaN,14,37,11,19,43,36,1.7005,-1.5746,27.768,32.415,0.29467,1.2321,350.21,328.53,-0.72158,2.9478,NaN,NaN,NaN,NaN,NaN,NaN,NaN,NaN,NaN,NaN,NaN,NaN,NaN,NaN,NaN,NaN,NaN,NaN,NaN,NaN,NaN,NaN,NaN,NaN,NaN,NaN,NaN,NaN,NaN,NaN,NaN,NaN,NaN,NaN,NaN,NaN
196,71.903,-154.91,NaN,NaN,NaN,NaN,NaN,11,14,21,27,173,43,2.5484,2.3681,28.935,29.412,0.63606,0.58561,335.68,336.14,0.62571,0.65028,NaN,NaN,NaN,NaN,NaN,NaN,NaN,NaN,NaN,NaN,NaN,NaN,NaN,NaN,NaN,0.2105,0.0865,0.4305,0.4235,2.8229,2.5694,26.056,28.609,22.818,336.04,1.6046,0.48596,0.002363,0.014501,4.5336,0.75852,NaN,0,300.5,0.7,822
197,71.333,-148.67,NaN,NaN,NaN,NaN,NaN,10,32,5,36,244,63,0.96553,-1.0433,26.845,29.895,0.26818,0.48,366.82,388.93,2.6009,2.8821,NaN,NaN,NaN,NaN,NaN,NaN,NaN,NaN,NaN,NaN,NaN,NaN,NaN,NaN,NaN,NaN,NaN,NaN,NaN,NaN,NaN,NaN,NaN,NaN,NaN,NaN,NaN,NaN,NaN,NaN,NaN,NaN,NaN,NaN,NaN,NaN
198,71.479,-141.88,NaN,NaN,NaN,0.20605,14,12,13,10,25,236,939,1.6775,1.812,21.584,21.786,0.38945,0.40479,362.16,363.2,NaN,NaN,NaN,NaN,NaN,NaN,NaN,NaN,NaN,NaN,NaN,NaN,NaN,NaN,NaN,NaN,NaN,NaN,NaN,NaN,NaN,NaN,NaN,NaN,NaN,NaN,NaN,NaN,NaN,NaN,NaN,NaN,NaN,NaN,NaN,NaN,NaN,NaN
199,70.392,-140.29,NaN,NaN,NaN,NaN,NaN,10,14,7,18,244,390,1.5231,-0.91811,22.1,27.968,0.47804,0.30928,357.21,392.84,NaN,NaN,NaN,NaN,NaN,NaN,NaN,NaN,NaN,NaN,NaN,NaN,NaN,NaN,NaN,NaN,NaN,NaN,NaN,NaN,NaN,NaN,NaN,NaN,NaN,NaN,NaN,NaN,NaN,NaN,NaN,NaN,NaN,NaN,NaN,NaN,NaN,NaN
200,71.989,-93.534,NaN,NaN,NaN,0.11821,22,11,26,4,14,117,116,-1.4261,-1.4631,29.888,30.691,0.40825,0.76894,371.13,368.94,-8.752,-8.2252,NaN,NaN,NaN,NaN,NaN,NaN,NaN,NaN,NaN,NaN,NaN,NaN,NaN,NaN,NaN,NaN,NaN,NaN,NaN,NaN,NaN,NaN,NaN,NaN,NaN,NaN,NaN,NaN,NaN,NaN,NaN,NaN,NaN,NaN,NaN,NaN
201,74.297,-85.78,NaN,NaN,NaN,0.1359,20,11,24,29,13,506,44,-1.5328,-0.84162,31.007,31.603,0.69473,1.0277,372.16,366.71,1.6461,1.7493,0.025,0.6443,2.133,4.0872,-0.40934,26.488,31.947,25.655,343.88,5.3559,0.87949,0.000578,0.001815,3.4035,0.21237,1.521,0.0775,0.52624,1.328,2.062,-1.3299,24.772,30.702,24.678,368.52,3.7592,0.79676,0.000475,0.001221,3.0067,0.22457,2.6917,0.32616,278,0.2,657
202,73.162,-85.028,NaN,NaN,NaN,NaN,NaN,10,15,7,30,256,175,-0.58,-0.45398,29.477,30.221,0.4303,0.72607,329.59,356,0.17017,-0.99057,NaN,NaN,NaN,NaN,NaN,NaN,NaN,NaN,NaN,NaN,NaN,NaN,NaN,NaN,NaN,NaN,NaN,NaN,NaN,NaN,NaN,NaN,NaN,NaN,NaN,NaN,NaN,NaN,NaN,NaN,NaN,NaN,NaN,NaN,NaN,NaN
203,73.081,-80.367,NaN,NaN,NaN,NaN,NaN,12,31,9,13,263,265,-0.88709,-0.82775,30.271,31.425,0.18863,0.392,358.33,353.72,-3.3249,-2.9577,NaN,NaN,NaN,NaN,NaN,NaN,NaN,NaN,NaN,NaN,NaN,NaN,NaN,NaN,NaN,NaN,NaN,NaN,NaN,NaN,NaN,NaN,NaN,NaN,NaN,NaN,NaN,NaN,NaN,NaN,NaN,NaN,NaN,NaN,NaN,NaN
204,72.673,-78.466,NaN,NaN,NaN,NaN,NaN,16,24,39,13,563,66,-0.68027,0.065458,29.914,30.192,0.36192,0.43927,357.19,352.09,-3.1184,-2.6273,NaN,NaN,NaN,NaN,NaN,NaN,NaN,NaN,NaN,NaN,NaN,NaN,NaN,NaN,NaN,NaN,NaN,NaN,NaN,NaN,NaN,NaN,NaN,NaN,NaN,NaN,NaN,NaN,NaN,NaN,NaN,NaN,NaN,NaN,NaN,NaN
205,72.46,-71.892,NaN,NaN,NaN,NaN,NaN,37,26,47,16,983,51,-0.4031,-0.36742,32.176,32.186,1.2322,1.3384,352.61,352.56,-4.2922,-3.2006,NaN,NaN,NaN,NaN,NaN,NaN,NaN,NaN,NaN,NaN,NaN,NaN,NaN,NaN,NaN,NaN,0.0895,0.56057,0.411,0.29807,-0.47923,26.388,31.995,25.701,353.19,3.8809,1.1319,0.000507,0.001603,3.1127,0.2425,NaN,0,296,0.14,584
206,70.965,-53.61,NaN,NaN,NaN,NaN,NaN,16,13,58,13,249,55,1.5458,1.708,32.268,32.289,0.80958,0.80958,329.47,327.48,3.8265,3.6903,NaN,NaN,NaN,NaN,NaN,NaN,NaN,NaN,NaN,NaN,NaN,NaN,NaN,NaN,NaN,NaN,0.128,0.22088,1.2417,1.0423,1.4453,27.998,32.083,25.673,328.55,3.6151,0.77148,0.00062,0.002381,2.5154,0.25179,NaN,0.25173,356,0.56,560
207,69.208,-52.819,NaN,NaN,NaN,NaN,NaN,27,14,54,14,563,564,2.5749,2.5792,32.885,32.891,0.5336,0.63187,313.49,313.22,-1.2058,-0.94865,NaN,NaN,NaN,NaN,NaN,NaN,NaN,NaN,NaN,NaN,NaN,NaN,NaN,NaN,NaN,NaN,NaN,NaN,NaN,NaN,NaN,NaN,NaN,NaN,NaN,NaN,NaN,NaN,NaN,NaN,NaN,NaN,NaN,NaN,NaN,NaN
208,69.112,-51.533,NaN,NaN,NaN,NaN,NaN,49,13,112,13,316,342,3.2115,3.222,33.151,33.152,0.28527,0.28527,303.03,303.09,1.6791,1.9659,NaN,NaN,NaN,NaN,NaN,NaN,NaN,NaN,NaN,NaN,NaN,NaN,NaN,NaN,NaN,0.18038,0.1665,0.31207,1.916,0.8196,3.1965,30.183,32.992,26.265,303.33,1.791,0.39292,0.000459,0.001266,2.6962,0.12142,NaN,0,347,0.98,508
209,64.733,-53.05,NaN,NaN,NaN,0.15043,18,19,18,94,15,498,498,2.3863,2.6019,32.816,32.866,0.78363,0.79498,321.21,320.41,2.8488,2.5268,NaN,NaN,NaN,NaN,NaN,NaN,NaN,NaN,NaN,NaN,NaN,NaN,NaN,NaN,NaN,NaN,NaN,NaN,NaN,NaN,2.4961,29.304,32.603,26.011,323.9,6.131,0.82592,0.000526,0.00177,2.7237,0.23089,2.5451,0,365,0.81,531
210,61.537,-55.988,NaN,NaN,NaN,0.14516,16,73,23,82,14,135,95,5.3613,5.3661,34.4,34.4,0.58959,0.56533,293.4,293.04,2.9878,3.659,NaN,NaN,NaN,NaN,NaN,NaN,NaN,NaN,NaN,NaN,NaN,NaN,NaN,NaN,NaN,NaN,0.31575,0.51197,5.8035,2.2526,5.2953,33.037,34.213,27.017,293.85,8.2865,0.61364,0.000435,0.001252,2.2747,0.17634,1.7619,0,365,0.45,535
