0,0,0,0,0,0,0,0,0,1,0,0,0,0,0,0,0,0,0,0,0,0,0,0,1,0,0,0,0,0,0,0,0,0,0,0,0,0,0,0,0,0,0,0,0,172,3,0,0,0,13,1,72,0,2,3,1,13,0,0,0,0,0,0,10,0,0,0,0,0,0,0,141,1,8,10,0,0,0,0,16,0,0,0,2,0,0,2,0,0,0,0,0,0,0,0,0,0,0,5,0,1,0,0,0,0,0,0,0,0,0,0,0,0,0,0,0,0,0,0,0,0,0,0,0,0,0,0,0,0,1,0,1,0,0,0,0,0,0,0,0,0,0,0,0,0,0,0,0,0,0,0,0,0,0,0,0,0,0,0,0,0,0,0,0,1,0,0,1,35,1,0,49,102,102,328,77,0,2,0,0,0,0,0,0,2,0,0,0
0,0,0,0,0,0,0,0,0,0,0,0,0,0,0,0,0,0,0,0,0,0,0,0,0,0,0,0,0,0,0,0,0,0,0,0,0,0,0,0,0,0,0,0,0,0,0,0,0,0,0,0,0,0,0,0,0,0,0,0,0,0,0,0,0,0,0,0,0,0,0,0,0,0,0,0,0,0,0,0,0,0,0,0,0,0,0,0,0,0,0,0,0,0,0,0,0,0,0,0,0,0,0,0,0,0,0,0,0,0,0,0,0,0,0,0,0,0,0,0,0,0,0,0,0,0,0,0,0,0,0,0,0,0,0,0,0,0,0,0,0,0,0,0,0,0,0,0,0,0,0,0,0,0,0,0,0,0,0,0,0,0,0,0,0,0,0,0,0,0,0,0,0,0,0,0,0,0,0,0,0,0,0,0,0,0,0,0,0
0,0,0,0,0,0,0,0,0,0,0,0,0,0,0,0,0,0,0,0,0,0,0,0,0,0,0,0,0,0,0,0,0,0,0,0,0,0,0,0,0,0,0,0,0,0,0,0,0,0,0,0,0,0,0,0,0,0,0,0,0,0,0,0,0,0,0,0,0,0,0,0,0,0,0,0,0,0,0,0,0,0,0,0,0,0,0,0,0,0,0,0,0,0,0,0,0,0,0,0,0,0,0,0,0,0,0,0,0,0,0,0,0,0,0,0,0,0,0,0,0,0,0,0,0,0,0,0,0,0,0,0,0,0,0,0,0,0,0,0,0,0,0,0,0,0,0,0,0,0,0,0,0,0,0,0,0,0,0,0,0,0,0,0,0,0,0,0,0,0,0,0,0,0,0,0,0,0,0,0,0,0,0,0,0,0,0,0,0
0,0,0,0,0,0,2,0,0,0,0,0,0,0,0,0,0,0,0,0,0,0,0,0,2,0,0,0,0,0,0,0,0,0,0,0,0,1,0,0,0,0,0,0,0,31,4,0,0,0,17,3,0,0,0,2,0,0,0,0,0,0,0,0,4,0,0,0,0,0,0,0,10,2,0,1,0,0,0,0,1,0,0,0,3,0,0,1,0,0,0,0,1,0,0,0,1,0,1,0,0,5,0,0,0,0,0,0,0,1,0,0,0,0,0,0,0,0,1,0,12,4,17,3,0,3,0,1,1,0,0,1,1,0,0,0,0,0,1,0,0,0,0,0,0,0,0,0,0,0,0,0,0,0,0,0,0,0,0,0,0,0,0,0,0,0,0,0,0,2,3,0,39,52,9,429,59,0,2,0,0,0,0,0,0,0,0,0,0
0,0,0,0,0,0,0,0,0,0,0,0,0,0,0,0,0,0,0,0,0,0,0,0,0,0,0,0,0,0,0,0,0,0,0,0,0,0,0,0,0,0,0,0,0,0,0,0,0,0,0,0,0,0,0,0,0,0,0,0,0,0,0,0,0,0,0,0,0,0,0,0,0,0,0,0,0,0,0,0,0,0,0,0,0,0,0,0,0,0,0,0,0,0,0,0,0,0,0,0,0,0,0,0,0,0,0,0,0,0,0,0,0,0,0,0,0,0,0,0,0,0,0,0,0,0,0,0,0,0,0,0,0,0,0,0,0,0,0,0,0,0,0,0,0,0,0,0,0,0,0,0,0,0,0,0,0,0,0,0,0,0,0,0,0,0,0,0,0,0,0,0,0,0,0,0,0,0,0,0,0,0,0,0,0,0,0,0,0
0,0,0,0,0,0,0,0,0,0,0,0,0,0,0,0,0,0,0,0,0,0,0,0,0,0,0,0,0,0,0,0,0,0,0,0,0,0,0,0,0,0,0,0,0,0,0,0,0,0,0,0,0,0,0,0,0,0,0,0,0,0,0,0,0,0,0,0,0,0,0,0,0,0,0,0,0,0,0,0,0,0,0,0,0,0,0,0,0,0,0,0,0,0,0,0,0,0,0,0,0,0,0,0,0,0,0,0,0,0,0,0,0,0,0,0,0,0,0,0,0,0,0,0,0,0,0,0,0,0,0,0,0,0,0,0,0,0,0,0,0,0,0,0,0,0,0,0,0,0,0,0,0,0,0,0,0,0,0,0,0,0,0,0,0,0,0,0,0,0,0,0,0,0,0,0,0,0,0,0,0,0,0,0,0,0,0,0,0
0,0,19,2,0,0,19,38,7,1,0,0,0,0,0,0,0,1,1,0,0,22,1,156,7,0,0,0,0,0,0,0,3,0,0,0,0,0,0,0,1,0,0,0,0,166,4,0,0,1,23,0,3,0,12,3,5,69,2,0,0,0,0,16,47,0,0,8,1,43,0,2,15,13,9,19,0,0,1,2,54,0,0,1,6,0,3,48,1,3,0,3,3,0,0,5,9,0,3,4,0,0,0,0,0,0,0,0,0,0,0,0,0,0,0,0,0,2,3,0,0,0,0,0,0,1,0,0,1,0,0,0,3,0,0,0,0,0,5,0,0,3,0,0,0,0,0,0,0,0,0,0,0,0,0,0,0,0,0,0,0,0,0,0,0,7,0,0,12,102,3,0,80,82,6,507,22,0,1,3,0,0,0,0,0,2,0,0,0
0,0,9,1,1,0,10,13,26,0,0,0,0,6,1,0,1,0,0,1,0,25,1,195,2,0,0,1,0,0,0,0,4,0,0,0,0,0,0,0,3,0,0,0,1,168,8,0,0,0,22,1,0,0,14,3,2,41,1,0,0,0,0,98,20,0,0,10,0,20,2,0,11,11,6,12,0,0,0,1,32,0,0,2,7,0,1,41,1,5,0,2,1,0,0,2,30,0,7,12,0,1,0,0,0,0,0,0,0,2,0,0,0,0,0,2,1,0,3,0,0,0,0,0,0,2,0,3,5,0,1,1,2,0,1,0,0,0,1,0,0,0,0,0,1,0,0,2,0,0,0,0,0,0,0,0,0,0,5,12,0,0,0,0,0,6,4,0,8,63,4,0,85,75,1,393,26,0,1,0,0,0,0,1,0,1,0,0,0
0,0,7,0,0,0,2,4,5,2,0,0,0,3,0,0,0,1,0,3,0,0,0,128,13,0,0,0,0,0,0,0,0,0,0,0,0,0,0,0,2,0,0,0,0,123,13,0,0,3,32,0,1,0,6,2,4,48,0,0,0,0,0,34,23,0,0,11,0,25,1,1,22,4,1,9,0,0,0,0,47,0,0,1,2,0,3,20,0,1,0,5,0,0,0,3,15,2,6,1,0,1,0,0,0,0,0,0,0,1,0,0,0,0,2,0,0,0,2,0,0,0,0,0,0,1,0,1,6,0,0,0,1,0,2,1,0,0,0,0,0,0,0,0,0,1,0,0,0,0,0,0,0,0,0,0,0,1,4,16,0,0,0,0,0,7,0,0,4,13,1,0,55,112,4,159,14,0,0,1,0,0,0,0,0,1,0,0,1
0,0,7,0,1,0,8,0,9,0,0,0,0,0,0,1,0,1,0,10,0,3,0,0,25,0,0,3,0,0,0,0,0,0,0,0,0,0,0,0,2,0,0,0,0,155,7,0,0,5,52,3,2,1,1,39,18,111,2,1,0,0,0,19,72,0,0,20,0,6,6,0,19,7,0,13,0,0,0,0,60,0,0,4,42,0,0,105,16,24,0,13,0,0,0,4,8,2,2,5,1,1,0,0,0,0,0,0,0,3,0,0,1,0,1,0,0,1,0,0,0,0,0,0,0,0,0,1,10,0,0,0,2,0,2,4,0,0,22,0,0,0,0,0,0,0,0,1,0,0,0,0,0,0,0,0,0,1,2,9,0,0,0,0,1,32,0,0,12,6,4,0,135,72,4,680,6,0,0,1,7,0,0,0,1,3,0,4,2
0,0,0,0,0,0,0,0,0,0,0,0,0,0,0,0,0,0,0,0,0,0,0,0,0,0,0,0,0,0,0,0,0,0,0,0,0,0,0,0,0,0,0,0,0,0,0,0,0,0,0,0,0,0,0,0,0,0,0,0,0,0,0,0,0,0,0,0,0,0,0,0,0,0,0,0,0,0,0,0,0,0,0,0,0,0,0,0,0,0,0,0,0,0,0,0,0,0,0,0,0,0,0,0,0,0,0,0,0,0,0,0,0,0,0,0,0,0,0,0,0,0,0,0,0,0,0,0,0,0,0,0,0,0,0,0,0,0,0,0,0,0,0,0,0,0,0,0,0,0,0,0,0,0,0,0,0,0,0,0,0,0,0,0,0,0,0,0,0,0,0,0,0,0,0,0,0,0,0,0,0,0,0,0,0,0,0,0,0
0,0,9,0,1,0,15,1,1,0,0,0,0,2,0,0,1,1,0,0,0,4,0,0,4,0,0,1,0,0,0,0,0,0,0,0,0,0,0,0,7,0,0,0,0,316,18,0,0,6,51,4,12,0,0,28,21,38,0,0,0,0,0,0,25,0,0,9,0,2,0,0,31,5,3,16,0,0,0,0,16,0,0,0,1,0,0,16,0,2,0,6,0,0,0,1,1,0,0,0,0,0,0,1,0,0,0,0,0,0,0,0,0,0,0,0,0,0,0,0,0,0,0,0,0,0,0,1,2,0,0,0,2,0,0,0,0,1,7,0,0,0,0,0,0,0,0,1,0,0,0,9,0,0,0,0,0,1,2,1,0,0,0,0,0,4,1,0,40,21,2,0,84,91,4,277,51,0,0,9,0,0,0,0,0,0,0,0,0
0,0,0,0,0,0,0,0,0,0,0,0,0,0,0,0,0,0,0,0,0,0,0,0,0,0,0,0,0,0,0,0,0,0,0,0,0,0,0,0,0,0,0,0,0,0,0,0,0,0,0,0,0,0,0,0,0,0,0,0,0,0,0,0,0,0,0,0,0,0,0,0,0,0,0,0,0,0,0,0,0,0,0,0,0,0,0,0,0,0,0,0,0,0,0,0,0,0,0,0,0,0,0,0,0,0,0,0,0,0,0,0,0,0,0,0,0,0,0,0,0,0,0,0,0,0,0,0,0,0,0,0,0,0,0,0,0,0,0,0,0,0,0,0,0,0,0,0,0,0,0,0,0,0,0,0,0,0,0,0,0,0,0,0,0,0,0,0,0,0,0,0,0,0,0,0,0,0,0,0,0,0,0,0,0,0,0,0,0
0,0,0,0,0,0,0,0,0,0,0,0,0,0,0,0,0,0,0,0,0,0,0,0,0,0,0,0,0,0,0,0,0,0,0,0,0,0,0,0,0,0,0,0,0,0,0,0,0,0,0,0,0,0,0,0,0,0,0,0,0,0,0,0,0,0,0,0,0,0,0,0,0,0,0,0,0,0,0,0,0,0,0,0,0,0,0,0,0,0,0,0,0,0,0,0,0,0,0,0,0,0,0,0,0,0,0,0,0,0,0,0,0,0,0,0,0,0,0,0,0,0,0,0,0,0,0,0,0,0,0,0,0,0,0,0,0,0,0,0,0,0,0,0,0,0,0,0,0,0,0,0,0,0,0,0,0,0,0,0,0,0,0,0,0,0,0,0,0,0,0,0,0,0,0,0,0,0,0,0,0,0,0,0,0,0,0,0,0
0,0,10,1,1,1,23,0,5,0,0,0,0,0,0,1,1,5,0,3,0,6,0,0,11,0,0,2,0,0,0,0,0,0,0,0,0,0,0,0,5,0,0,0,1,206,13,0,0,29,32,8,1,0,1,20,17,44,5,0,0,0,0,63,69,2,0,93,0,12,1,0,18,7,11,10,0,0,0,0,93,3,0,0,10,1,1,37,0,4,0,6,0,0,0,0,6,0,0,2,0,0,0,0,0,0,0,0,0,0,0,0,0,0,1,0,0,0,1,0,0,0,0,0,0,1,1,0,3,0,0,0,1,0,0,3,0,0,0,0,0,0,0,0,0,0,0,0,0,0,0,0,0,0,0,0,0,0,0,0,0,0,0,0,1,7,0,0,11,55,5,0,61,34,7,224,34,0,2,0,0,0,0,0,0,0,0,0,1
0,0,8,6,5,0,10,0,1,0,0,0,0,0,0,1,0,2,0,0,0,25,0,0,3,0,0,1,1,0,0,0,0,0,0,0,0,0,0,1,1,0,0,0,0,157,4,0,0,102,16,4,0,0,3,8,1,64,5,0,0,1,0,61,60,2,0,51,2,12,2,0,13,11,10,8,0,0,0,0,71,2,0,0,5,0,0,26,1,3,0,0,0,0,0,5,13,0,0,1,0,0,0,0,0,0,0,0,0,0,0,0,0,0,0,0,0,0,2,0,0,0,0,0,0,3,1,4,3,0,0,1,1,0,0,0,0,0,3,0,0,1,0,0,0,0,0,1,0,0,0,0,0,0,0,0,0,0,1,0,0,1,0,0,0,8,0,0,4,38,3,0,71,56,9,197,29,0,6,0,0,0,0,0,0,3,0,0,0
0,0,5,8,5,1,13,0,19,0,0,0,0,0,4,0,1,4,1,3,0,7,0,2,2,0,0,0,0,0,0,0,0,0,0,0,0,0,0,0,10,0,0,0,0,128,1,0,0,55,11,6,0,0,1,22,15,38,4,0,0,0,0,14,101,0,0,31,0,14,1,0,9,9,1,11,0,0,0,0,42,0,0,1,4,1,0,92,2,6,0,3,0,0,0,22,34,0,10,2,0,7,0,0,0,0,0,0,1,5,0,0,0,0,0,1,0,1,3,0,0,0,0,0,0,6,2,7,7,0,5,1,5,0,0,2,0,0,0,0,0,1,0,0,0,0,1,0,0,0,0,0,0,0,0,0,0,0,0,0,0,0,0,0,0,9,0,0,4,40,6,0,52,71,10,319,45,0,4,0,0,0,0,0,0,1,0,0,0
0,0,1,2,6,0,5,0,10,0,0,0,0,0,1,0,0,1,1,0,0,4,1,2,9,0,0,0,0,0,0,0,0,0,0,0,0,0,0,0,2,0,0,0,0,193,4,0,0,33,10,6,1,0,3,16,8,136,8,0,0,0,0,14,73,1,1,49,0,29,0,0,18,7,17,6,0,0,0,0,51,1,0,2,10,1,0,44,1,3,0,0,1,0,0,4,23,0,4,2,0,3,0,0,0,0,0,0,0,1,0,0,0,0,1,0,0,0,3,0,0,0,0,0,0,1,0,3,7,0,0,0,1,0,1,0,0,0,1,0,0,0,0,0,0,0,0,0,0,0,0,2,0,0,0,0,0,0,0,1,0,0,0,0,0,9,0,0,3,38,2,0,45,42,0,165,33,0,6,0,0,0,0,1,0,0,0,0,0
0,0,0,0,0,0,0,0,0,0,0,0,0,0,0,0,0,0,0,0,0,0,0,0,0,0,0,0,0,0,0,0,0,0,0,0,0,0,0,0,0,0,0,0,0,0,0,0,0,0,0,0,0,0,0,0,0,0,0,0,0,0,0,0,0,0,0,0,0,0,0,0,0,0,0,0,0,0,0,0,0,0,0,0,0,0,0,0,0,0,0,0,0,0,0,0,0,0,0,0,0,0,0,0,0,0,0,0,0,0,0,0,0,0,0,0,0,0,0,0,0,0,0,0,0,0,0,0,0,0,0,0,0,0,0,0,0,0,0,0,0,0,0,0,0,0,0,0,0,0,0,0,0,0,0,0,0,0,0,0,0,0,0,0,0,0,0,0,0,0,0,0,0,0,0,0,0,0,0,0,0,0,0,0,0,0,0,0,0
0,0,9,6,45,0,3,12,121,2,0,0,0,0,2,0,2,1,0,2,0,2,0,0,13,0,0,3,0,0,0,0,0,0,0,0,0,0,0,7,3,0,0,0,1,128,17,0,0,73,7,8,1,0,0,17,6,95,8,0,0,2,0,6,81,0,0,190,1,57,2,0,22,6,4,11,0,1,0,1,83,0,0,1,5,0,0,43,0,5,0,0,1,0,0,5,31,1,3,3,0,2,0,0,0,0,0,0,0,0,0,0,0,0,0,0,0,2,2,0,0,0,0,0,0,5,1,2,8,0,2,1,4,0,0,1,0,0,0,0,0,2,0,0,0,0,0,2,0,0,0,0,0,0,0,0,0,0,0,0,0,0,0,0,0,24,1,0,0,26,3,0,72,75,3,260,50,0,1,0,0,0,0,4,0,4,0,0,0
0,0,11,15,163,1,25,23,10,1,0,0,0,1,1,0,0,2,1,7,0,2,0,0,12,1,0,0,0,0,1,0,0,0,0,0,0,0,0,2,4,0,0,0,0,210,35,0,0,145,33,3,1,0,2,14,5,75,14,0,0,0,0,14,69,0,0,90,0,24,1,0,22,17,6,13,0,0,0,0,74,0,0,1,4,0,0,14,1,3,0,1,1,0,0,1,7,1,1,1,0,0,0,0,0,0,1,0,0,1,0,0,0,1,0,0,0,0,2,0,0,0,0,0,0,6,2,5,4,0,1,1,2,0,0,0,0,0,0,0,0,4,0,0,1,0,0,1,0,0,0,0,0,0,0,0,0,0,1,4,0,0,0,0,0,24,0,1,4,45,1,0,44,76,11,361,53,0,14,0,1,0,0,4,0,2,0,0,0
0,0,19,0,14,1,17,27,12,0,0,0,0,0,1,0,0,0,1,0,0,0,0,14,5,0,0,0,0,0,0,0,0,0,0,0,0,0,0,0,10,0,0,0,0,222,1,0,0,29,20,3,0,0,0,37,4,50,8,0,0,0,0,30,82,0,0,24,0,5,1,0,40,4,3,12,0,0,0,0,35,0,0,0,2,0,0,26,2,3,0,0,0,0,0,3,17,3,6,7,0,0,0,0,0,0,0,0,0,2,0,0,0,0,0,0,0,0,0,0,0,0,0,0,0,0,0,3,2,0,0,0,2,0,1,0,0,0,1,0,0,9,0,0,1,8,0,8,0,0,0,2,0,0,0,0,0,0,4,1,0,0,0,0,0,21,0,0,7,35,2,0,52,49,6,299,33,0,2,0,1,0,0,0,0,0,0,0,0
0,0,14,3,10,1,1,24,4,0,0,0,0,3,1,0,1,0,0,1,0,0,0,1,5,0,0,1,0,0,0,0,0,0,0,0,0,1,0,0,7,0,0,0,2,75,1,0,0,24,28,0,0,0,2,8,9,44,1,0,0,0,0,0,72,1,0,9,0,6,0,0,12,9,8,9,0,0,0,0,21,2,0,0,4,0,0,69,3,9,0,1,0,0,0,4,11,2,7,3,0,2,1,0,0,0,0,0,1,3,0,0,0,0,0,0,0,0,0,0,0,0,0,0,0,2,0,6,5,0,0,0,1,0,0,2,0,1,21,0,0,2,0,0,0,0,0,0,0,1,0,0,0,0,0,0,0,0,3,0,0,1,0,0,0,5,0,0,0,58,3,0,120,114,4,563,38,0,2,0,1,0,0,0,0,3,0,0,3
0,0,3,0,4,0,3,2,5,0,0,0,0,0,3,1,0,0,0,1,0,1,0,0,1,0,0,2,0,0,0,0,0,0,0,0,0,0,0,0,1,0,0,0,0,57,0,0,0,41,15,0,0,0,0,11,7,21,2,0,0,0,0,1,49,1,0,6,0,4,0,0,6,3,4,5,0,0,0,0,21,0,0,1,6,0,0,47,0,6,0,2,0,0,0,7,9,3,0,1,0,0,1,0,0,0,0,1,0,1,0,0,0,0,0,0,0,0,0,0,0,0,0,0,0,2,0,5,2,0,1,1,1,0,1,1,0,0,1,0,0,1,0,0,0,0,0,0,0,0,0,0,0,0,0,0,0,0,0,0,0,1,0,0,0,3,0,0,1,9,3,0,34,30,0,178,30,0,0,0,2,0,0,1,0,0,0,0,1
0,0,10,1,13,0,21,2,2,0,1,0,0,1,0,1,0,2,2,0,0,0,0,0,1,0,0,0,0,0,0,0,0,0,0,0,0,0,0,0,1,0,0,0,0,123,1,0,0,106,39,3,0,0,3,17,6,73,4,0,0,0,0,0,53,1,1,19,0,3,1,0,12,9,7,12,0,0,0,0,45,2,0,1,4,0,0,44,2,4,0,1,0,0,0,12,10,0,2,4,0,1,0,0,0,0,2,0,0,1,0,0,1,0,0,0,0,0,1,0,0,0,0,0,0,1,0,10,4,0,0,0,1,0,0,0,0,0,1,0,0,0,0,0,0,0,0,0,0,0,0,0,0,0,0,0,0,0,1,0,0,0,0,0,0,17,0,0,1,29,1,0,41,58,0,249,30,0,1,0,1,1,0,0,0,1,0,0,1
0,0,4,0,17,0,6,5,2,0,0,0,0,0,1,0,0,0,0,3,0,1,0,0,3,0,0,0,0,0,0,0,0,0,0,0,0,0,0,1,3,0,0,0,0,140,4,0,0,126,18,2,0,0,1,14,3,75,7,0,0,0,0,7,47,0,0,38,1,5,1,2,11,1,2,7,0,0,0,0,46,0,0,1,0,0,0,21,1,1,0,1,0,0,0,1,1,0,0,2,0,0,0,0,0,0,0,0,0,0,0,0,0,0,0,0,1,0,0,0,0,0,0,0,0,1,1,3,1,0,0,0,1,0,0,0,0,0,0,0,0,1,0,0,0,0,0,2,0,0,0,0,0,0,0,0,0,0,3,0,0,0,0,0,0,36,1,0,3,13,2,0,40,48,2,172,17,0,3,1,0,1,0,2,0,2,0,0,0
0,0,0,0,0,0,0,0,0,0,0,0,0,0,0,0,0,0,0,0,0,0,0,0,0,0,0,0,0,0,0,0,0,0,0,0,0,0,0,0,0,0,0,0,0,0,0,0,0,0,0,0,0,0,0,0,0,0,0,0,0,0,0,0,0,0,0,0,0,0,0,0,0,0,0,0,0,0,0,0,0,0,0,0,0,0,0,0,0,0,0,0,0,0,0,0,0,0,0,0,0,0,0,0,0,0,0,0,0,0,0,0,0,0,0,0,0,0,0,0,0,0,0,0,0,0,0,0,0,0,0,0,0,0,0,0,0,0,0,0,0,0,0,0,0,0,0,0,0,0,0,0,0,0,0,0,0,0,0,0,0,0,0,0,0,0,0,0,0,0,0,0,0,0,0,0,0,0,0,0,0,0,0,0,0,0,0,0,0
0,0,0,0,0,0,0,0,0,0,0,0,0,0,0,0,0,0,0,0,0,0,0,0,0,0,0,0,0,0,0,0,0,0,0,0,0,0,0,0,0,0,0,0,0,0,0,0,0,0,0,0,0,0,0,0,0,0,0,0,0,0,0,0,0,0,0,0,0,0,0,0,0,0,0,0,0,0,0,0,0,0,0,0,0,0,0,0,0,0,0,0,0,0,0,0,0,0,0,0,0,0,0,0,0,0,0,0,0,0,0,0,0,0,0,0,0,0,0,0,0,0,0,0,0,0,0,0,0,0,0,0,0,0,0,0,0,0,0,0,0,0,0,0,0,0,0,0,0,0,0,0,0,0,0,0,0,0,0,0,0,0,0,0,0,0,0,0,0,0,0,0,0,0,0,0,0,0,0,0,0,0,0,0,0,0,0,0,0
0,0,0,0,0,0,0,0,0,0,0,0,0,0,0,0,0,0,0,0,0,0,0,0,0,0,0,0,0,0,0,0,0,0,0,0,0,0,0,0,0,0,0,0,0,0,0,0,0,0,0,0,0,0,0,0,0,0,0,0,0,0,0,0,0,0,0,0,0,0,0,0,0,0,0,0,0,0,0,0,0,0,0,0,0,0,0,0,0,0,0,0,0,0,0,0,0,0,0,0,0,0,0,0,0,0,0,0,0,0,0,0,0,0,0,0,0,0,0,0,0,0,0,0,0,0,0,0,0,0,0,0,0,0,0,0,0,0,0,0,0,0,0,0,0,0,0,0,0,0,0,0,0,0,0,0,0,0,0,0,0,0,0,0,0,0,0,0,0,0,0,0,0,0,0,0,0,0,0,0,0,0,0,0,0,0,0,0,0
0,0,5,1,4,1,8,4,4,0,0,0,0,2,1,0,0,0,0,4,0,0,0,0,1,1,0,0,0,0,0,0,0,0,0,0,0,0,0,0,0,0,0,0,0,40,2,0,0,73,1,0,0,0,0,5,3,39,0,0,0,0,0,1,37,0,0,17,0,2,3,0,14,4,2,6,0,0,0,0,24,1,0,0,1,0,0,12,2,1,0,0,0,0,0,2,6,0,4,5,0,0,0,1,0,0,2,0,0,2,0,0,0,0,0,0,0,0,0,0,0,0,0,0,0,0,0,3,1,0,0,0,3,0,1,0,0,0,0,0,0,1,0,0,0,0,0,0,0,0,0,0,0,0,0,0,0,0,1,0,0,0,0,0,0,3,0,0,1,19,2,0,34,46,0,115,13,0,0,0,0,0,0,1,0,0,0,0,0
0,0,1,0,19,0,0,0,11,1,0,0,0,0,2,0,2,5,10,3,0,0,0,0,4,0,0,3,0,0,0,0,0,0,0,0,0,0,1,0,1,0,0,0,0,193,71,0,0,35,19,17,0,0,3,7,0,152,6,0,0,0,41,1,56,1,0,51,1,16,10,21,32,3,15,18,0,0,0,0,37,0,0,1,6,0,0,81,2,6,0,7,0,0,0,10,101,6,18,20,0,16,0,0,0,0,1,0,0,4,0,0,0,0,0,0,0,0,1,0,0,0,0,0,0,4,1,4,10,0,0,4,8,0,11,6,0,0,1,0,0,8,0,0,0,7,0,1,0,0,0,3,0,0,0,0,0,3,8,12,3,0,0,0,0,104,0,0,3,91,8,0,61,77,3,194,27,0,0,0,4,0,0,2,0,1,0,0,0
0,0,2,0,14,0,3,1,8,2,0,0,0,2,0,2,1,9,1,2,0,0,0,0,9,0,0,3,0,0,0,0,0,0,0,0,0,1,1,0,4,0,0,0,0,251,22,0,0,63,22,18,11,0,3,23,2,166,6,0,0,0,7,1,108,2,0,53,0,30,29,23,22,10,18,10,0,0,0,0,65,0,0,1,10,0,1,151,3,14,0,7,0,0,0,3,40,1,12,30,0,1,0,0,0,0,1,0,0,4,0,0,0,0,0,0,0,0,2,0,0,0,0,0,0,1,2,7,19,0,0,0,1,2,14,5,0,0,4,0,0,15,0,0,1,0,0,1,0,0,0,0,0,0,0,0,0,1,1,6,0,0,0,0,0,10,0,0,6,81,4,0,71,65,0,232,17,0,0,0,1,0,0,0,0,0,0,0,0
0,0,10,0,4,0,2,4,9,1,0,0,0,0,1,0,0,1,0,1,0,0,0,0,10,0,0,2,0,0,1,0,0,0,0,0,0,1,3,0,4,0,0,0,0,291,5,0,0,84,11,9,3,0,2,23,2,90,4,0,0,1,0,0,132,0,0,23,0,44,7,4,21,9,3,17,0,0,0,2,36,0,0,2,4,0,0,81,3,18,0,2,0,0,0,3,18,0,13,14,0,5,0,1,0,0,0,0,0,0,0,0,0,0,0,0,0,0,1,0,0,0,0,0,0,1,0,3,1,0,0,0,2,0,0,0,0,0,2,0,0,0,0,0,1,1,0,0,0,0,0,0,0,0,0,0,0,0,2,0,0,0,0,0,1,10,0,0,3,57,4,0,41,76,0,383,15,0,0,1,0,0,0,0,0,0,0,0,0
0,0,1,0,6,0,0,1,8,0,0,0,0,0,0,0,0,2,0,2,0,0,0,0,15,0,0,2,0,0,0,0,2,1,0,0,0,0,0,0,9,0,1,0,0,258,1,0,0,10,5,59,0,0,12,77,0,84,4,0,0,2,1,0,31,0,0,17,0,153,7,2,15,3,10,39,0,0,0,1,36,3,0,2,15,0,2,97,1,4,0,2,1,0,0,3,13,0,12,11,0,2,0,1,0,0,0,0,0,0,0,0,0,0,0,1,0,0,1,0,0,0,0,0,0,0,0,2,4,0,0,1,1,0,2,1,0,0,1,0,0,1,0,0,0,3,0,1,0,0,0,0,0,0,0,0,0,0,9,1,0,0,0,0,0,22,0,0,12,72,2,0,72,62,2,332,23,0,1,5,3,0,0,0,0,1,0,0,0
0,0,0,0,0,0,0,0,0,0,0,0,0,0,0,0,0,0,0,0,0,0,0,0,0,0,0,0,0,0,0,0,0,0,0,0,0,0,0,0,0,0,0,0,0,0,0,0,0,0,0,0,0,0,0,0,0,0,0,0,0,0,0,0,0,0,0,0,0,0,0,0,0,0,0,0,0,0,0,0,0,0,0,0,0,0,0,0,0,0,0,0,0,0,0,0,0,0,0,0,0,0,0,0,0,0,0,0,0,0,0,0,0,0,0,0,0,0,0,0,0,0,0,0,0,0,0,0,0,0,0,0,0,0,0,0,0,0,0,0,0,0,0,0,0,0,0,0,0,0,0,0,0,0,0,0,0,0,0,0,0,0,0,0,0,0,0,0,0,0,0,0,0,0,0,0,0,0,0,0,0,0,0,0,0,0,0,0,0
0,0,18,4,20,3,10,3,2,1,0,0,1,0,3,0,2,1,0,4,0,9,0,18,4,0,0,3,0,0,0,0,0,0,0,0,0,0,0,0,3,0,0,0,0,324,0,0,0,0,24,0,1,0,23,47,0,40,0,0,0,0,1,4,25,0,0,12,0,101,4,6,30,7,1,19,0,0,0,0,48,2,1,2,1,0,1,13,4,0,0,2,2,0,0,0,15,1,23,7,0,1,0,0,0,0,0,0,0,0,0,0,0,0,0,0,0,2,0,0,1,0,0,0,0,1,0,1,2,2,0,0,7,0,0,0,0,0,8,0,0,5,0,0,1,1,0,1,0,0,0,2,0,0,0,0,0,0,0,0,0,0,0,0,0,17,0,0,29,39,4,0,38,52,1,674,45,0,0,13,0,0,0,0,0,1,1,0,0
0,0,0,0,0,0,0,0,0,0,0,0,0,0,0,0,0,0,0,0,0,0,0,0,0,0,0,0,0,0,0,0,0,0,0,0,0,0,0,0,0,0,0,0,0,0,0,0,0,0,0,0,0,0,0,0,0,0,0,0,0,0,0,0,0,0,0,0,0,0,0,0,0,0,0,0,0,0,0,0,0,0,0,0,0,0,0,0,0,0,0,0,0,0,0,0,0,0,0,0,0,0,0,0,0,0,0,0,0,0,0,0,0,0,0,0,0,0,0,0,0,0,0,0,0,0,0,0,0,0,0,0,0,0,0,0,0,0,0,0,0,0,0,0,0,0,0,0,0,0,0,0,0,0,0,0,0,0,0,0,0,0,0,0,0,0,0,0,0,0,0,0,0,0,0,0,0,0,0,0,0,0,0,0,0,0,0,0,0
0,0,6,2,36,0,10,0,8,0,0,0,0,0,1,1,0,4,0,6,0,1,0,3,7,0,1,12,0,0,0,0,0,0,0,0,0,0,1,4,2,0,0,0,0,874,1,0,0,0,21,4,3,0,99,239,2,407,0,0,0,3,2,18,91,2,0,62,0,332,5,1,44,32,35,61,0,0,0,0,232,1,0,0,21,0,3,83,7,11,0,2,1,4,0,1,85,5,56,1,0,78,0,0,3,0,0,0,0,10,0,0,1,0,0,1,0,3,1,0,0,0,0,0,0,7,1,3,6,17,0,0,18,1,3,1,14,4,18,0,0,13,0,0,0,1,1,1,0,1,0,1,0,0,0,0,0,0,1,0,0,0,0,0,0,17,1,0,54,201,23,0,260,194,4,1944,99,0,1,23,1,2,0,0,0,9,7,0,0
0,0,19,0,33,23,3,12,17,0,2,0,1,0,2,0,0,4,0,1,0,1,0,0,5,0,0,5,0,0,0,0,0,0,0,0,0,0,0,1,2,0,0,0,0,228,1,0,0,0,2,2,0,0,11,66,0,29,0,0,0,0,0,0,79,0,0,35,0,177,1,2,10,4,27,15,0,0,0,0,109,0,0,1,2,0,2,20,0,0,0,0,1,0,0,5,37,1,14,27,0,1,0,0,0,0,0,0,0,4,0,0,0,0,0,0,0,0,2,0,0,0,0,1,0,2,0,1,0,3,0,2,18,2,1,0,0,0,10,0,0,1,0,0,2,0,0,1,0,0,0,0,0,0,0,0,0,0,0,0,0,0,0,0,0,31,0,0,21,82,11,0,89,80,0,560,36,0,1,5,0,0,0,0,0,4,3,0,0
0,0,7,2,42,11,3,2,20,0,0,0,2,0,1,0,0,1,0,1,0,2,0,1,5,0,0,3,0,0,0,0,0,0,0,0,0,0,0,0,3,0,0,0,0,319,1,0,0,1,4,2,1,0,5,73,0,20,5,0,0,2,0,2,31,1,0,55,0,188,3,4,25,9,7,20,0,0,1,0,152,1,0,1,3,0,3,17,3,2,0,1,0,5,0,3,32,2,14,20,0,0,0,0,0,0,0,0,0,0,0,0,0,0,0,0,0,0,1,0,0,0,0,0,0,2,0,1,0,7,0,1,8,0,0,0,0,0,0,0,0,3,0,0,0,0,0,0,0,0,0,0,0,0,0,0,0,0,1,1,0,0,0,0,0,16,0,0,15,53,6,0,83,63,1,279,27,0,0,3,0,0,0,0,0,2,2,0,0
0,0,23,1,68,0,3,3,25,1,0,0,2,3,0,0,0,1,0,4,0,0,0,0,17,0,0,3,0,0,0,0,0,1,0,0,0,0,0,0,1,0,0,0,1,332,8,0,0,4,7,7,0,0,2,98,3,38,4,0,0,2,2,0,96,0,0,16,0,124,4,4,24,6,1,21,0,0,0,0,99,2,0,1,9,0,4,76,1,3,0,4,5,2,0,9,79,2,36,9,0,0,0,0,0,0,0,0,0,3,0,0,0,0,0,1,0,1,2,0,0,0,0,0,1,4,0,3,4,3,0,2,19,1,0,0,0,1,1,0,0,1,0,0,0,0,0,0,0,1,0,0,0,0,0,0,0,0,5,1,1,0,0,0,0,11,0,0,20,33,4,0,50,119,0,812,38,0,1,2,0,0,0,1,0,8,4,0,0
0,0,9,0,60,0,1,3,41,0,0,0,0,0,1,0,1,3,0,8,0,9,0,0,19,0,0,2,0,0,0,0,1,0,0,0,0,0,1,0,11,0,0,0,0,213,12,0,0,8,20,4,1,0,21,41,6,64,0,0,0,0,9,2,65,2,0,46,0,55,5,13,10,21,16,19,0,0,0,1,170,1,0,2,21,0,0,82,5,5,0,5,1,0,0,10,36,0,22,16,0,2,0,1,0,0,0,1,0,4,0,0,0,0,0,0,0,0,0,0,1,0,0,0,0,7,0,5,7,0,0,1,7,0,0,0,0,0,2,0,0,5,0,0,1,0,0,3,0,0,0,0,0,0,0,0,0,0,3,0,0,0,0,0,0,3,1,0,14,126,9,0,77,91,0,377,45,0,0,2,0,0,0,1,0,0,2,0,0
0,0,0,0,0,0,0,0,0,0,0,0,0,0,0,0,0,0,0,0,0,0,0,0,0,0,0,0,0,0,0,0,0,0,0,0,0,0,0,0,0,0,0,0,0,0,0,0,0,0,0,0,0,0,0,0,0,0,0,0,0,0,0,0,0,0,0,0,0,0,0,0,0,0,0,0,0,0,0,0,0,0,0,0,0,0,0,0,0,0,0,0,0,0,0,0,0,0,0,0,0,0,0,0,0,0,0,0,0,0,0,0,0,0,0,0,0,0,0,0,0,0,0,0,0,0,0,0,0,0,0,0,0,0,0,0,0,0,0,0,0,0,0,0,0,0,0,0,0,0,0,0,0,0,0,0,0,0,0,0,0,0,0,0,0,0,0,0,0,0,0,0,0,0,0,0,0,0,0,0,0,0,0,0,0,0,0,0,0
0,0,9,0,14,0,1,1,10,1,0,0,0,0,0,0,0,0,0,6,0,2,0,0,13,0,0,2,0,0,0,0,0,0,0,0,0,0,0,0,5,0,1,0,0,184,14,0,0,7,20,3,1,0,38,33,3,39,3,0,0,0,16,0,49,2,0,22,1,132,8,3,29,3,4,19,0,0,0,2,123,0,0,0,5,0,0,42,6,3,0,1,1,2,0,3,22,0,13,7,0,3,0,0,0,0,0,0,0,2,0,0,0,0,0,0,0,0,1,0,0,0,0,0,0,2,1,2,4,0,0,1,3,0,2,0,0,15,0,0,0,0,0,0,0,0,0,1,0,2,0,3,0,0,0,0,0,0,5,0,0,0,0,0,0,6,0,0,11,46,6,0,70,125,30,325,20,0,0,2,1,0,0,0,0,7,4,0,1
0,0,12,0,29,1,0,6,42,4,0,0,0,2,3,0,1,3,0,10,0,1,0,1,14,0,0,6,1,0,1,0,0,0,0,0,0,0,0,2,5,0,0,0,0,308,25,0,0,18,29,10,0,0,39,56,7,94,18,0,0,2,22,1,88,1,0,100,1,289,6,4,43,13,18,22,0,0,0,0,196,0,0,3,11,0,6,51,5,6,0,3,1,0,0,3,21,1,12,2,1,1,0,0,0,0,0,0,0,1,0,0,0,0,0,0,1,0,0,0,0,0,0,0,0,9,0,7,6,0,0,0,4,0,1,2,0,0,1,0,0,0,0,0,1,1,0,6,0,0,0,4,0,0,0,0,0,0,13,1,6,0,0,0,0,20,2,0,28,69,9,0,72,117,0,194,43,0,0,1,2,1,0,5,0,0,1,0,0
0,0,19,1,7,0,0,3,10,0,0,0,0,0,1,0,0,0,0,2,0,13,0,0,41,0,0,2,0,0,0,0,0,0,0,1,0,1,26,5,25,0,3,1,1,169,16,0,0,0,6,6,0,0,6,3,0,1,4,0,0,1,0,3,26,0,0,11,0,76,9,4,19,1,1,10,0,0,0,0,15,0,0,0,6,0,0,38,3,7,0,11,24,0,0,24,192,13,36,0,0,3,1,2,0,0,0,0,0,0,0,0,0,0,0,0,0,0,0,0,0,0,0,0,0,4,0,4,4,0,0,0,5,0,0,0,0,0,1,0,0,7,0,1,0,1,0,1,0,0,0,0,0,0,0,0,0,0,3,2,1,0,0,0,0,9,0,0,7,88,3,0,105,160,8,434,32,0,0,1,0,0,0,0,0,0,0,0,0
0,0,0,0,0,0,0,0,0,0,0,0,0,0,0,0,0,0,0,0,0,0,0,0,0,0,0,0,0,0,0,0,0,0,0,0,0,0,0,0,0,0,0,0,0,0,0,0,0,0,0,0,0,0,0,0,0,0,0,0,0,0,0,0,0,0,0,0,0,0,0,0,0,0,0,0,0,0,0,0,0,0,0,0,0,0,0,0,0,0,0,0,0,0,0,0,0,0,0,0,0,0,0,0,0,0,0,0,0,0,0,0,0,0,0,0,0,0,0,0,0,0,0,0,0,0,0,0,0,0,0,0,0,0,0,0,0,0,0,0,0,0,0,0,0,0,0,0,0,0,0,0,0,0,0,0,0,0,0,0,0,0,0,0,0,0,0,0,0,0,0,0,0,0,0,0,0,0,0,0,0,0,0,0,0,0,0,0,0
0,0,0,0,0,0,0,0,0,0,0,0,0,0,0,0,0,0,0,0,0,0,0,0,0,0,0,0,0,0,0,0,0,0,0,0,0,0,0,0,0,0,0,0,0,0,0,0,0,0,0,0,0,0,0,0,0,0,0,0,0,0,0,0,0,0,0,0,0,0,0,0,0,0,0,0,0,0,0,0,0,0,0,0,0,0,0,0,0,0,0,0,0,0,0,0,0,0,0,0,0,0,0,0,0,0,0,0,0,0,0,0,0,0,0,0,0,0,0,0,0,0,0,0,0,0,0,0,0,0,0,0,0,0,0,0,0,0,0,0,0,0,0,0,0,0,0,0,0,0,0,0,0,0,0,0,0,0,0,0,0,0,0,0,0,0,0,0,0,0,0,0,0,0,0,0,0,0,0,0,0,0,0,0,0,0,0,0,0
0,0,0,0,0,0,0,0,0,0,0,0,0,0,0,0,0,0,0,0,0,0,0,0,0,0,0,0,0,0,0,0,0,0,0,0,0,0,0,0,0,0,0,0,0,0,0,0,0,0,0,0,0,0,0,0,0,0,0,0,0,0,0,0,0,0,0,0,0,0,0,0,0,0,0,0,0,0,0,0,0,0,0,0,0,0,0,0,0,0,0,0,0,0,0,0,0,0,0,0,0,0,0,0,0,0,0,0,0,0,0,0,0,0,0,0,0,0,0,0,0,0,0,0,0,0,0,0,0,0,0,0,0,0,0,0,0,0,0,0,0,0,0,0,0,0,0,0,0,0,0,0,0,0,0,0,0,0,0,0,0,0,0,0,0,0,0,0,0,0,0,0,0,0,0,0,0,0,0,0,0,0,0,0,0,0,0,0,0
0,1,10,1,59,0,0,1,4,0,1,0,0,0,0,0,0,0,0,0,0,0,0,0,16,0,0,2,0,0,0,0,0,0,0,0,0,0,0,0,10,0,0,0,0,178,15,0,0,31,21,13,1,0,8,41,7,49,3,0,0,1,0,0,33,0,1,44,1,26,3,0,15,4,7,7,0,0,0,0,65,2,0,2,9,0,1,62,4,1,0,3,0,0,0,2,8,1,2,1,1,1,0,0,0,0,0,0,0,3,0,0,0,0,0,0,0,1,0,0,0,0,1,0,0,2,1,0,3,1,0,0,1,0,0,0,0,1,1,0,0,0,0,0,0,2,0,1,0,0,0,0,0,0,0,0,0,0,4,0,0,0,0,0,0,13,0,0,13,39,10,0,48,45,0,160,22,0,0,1,0,0,0,0,0,3,1,0,1
0,0,9,1,34,0,0,0,12,1,0,0,0,3,0,1,0,0,0,3,0,0,0,0,12,0,0,0,0,0,0,0,0,1,0,0,0,0,0,2,6,0,0,0,0,251,9,0,0,28,17,13,0,0,9,30,14,80,2,0,0,1,1,3,38,1,0,43,6,89,3,1,26,18,19,35,0,0,0,0,127,2,0,1,5,0,4,42,3,2,0,0,1,0,0,1,5,1,3,4,0,1,1,0,0,0,0,0,0,1,0,0,0,0,0,0,0,0,2,0,0,0,0,0,0,1,0,1,6,0,0,1,2,0,1,0,0,0,0,0,0,2,0,0,0,1,0,0,0,1,0,3,0,0,0,0,0,0,2,0,0,0,0,0,0,20,1,0,17,94,4,0,87,93,0,439,47,0,0,0,0,0,0,1,0,2,0,0,0
0,0,16,0,10,0,0,5,79,2,5,0,0,1,1,0,1,1,0,3,0,0,0,0,13,0,0,1,0,0,0,0,0,0,0,0,0,0,0,5,8,0,0,0,0,241,19,0,0,27,20,13,1,0,3,17,6,80,5,0,0,1,3,0,83,2,0,89,1,101,3,1,26,4,13,20,0,0,0,0,75,1,0,3,14,0,2,89,4,8,0,2,0,0,0,4,14,0,3,6,0,3,0,0,0,0,0,0,0,2,0,0,0,0,0,0,0,3,0,0,0,0,0,0,0,3,2,5,6,0,0,0,2,0,3,0,0,0,2,0,0,2,0,0,0,1,0,1,0,1,0,2,0,0,0,0,0,0,3,1,2,0,0,0,0,26,0,0,10,89,6,0,53,100,0,247,41,0,0,8,0,0,1,0,0,7,3,0,3
0,0,12,0,20,0,1,1,28,1,1,0,0,0,4,0,0,0,5,0,0,1,0,0,15,0,0,1,0,0,0,0,0,0,0,0,0,0,0,0,11,0,0,0,0,267,10,0,0,11,9,19,4,0,14,13,3,49,6,0,0,2,7,0,78,2,3,46,1,115,7,3,10,7,6,23,0,0,0,0,44,1,1,2,23,0,26,69,1,11,0,1,1,0,0,5,52,0,8,34,0,5,0,0,0,0,0,0,0,5,0,0,0,0,0,1,0,0,2,0,0,0,0,0,0,8,3,7,14,0,0,1,3,0,4,0,0,0,4,0,0,3,0,0,1,2,0,3,0,1,0,0,0,0,0,0,0,0,6,0,1,0,0,0,1,29,0,0,20,59,13,0,104,89,1,317,45,1,3,1,1,0,0,0,0,7,1,0,3
0,0,0,0,0,0,0,0,0,0,0,0,0,0,0,0,0,0,0,0,0,0,0,0,0,0,0,0,0,0,0,0,0,0,0,0,0,0,0,0,0,0,0,0,0,0,0,0,0,0,0,0,0,0,0,0,0,0,0,0,0,0,0,0,0,0,0,0,0,0,0,0,0,0,0,0,0,0,0,0,0,0,0,0,0,0,0,0,0,0,0,0,0,0,0,0,0,0,0,0,0,0,0,0,0,0,0,0,0,0,0,0,0,0,0,0,0,0,0,0,0,0,0,0,0,0,0,0,0,0,0,0,0,0,0,0,0,0,0,0,0,0,0,0,0,0,0,0,0,0,0,0,0,0,0,0,0,0,0,0,0,0,0,0,0,0,0,0,0,0,0,0,0,0,0,0,0,0,0,0,0,0,0,0,0,0,0,0,0
0,0,0,0,0,0,0,0,0,0,0,0,0,0,0,0,0,0,0,0,0,0,0,0,0,0,0,0,0,0,0,0,0,0,0,0,0,0,0,0,0,0,0,0,0,0,0,0,0,0,0,0,0,0,0,0,0,0,0,0,0,0,0,0,0,0,0,0,0,0,0,0,0,0,0,0,0,0,0,0,0,0,0,0,0,0,0,0,0,0,0,0,0,0,0,0,0,0,0,0,0,0,0,0,0,0,0,0,0,0,0,0,0,0,0,0,0,0,0,0,0,0,0,0,0,0,0,0,0,0,0,0,0,0,0,0,0,0,0,0,0,0,0,0,0,0,0,0,0,0,0,0,0,0,0,0,0,0,0,0,0,0,0,0,0,0,0,0,0,0,0,0,0,0,0,0,0,0,0,0,0,0,0,0,0,0,0,0,0
0,0,0,0,0,0,0,0,0,0,0,0,0,0,0,0,0,0,0,0,0,0,0,0,0,0,0,0,0,0,0,0,0,0,0,0,0,0,0,0,0,0,0,0,0,0,0,0,0,0,0,0,0,0,0,0,0,0,0,0,0,0,0,0,0,0,0,0,0,0,0,0,0,0,0,0,0,0,0,0,0,0,0,0,0,0,0,0,0,0,0,0,0,0,0,0,0,0,0,0,0,0,0,0,0,0,0,0,0,0,0,0,0,0,0,0,0,0,0,0,0,0,0,0,0,0,0,0,0,0,0,0,0,0,0,0,0,0,0,0,0,0,0,0,0,0,0,0,0,0,0,0,0,0,0,0,0,0,0,0,0,0,0,0,0,0,0,0,0,0,0,0,0,0,0,0,0,0,0,0,0,0,0,0,0,0,0,0,0
0,0,0,0,0,0,0,0,0,0,0,0,0,0,0,0,0,0,0,0,0,0,0,0,0,0,0,0,0,0,0,0,0,0,0,0,0,0,0,0,0,0,0,0,0,0,0,0,0,0,0,0,0,0,0,0,0,0,0,0,0,0,0,0,0,0,0,0,0,0,0,0,0,0,0,0,0,0,0,0,0,0,0,0,0,0,0,0,0,0,0,0,0,0,0,0,0,0,0,0,0,0,0,0,0,0,0,0,0,0,0,0,0,0,0,0,0,0,0,0,0,0,0,0,0,0,0,0,0,0,0,0,0,0,0,0,0,0,0,0,0,0,0,0,0,0,0,0,0,0,0,0,0,0,0,0,0,0,0,0,0,0,0,0,0,0,0,0,0,0,0,0,0,0,0,0,0,0,0,0,0,0,0,0,0,0,0,0,0
0,0,4,0,2,0,0,0,23,1,1,0,0,0,2,1,0,1,3,2,1,0,0,2,34,0,0,6,0,0,0,0,1,0,0,0,0,1,3,2,11,0,0,0,0,187,8,1,0,19,24,27,1,2,89,42,9,82,0,0,0,1,188,0,22,6,0,47,2,70,11,5,6,21,2,57,0,0,0,1,33,2,1,1,28,0,2,135,21,24,1,8,2,0,0,0,14,0,5,2,0,1,1,0,0,0,1,0,0,0,0,0,0,1,0,2,0,2,2,0,0,0,0,2,0,4,1,5,11,0,0,0,4,0,2,0,0,0,1,0,0,0,3,0,0,1,1,0,1,0,0,0,1,0,0,0,0,0,0,1,0,0,0,1,0,11,0,0,7,16,12,0,117,1,9,276,6,0,0,0,2,0,0,0,0,1,1,0,0
0,0,0,0,0,0,0,0,0,0,0,0,0,0,0,0,0,0,0,0,0,0,0,0,0,0,0,0,0,0,0,0,0,0,0,0,0,0,0,0,0,0,0,0,0,0,0,0,0,0,0,0,0,0,0,0,0,0,0,0,0,0,0,0,0,0,0,0,0,0,0,0,0,0,0,0,0,0,0,0,0,0,0,0,0,0,0,0,0,0,0,0,0,0,0,0,0,0,0,0,0,0,0,0,0,0,0,0,0,0,0,0,0,0,0,0,0,0,0,0,0,0,0,0,0,0,0,0,0,0,0,0,0,0,0,0,0,0,0,0,0,0,0,0,0,0,0,0,0,0,0,0,0,0,0,0,0,0,0,0,0,0,0,0,0,0,0,0,0,0,0,0,0,0,0,0,0,0,0,0,0,0,0,0,0,0,0,0,0
0,0,0,0,0,0,0,0,0,0,0,0,0,0,0,0,0,0,0,0,0,0,0,0,0,0,0,0,0,0,0,0,0,0,0,0,0,0,0,0,0,0,0,0,0,0,0,0,0,0,0,0,0,0,0,0,0,0,0,0,0,0,0,0,0,0,0,0,0,0,0,0,0,0,0,0,0,0,0,0,0,0,0,0,0,0,0,0,0,0,0,0,0,0,0,0,0,0,0,0,0,0,0,0,0,0,0,0,0,0,0,0,0,0,0,0,0,0,0,0,0,0,0,0,0,0,0,0,0,0,0,0,0,0,0,0,0,0,0,0,0,0,0,0,0,0,0,0,0,0,0,0,0,0,0,0,0,0,0,0,0,0,0,0,0,0,0,0,0,0,0,0,0,0,0,0,0,0,0,0,0,0,0,0,0,0,0,0,0
0,0,0,0,0,0,0,0,0,0,0,0,0,0,0,0,0,0,0,0,0,0,0,0,0,0,0,0,0,0,0,0,0,0,0,0,0,0,0,0,0,0,0,0,0,0,0,0,0,0,0,0,0,0,0,0,0,0,0,0,0,0,0,0,0,0,0,0,0,0,0,0,0,0,0,0,0,0,0,0,0,0,0,0,0,0,0,0,0,0,0,0,0,0,0,0,0,0,0,0,0,0,0,0,0,0,0,0,0,0,0,0,0,0,0,0,0,0,0,0,0,0,0,0,0,0,0,0,0,0,0,0,0,0,0,0,0,0,0,0,0,0,0,0,0,0,0,0,0,0,0,0,0,0,0,0,0,0,0,0,0,0,0,0,0,0,0,0,0,0,0,0,0,0,0,0,0,0,0,0,0,0,0,0,0,0,0,0,0
0,0,0,0,0,0,0,0,0,0,0,0,0,0,0,0,0,0,0,0,0,0,0,0,0,0,0,0,0,0,0,0,0,0,0,0,0,0,0,0,0,0,0,0,0,0,0,0,0,0,0,0,0,0,0,0,0,0,0,0,0,0,0,0,0,0,0,0,0,0,0,0,0,0,0,0,0,0,0,0,0,0,0,0,0,0,0,0,0,0,0,0,0,0,0,0,0,0,0,0,0,0,0,0,0,0,0,0,0,0,0,0,0,0,0,0,0,0,0,0,0,0,0,0,0,0,0,0,0,0,0,0,0,0,0,0,0,0,0,0,0,0,0,0,0,0,0,0,0,0,0,0,0,0,0,0,0,0,0,0,0,0,0,0,0,0,0,0,0,0,0,0,0,0,0,0,0,0,0,0,0,0,0,0,0,0,0,0,0
0,0,0,0,0,0,0,0,0,0,0,0,0,0,0,0,0,0,0,0,0,0,0,0,0,0,0,0,0,0,0,0,0,0,0,0,0,0,0,0,0,0,0,0,0,0,0,0,0,0,0,0,0,0,0,0,0,0,0,0,0,0,0,0,0,0,0,0,0,0,0,0,0,0,0,0,0,0,0,0,0,0,0,0,0,0,0,0,0,0,0,0,0,0,0,0,0,0,0,0,0,0,0,0,0,0,0,0,0,0,0,0,0,0,0,0,0,0,0,0,0,0,0,0,0,0,0,0,0,0,0,0,0,0,0,0,0,0,0,0,0,0,0,0,0,0,0,0,0,0,0,0,0,0,0,0,0,0,0,0,0,0,0,0,0,0,0,0,0,0,0,0,0,0,0,0,0,0,0,0,0,0,0,0,0,0,0,0,0
0,0,5,0,5,0,0,1,18,1,0,0,0,1,1,0,1,2,1,0,0,0,0,0,10,0,0,1,0,0,0,0,2,2,0,0,0,0,0,0,11,0,0,0,0,156,16,0,0,8,11,8,0,0,3,5,8,67,4,0,0,0,5,0,19,3,0,10,0,41,2,1,16,28,6,24,0,0,0,1,68,1,1,0,3,0,2,66,3,4,0,4,1,0,0,4,4,1,1,3,0,2,0,0,0,0,0,0,0,0,0,0,0,1,0,0,0,0,1,0,1,0,0,0,0,0,2,0,5,1,0,0,4,0,2,1,0,0,2,0,0,1,0,0,0,1,0,1,0,0,0,0,0,0,0,0,0,0,0,0,0,0,0,0,0,6,1,0,17,48,9,0,71,101,4,191,39,0,1,0,0,0,0,1,0,3,0,0,0
0,0,3,0,1,0,0,0,5,0,1,0,0,1,0,0,1,2,0,0,0,0,0,0,17,0,1,0,0,0,0,0,0,0,0,0,0,0,0,1,7,0,0,0,0,77,3,0,0,5,5,6,0,0,29,11,5,43,0,0,0,0,17,1,7,0,0,6,0,12,2,2,7,6,4,5,0,0,0,0,23,0,0,1,5,0,0,58,4,3,0,2,1,0,0,0,9,0,1,4,0,0,0,0,0,0,0,0,0,1,0,0,1,0,0,0,0,0,1,0,0,0,0,0,0,0,1,0,1,0,0,0,2,0,2,1,0,0,1,0,0,1,0,0,0,0,1,0,0,0,0,0,0,0,0,0,0,0,0,0,0,0,0,0,0,3,0,0,2,22,2,0,13,31,5,45,18,0,0,0,0,0,0,1,0,2,0,0,0
0,0,0,0,1,0,0,0,10,1,0,0,0,6,0,0,0,0,0,0,0,0,0,0,5,0,0,0,0,1,0,0,0,0,0,0,0,0,1,0,6,0,0,0,0,442,17,0,0,0,18,2,0,0,1,13,9,213,0,0,0,0,0,0,9,0,0,1,0,32,1,0,124,19,23,26,0,0,0,1,25,1,0,1,1,0,1,13,0,3,0,1,5,0,0,0,4,0,5,2,0,0,0,0,0,0,0,0,0,0,0,0,0,0,0,0,0,0,0,0,0,0,0,0,0,0,1,2,1,0,0,0,0,0,0,0,0,0,0,0,0,0,0,0,0,0,0,0,0,0,0,1,0,0,0,0,0,0,0,0,0,0,0,0,0,7,0,0,25,21,5,0,30,80,0,58,28,0,0,0,0,0,0,0,0,3,0,0,0
0,0,0,0,0,0,0,0,1,0,0,0,0,0,0,0,0,0,0,0,0,0,0,0,0,3,0,27,0,0,0,0,0,0,0,0,0,0,0,0,0,0,0,0,0,583,10,0,0,0,47,0,16,0,5,0,0,193,0,0,0,0,12,1,1,0,0,1,0,3,0,0,276,3,12,22,0,0,0,0,1,0,0,0,1,0,3,24,4,6,0,0,1,0,0,0,0,0,0,0,0,0,0,1,0,0,0,0,0,0,0,0,0,0,0,0,0,0,0,0,0,0,0,0,0,0,0,0,0,0,0,0,1,0,0,0,0,0,0,0,0,1,0,0,0,0,0,0,0,0,0,0,0,0,0,0,0,0,0,0,0,0,0,0,0,1,0,0,5,18,1,0,41,68,0,59,36,0,0,0,0,0,0,0,0,0,0,0,0
0,0,2,0,1,0,0,0,22,0,0,0,0,0,0,0,0,1,0,1,0,0,0,0,4,2,0,0,0,0,0,0,0,0,0,0,0,0,0,0,15,0,0,0,0,330,23,0,0,0,17,1,1,0,0,5,8,176,1,0,0,0,1,1,41,1,0,0,0,54,0,1,47,3,9,8,0,0,0,0,64,0,0,2,0,0,0,18,1,3,0,1,0,0,0,1,21,1,7,0,0,20,2,3,0,0,0,0,0,1,0,0,0,0,0,0,0,0,0,0,0,0,0,0,0,2,4,3,6,0,0,0,5,0,0,2,0,0,0,0,0,0,0,0,0,0,0,0,0,1,0,1,0,0,0,0,0,0,2,0,0,0,0,0,0,3,0,0,32,33,4,0,58,65,5,102,17,0,0,0,0,0,0,0,0,5,0,0,1
0,0,0,1,6,0,0,0,5,0,0,0,0,0,2,1,0,1,0,1,0,0,0,0,26,1,0,17,0,1,0,0,0,0,0,0,0,0,0,0,2,0,0,0,0,399,12,3,0,4,119,5,0,0,67,61,7,75,4,1,1,2,6,0,68,0,0,25,0,16,0,6,14,19,3,95,0,0,0,0,41,5,0,1,41,0,0,79,15,21,0,7,0,0,0,3,11,0,8,2,0,0,0,0,0,0,1,0,1,0,0,0,0,0,0,0,0,0,4,0,0,0,0,0,0,0,0,0,2,1,0,0,0,0,3,0,0,0,0,0,0,0,0,0,0,0,0,0,0,1,0,0,0,0,0,0,0,0,0,0,0,0,0,0,0,3,1,0,22,6,6,0,98,6,6,306,11,0,0,0,6,0,0,0,0,1,0,0,2
0,0,2,0,5,0,1,2,72,4,0,0,0,0,2,0,1,0,0,1,0,0,0,0,32,0,0,5,0,0,0,0,0,0,0,0,0,0,0,0,1,0,0,0,0,579,16,0,0,11,78,9,0,0,7,139,8,45,1,0,0,4,0,0,111,0,0,20,1,103,3,0,74,7,11,35,0,0,0,0,40,1,1,1,20,0,0,55,9,13,0,2,0,0,0,0,24,1,10,1,0,0,0,0,0,0,0,0,0,1,0,0,0,0,0,0,0,0,0,0,0,0,0,1,0,1,0,1,4,0,0,0,1,0,0,1,0,0,3,0,0,0,0,0,1,0,0,2,0,0,0,0,0,0,0,0,0,0,0,0,0,0,0,0,0,28,0,0,26,62,3,0,139,71,3,206,49,0,5,1,0,0,0,0,0,1,0,0,0
0,0,7,0,2,0,0,0,175,2,0,0,0,0,0,1,0,1,0,2,0,0,0,0,22,3,0,10,0,0,1,0,0,1,0,0,0,0,0,1,6,0,0,0,0,391,6,3,0,18,67,4,0,0,1,56,5,43,5,1,1,5,3,0,47,2,0,35,0,125,2,1,24,27,3,67,0,0,0,0,78,2,0,3,33,0,0,108,2,11,0,2,2,0,0,1,10,3,8,2,0,3,0,0,0,0,1,0,0,0,0,0,0,0,0,1,0,0,1,0,1,0,0,1,0,0,0,0,1,0,0,0,2,0,0,0,0,0,2,0,0,0,0,0,0,0,0,1,0,0,0,0,0,0,0,1,0,0,3,0,2,0,0,0,1,13,0,0,21,9,6,0,136,11,11,312,5,0,0,0,0,0,0,0,0,0,1,0,1
0,0,4,0,0,0,0,0,36,0,0,0,4,1,0,1,0,0,0,4,0,0,0,0,14,1,0,1,0,0,0,0,0,0,0,0,0,0,0,0,6,0,0,0,0,190,1,0,0,7,42,0,0,0,0,86,3,35,2,0,0,3,1,0,49,2,0,31,0,45,0,0,15,8,6,11,0,0,0,0,31,1,0,0,9,0,0,21,0,0,0,0,0,0,0,1,17,1,5,0,0,0,0,0,0,0,0,0,0,2,0,0,0,0,0,0,0,0,0,0,2,0,0,0,1,1,0,2,2,0,0,0,5,0,0,1,0,0,1,0,0,0,0,0,0,0,0,0,0,0,0,0,0,0,0,0,0,0,0,0,0,0,0,0,0,5,0,0,11,17,1,0,55,34,4,157,25,0,0,0,0,0,0,3,0,1,0,0,2
0,0,0,1,3,0,0,0,13,0,0,0,0,0,1,0,0,6,0,0,0,0,0,1,34,0,2,5,0,0,0,0,0,0,0,0,0,0,0,0,7,0,0,0,0,116,7,0,0,56,57,5,1,0,0,53,10,76,0,1,0,0,0,0,125,3,0,46,2,22,2,0,16,30,1,17,0,0,0,0,46,1,0,1,28,0,0,107,4,10,0,0,0,0,0,0,2,0,0,1,0,1,0,1,0,0,0,1,0,0,0,0,0,1,0,0,0,0,0,0,1,0,0,0,0,0,0,1,4,0,0,1,2,0,1,3,0,0,1,0,0,0,0,0,0,0,0,0,0,1,0,0,7,0,0,1,0,0,0,0,0,0,0,0,0,7,1,0,14,3,9,0,82,9,2,300,9,0,0,0,1,0,0,0,0,0,0,0,0
0,0,0,2,4,0,0,0,6,0,0,0,0,0,0,0,0,8,0,2,0,0,0,0,49,0,1,3,0,0,0,0,0,1,0,0,0,0,0,0,5,0,0,0,0,161,7,0,0,43,108,10,0,1,2,45,11,50,1,0,0,0,4,0,71,4,0,76,0,17,4,0,15,19,1,19,0,0,0,0,49,1,0,9,19,0,0,105,12,18,0,2,0,0,0,2,3,2,1,3,0,1,0,0,0,0,0,0,0,0,0,0,0,0,0,1,1,2,3,0,0,0,0,2,0,3,1,2,15,0,0,0,7,0,0,1,0,0,0,0,0,0,0,0,0,0,0,0,0,1,0,1,3,0,0,0,0,0,2,0,0,0,1,0,1,12,1,0,11,5,4,0,66,4,2,264,6,0,0,0,4,0,0,0,0,0,0,0,0
0,0,2,0,29,0,0,0,8,1,0,0,0,0,2,0,0,2,0,0,0,0,0,0,45,0,0,8,0,0,0,0,0,1,0,0,0,0,0,1,5,0,0,0,0,147,1,0,0,32,108,8,1,0,2,44,11,91,0,0,1,1,5,0,108,2,0,99,0,15,2,0,25,19,0,27,0,0,0,0,70,2,0,7,19,0,0,108,24,23,0,6,0,0,0,1,5,2,1,2,0,0,0,1,0,0,0,0,0,0,0,0,0,0,0,2,0,2,8,0,0,0,1,1,0,3,1,4,24,0,0,1,2,0,0,0,0,0,1,0,0,0,0,0,1,0,0,0,0,0,0,2,1,0,0,0,2,0,3,0,0,0,1,0,0,4,6,0,10,10,7,0,85,20,7,389,4,0,0,0,6,1,0,0,0,0,0,0,0
0,0,2,0,27,0,0,1,1,2,0,0,0,0,1,0,1,1,0,3,0,0,0,0,21,0,0,4,0,0,0,0,0,3,0,0,0,0,1,1,6,0,0,0,0,109,2,0,0,22,18,6,0,0,4,6,2,18,0,0,0,0,0,0,37,0,0,29,1,7,2,0,14,11,0,13,0,0,0,0,35,1,0,0,7,0,0,56,4,3,0,4,0,0,0,0,2,1,3,1,0,0,0,0,0,0,0,0,0,1,0,0,0,0,0,0,1,0,2,0,1,0,0,0,0,1,1,0,7,0,0,0,4,0,0,0,0,0,2,0,0,0,0,0,0,0,0,0,0,0,0,0,0,0,0,0,0,0,2,0,0,0,0,0,0,6,1,0,19,13,3,0,43,25,1,85,29,0,0,0,0,0,0,0,0,0,0,0,0
0,0,0,1,27,0,0,0,11,1,0,0,0,0,2,1,0,0,0,3,0,1,0,0,17,0,0,2,0,0,0,0,0,0,0,0,0,0,0,0,6,0,0,0,0,234,3,4,0,15,28,9,0,0,6,15,8,83,0,0,0,1,1,1,19,1,0,224,2,59,2,2,12,48,0,43,0,0,0,0,87,0,0,1,15,0,2,176,14,24,0,9,2,0,0,0,7,0,15,5,0,4,0,0,0,0,0,1,0,1,0,0,0,2,0,1,0,0,2,0,2,0,0,1,0,1,0,0,3,0,0,0,1,0,0,0,0,0,0,0,0,1,0,0,0,0,0,0,0,1,0,0,1,0,0,0,0,0,2,0,0,0,0,0,0,9,2,0,4,11,10,0,72,9,16,256,1,0,0,1,7,0,0,0,0,1,0,0,0
0,0,0,0,0,0,0,0,0,0,0,0,0,0,0,0,0,0,0,0,0,0,0,0,0,0,0,0,0,0,0,0,0,0,0,0,0,0,0,0,0,0,0,0,0,0,0,0,0,0,0,0,0,0,0,0,0,0,0,0,0,0,0,0,0,0,0,0,0,0,0,0,0,0,0,0,0,0,0,0,0,0,0,0,0,0,0,0,0,0,0,0,0,0,0,0,0,0,0,0,0,0,0,0,0,0,0,0,0,0,0,0,0,0,0,0,0,0,0,0,0,0,0,0,0,0,0,0,0,0,0,0,0,0,0,0,0,0,0,0,0,0,0,0,0,0,0,0,0,0,0,0,0,0,0,0,0,0,0,0,0,0,0,0,0,0,0,0,0,0,0,0,0,0,0,0,0,0,0,0,0,0,0,0,0,0,0,0,0
0,0,9,0,1,0,0,0,8,5,0,0,0,0,1,1,0,0,1,1,0,0,0,0,11,0,1,6,0,0,0,0,0,1,0,0,0,0,0,0,11,0,0,0,0,325,29,0,0,18,82,1,2,0,12,83,36,182,4,16,0,0,1,1,194,1,0,4,0,24,0,0,35,30,3,51,0,0,0,0,134,1,0,3,26,0,0,112,3,15,0,2,0,0,0,1,6,0,5,1,0,21,0,0,0,0,0,0,0,1,0,0,0,0,0,3,2,4,6,0,1,0,0,0,0,9,2,20,9,0,0,0,3,0,1,1,0,0,0,0,0,0,0,0,1,0,0,1,0,2,0,0,0,0,0,0,0,0,0,0,0,0,0,0,0,19,0,0,35,25,9,0,141,22,10,363,5,0,0,1,9,0,0,0,0,1,0,0,4
0,0,1,0,0,0,0,0,9,18,0,0,0,0,1,0,0,0,0,1,0,0,0,0,58,0,1,24,0,0,0,0,0,0,0,0,0,0,0,0,5,0,0,0,0,119,20,0,0,1,93,1,1,0,70,13,13,153,4,6,0,0,18,1,23,1,0,2,0,15,3,0,36,45,4,101,0,0,0,0,45,8,0,3,93,0,0,76,9,35,0,5,0,1,0,0,5,0,1,0,0,41,0,0,0,0,2,1,0,0,0,0,0,0,1,6,1,1,1,0,0,0,0,4,0,5,0,2,9,0,1,1,8,0,1,1,0,0,3,0,0,0,0,0,0,0,1,0,0,0,0,1,10,0,0,0,2,1,1,0,0,0,0,0,0,13,2,0,15,25,9,4,243,32,12,618,6,0,0,1,3,0,0,0,0,0,0,0,0
0,0,1,0,0,0,0,0,13,0,0,0,0,0,3,0,0,0,0,0,0,0,0,0,15,0,0,3,0,1,1,0,0,0,0,0,0,0,0,0,2,0,0,0,0,322,1,2,0,2,52,9,2,0,27,33,20,169,1,0,1,0,3,0,73,0,0,1,0,46,0,0,43,32,0,62,0,0,0,1,151,18,0,2,41,0,0,91,17,48,0,1,0,0,0,0,0,0,3,0,0,0,0,0,0,0,0,0,0,0,0,0,0,0,0,0,0,0,0,0,0,0,0,0,0,1,0,2,4,0,0,0,1,0,0,0,0,0,3,0,0,1,0,0,0,1,0,3,0,1,0,1,0,0,0,0,0,0,0,0,0,0,0,0,1,12,0,0,30,5,13,0,68,17,7,300,3,0,0,1,6,0,0,0,0,1,0,0,0
0,0,0,0,0,0,0,0,0,0,0,0,0,0,0,0,0,0,0,0,0,0,0,0,0,0,0,0,0,0,0,0,0,0,0,0,0,0,0,0,0,0,0,0,0,0,0,0,0,0,0,0,0,0,0,0,0,0,0,0,0,0,0,0,0,0,0,0,0,0,0,0,0,0,0,0,0,0,0,0,0,0,0,0,0,0,0,0,0,0,0,0,0,0,0,0,0,0,0,0,0,0,0,0,0,0,0,0,0,0,0,0,0,0,0,0,0,0,0,0,0,0,0,0,0,0,0,0,0,0,0,0,0,0,0,0,0,0,0,0,0,0,0,0,0,0,0,0,0,0,0,0,0,0,0,0,0,0,0,0,0,0,0,0,0,0,0,0,0,0,0,0,0,0,0,0,0,0,0,0,0,0,0,0,0,0,0,0,0
0,0,0,0,3,0,0,0,4,0,0,0,0,10,1,0,0,0,0,0,1,33,265,0,7,0,0,2,0,0,0,0,0,0,0,1,0,155,107,0,2,0,1,0,0,679,1,0,0,0,27,0,61,0,7,0,0,7,0,0,0,0,1,0,3,0,0,0,0,1,0,0,2,8,0,48,0,0,2,10,0,1,2,3,203,0,3,0,2,1,0,1,2,0,1,9,4,2,0,0,0,2,0,1,0,0,1,0,0,1,0,0,0,0,0,0,0,0,0,0,0,0,0,0,0,0,0,0,0,0,0,0,0,0,0,0,0,0,2,0,0,0,0,0,0,0,0,0,0,0,0,0,0,0,0,0,0,0,0,0,0,0,0,0,3,1,1,0,4,5,5,0,49,4,0,232,7,0,0,0,1,0,0,0,1,0,0,0,0
0,0,0,0,2,0,0,5,13,0,0,0,0,1,2,0,1,0,0,0,0,0,0,0,97,0,0,2,0,0,1,0,0,0,0,0,0,0,0,0,5,0,0,0,0,68,2,0,0,1,165,0,0,0,12,3,2,27,0,0,0,0,19,0,37,0,0,1,0,6,0,0,22,12,3,37,0,0,0,0,8,0,66,0,19,0,0,20,1,2,0,1,0,0,0,1,1,0,2,0,0,0,0,0,0,0,0,0,0,0,0,0,0,0,0,0,0,0,0,0,0,0,0,0,0,1,0,0,0,0,0,0,1,0,0,0,0,0,0,0,0,0,0,0,0,0,0,0,0,0,0,0,0,0,0,0,0,0,0,0,0,0,0,0,0,10,2,0,103,21,4,0,72,32,11,426,29,0,1,1,0,0,0,0,0,15,0,0,0
0,0,8,0,0,0,0,0,5,1,0,0,0,0,9,0,0,2,0,8,1,0,0,0,20,0,0,1,0,0,0,0,0,1,0,0,0,0,0,0,17,0,0,0,0,66,1,0,0,2,88,0,1,0,4,30,8,55,0,1,0,0,23,1,244,0,0,0,0,55,0,0,2,33,3,108,0,0,0,0,34,8,9,1,36,0,0,64,35,46,0,1,0,0,1,4,1,1,4,0,0,0,0,1,0,0,1,0,0,0,0,0,0,0,0,0,0,0,0,0,0,0,0,0,0,0,0,0,0,0,0,1,5,0,0,0,0,0,2,0,0,0,0,0,0,0,0,0,0,2,0,0,0,0,0,0,0,0,2,0,0,0,0,0,0,0,1,0,52,21,6,0,242,17,26,1067,9,0,0,1,5,0,0,1,0,4,0,0,0
0,0,6,0,0,0,0,0,29,0,0,0,0,5,4,0,0,1,0,1,0,0,0,0,10,0,0,1,0,0,0,0,0,0,0,0,0,0,0,0,12,0,0,0,0,55,0,0,0,1,73,1,1,0,3,39,6,63,0,0,0,0,7,0,150,0,0,0,2,61,0,0,15,6,0,29,0,0,0,0,12,2,5,3,17,0,0,65,11,13,0,0,0,0,0,12,1,3,2,0,0,0,0,0,0,0,0,0,0,0,0,0,0,0,0,0,0,0,0,0,0,0,0,0,0,0,0,0,3,0,0,0,4,0,0,0,0,0,0,0,0,0,0,0,0,0,0,0,0,2,0,0,0,0,0,0,0,0,0,0,0,0,0,0,0,1,0,0,138,8,91,0,133,75,8,1191,1,0,1,37,5,0,0,0,0,24,0,0,0
0,0,0,0,0,0,0,0,0,0,0,0,0,0,0,0,0,0,0,0,0,0,0,0,0,0,0,0,0,0,0,0,0,0,0,0,0,0,0,0,0,0,0,0,0,0,0,0,0,0,0,0,0,0,0,0,0,0,0,0,0,0,0,0,0,0,0,0,0,0,0,0,0,0,0,0,0,0,0,0,0,0,0,0,0,0,0,0,0,0,0,0,0,0,0,0,0,0,0,0,0,0,0,0,0,0,0,0,0,0,0,0,0,0,0,0,0,0,0,0,0,0,0,0,0,0,0,0,0,0,0,0,0,0,0,0,0,0,0,0,0,0,0,0,0,0,0,0,0,0,0,0,0,0,0,0,0,0,0,0,0,0,0,0,0,0,0,0,0,0,0,0,0,0,0,0,0,0,0,0,0,0,0,0,0,0,0,0,0
0,0,0,0,0,0,0,0,0,0,0,0,0,0,0,0,0,0,0,0,0,0,0,0,0,0,0,0,0,0,0,0,0,0,0,0,0,0,0,0,0,0,0,0,0,0,0,0,0,0,0,0,0,0,0,0,0,0,0,0,0,0,0,0,0,0,0,0,0,0,0,0,0,0,0,0,0,0,0,0,0,0,0,0,0,0,0,0,0,0,0,0,0,0,0,0,0,0,0,0,0,0,0,0,0,0,0,0,0,0,0,0,0,0,0,0,0,0,0,0,0,0,0,0,0,0,0,0,0,0,0,0,0,0,0,0,0,0,0,0,0,0,0,0,0,0,0,0,0,0,0,0,0,0,0,0,0,0,0,0,0,0,0,0,0,0,0,0,0,0,0,0,0,0,0,0,0,0,0,0,0,0,0,0,0,0,0,0,0
0,0,0,0,0,0,0,0,0,0,0,0,0,0,0,0,0,0,0,0,0,0,0,0,0,0,0,0,0,0,0,0,0,0,0,0,0,0,0,0,0,0,0,0,0,0,0,0,0,0,0,0,0,0,0,0,0,0,0,0,0,0,0,0,0,0,0,0,0,0,0,0,0,0,0,0,0,0,0,0,0,0,0,0,0,0,0,0,0,0,0,0,0,0,0,0,0,0,0,0,0,0,0,0,0,0,0,0,0,0,0,0,0,0,0,0,0,0,0,0,0,0,0,0,0,0,0,0,0,0,0,0,0,0,0,0,0,0,0,0,0,0,0,0,0,0,0,0,0,0,0,0,0,0,0,0,0,0,0,0,0,0,0,0,0,0,0,0,0,0,0,0,0,0,0,0,0,0,0,0,0,0,0,0,0,0,0,0,0
0,0,0,0,0,0,0,0,0,0,0,0,0,0,0,0,0,0,0,0,0,0,0,0,0,0,0,0,0,0,0,0,0,0,0,0,0,0,0,0,0,0,0,0,0,0,0,0,0,0,0,0,0,0,0,0,0,0,0,0,0,0,0,0,0,0,0,0,0,0,0,0,0,0,0,0,0,0,0,0,0,0,0,0,0,0,0,0,0,0,0,0,0,0,0,0,0,0,0,0,0,0,0,0,0,0,0,0,0,0,0,0,0,0,0,0,0,0,0,0,0,0,0,0,0,0,0,0,0,0,0,0,0,0,0,0,0,0,0,0,0,0,0,0,0,0,0,0,0,0,0,0,0,0,0,0,0,0,0,0,0,0,0,0,0,0,0,0,0,0,0,0,0,0,0,0,0,0,0,0,0,0,0,0,0,0,0,0,0
0,0,0,0,0,0,0,0,0,0,0,0,0,0,0,0,0,0,0,0,0,0,0,0,0,0,0,0,0,0,0,0,0,0,0,0,0,0,0,0,0,0,0,0,0,0,0,0,0,0,0,0,0,0,0,0,0,0,0,0,0,0,0,0,0,0,0,0,0,0,0,0,0,0,0,0,0,0,0,0,0,0,0,0,0,0,0,0,0,0,0,0,0,0,0,0,0,0,0,0,0,0,0,0,0,0,0,0,0,0,0,0,0,0,0,0,0,0,0,0,0,0,0,0,0,0,0,0,0,0,0,0,0,0,0,0,0,0,0,0,0,0,0,0,0,0,0,0,0,0,0,0,0,0,0,0,0,0,0,0,0,0,0,0,0,0,0,0,0,0,0,0,0,0,0,0,0,0,0,0,0,0,0,0,0,0,0,0,0
0,0,0,0,0,0,0,0,0,0,0,0,0,0,0,0,0,0,0,0,0,0,0,0,0,0,0,0,0,0,0,0,0,0,0,0,0,0,0,0,0,0,0,0,0,0,0,0,0,0,0,0,0,0,0,0,0,0,0,0,0,0,0,0,0,0,0,0,0,0,0,0,0,0,0,0,0,0,0,0,0,0,0,0,0,0,0,0,0,0,0,0,0,0,0,0,0,0,0,0,0,0,0,0,0,0,0,0,0,0,0,0,0,0,0,0,0,0,0,0,0,0,0,0,0,0,0,0,0,0,0,0,0,0,0,0,0,0,0,0,0,0,0,0,0,0,0,0,0,0,0,0,0,0,0,0,0,0,0,0,0,0,0,0,0,0,0,0,0,0,0,0,0,0,0,0,0,0,0,0,0,0,0,0,0,0,0,0,0
0,0,6,0,0,0,0,0,64,140,0,0,0,0,1,0,0,1,0,2,0,0,0,0,20,0,2,4,0,0,0,0,0,1,0,0,0,1,1,0,8,0,0,1,0,549,1,1,0,0,75,2,0,0,22,1,2,6,0,1,0,0,73,0,24,48,0,106,0,3,2,0,10,12,1,108,0,0,3,4,29,1,0,2,28,0,2,49,13,27,0,0,1,1,0,0,2,1,1,1,0,99,0,6,9,0,6,0,0,0,0,0,0,1,0,15,3,2,1,0,0,0,1,0,0,0,1,1,16,0,1,0,7,0,0,0,0,0,2,0,0,0,0,0,0,0,0,21,0,0,0,0,0,0,0,0,0,0,3,0,5,0,0,0,0,12,0,0,10,29,26,0,325,14,53,802,8,0,0,0,3,0,0,0,0,3,0,0,0
0,0,0,2,0,0,0,0,2,1,0,0,0,0,4,1,0,0,0,13,0,0,0,0,11,0,0,22,1,0,0,0,0,0,0,0,0,0,0,0,4,0,0,1,1,343,11,0,0,3,40,5,0,0,5,15,7,17,3,0,0,4,6,0,167,0,0,32,0,51,8,0,13,20,0,50,0,0,0,0,43,7,0,3,51,0,0,87,22,60,0,0,0,1,0,0,2,0,1,42,0,0,0,0,0,0,0,0,1,5,0,0,1,1,0,0,0,0,1,0,0,0,0,0,0,2,2,5,19,0,0,0,4,0,0,0,0,0,1,0,0,0,0,0,0,0,0,2,0,0,0,1,0,0,0,0,0,0,1,0,2,0,0,0,1,3,15,0,12,22,11,0,147,16,12,1304,7,0,0,0,9,0,0,0,1,0,0,0,0
0,0,7,0,0,0,0,0,4,0,0,0,0,0,1,0,0,1,0,5,0,0,0,0,5,1,1,16,0,0,0,0,0,0,0,0,0,0,0,0,5,0,0,0,0,260,21,0,0,11,127,17,3,0,3,18,6,52,1,4,0,2,0,0,31,2,0,73,0,91,1,3,43,12,0,85,0,0,0,0,38,4,0,1,49,0,0,93,12,31,0,2,0,1,0,2,6,0,4,3,0,0,0,0,0,0,2,0,0,1,0,0,0,0,0,0,0,0,0,0,0,0,0,0,0,1,0,0,7,0,0,0,0,0,0,0,0,0,1,0,0,0,0,0,1,0,0,1,0,0,0,1,0,0,0,0,0,0,0,0,0,0,0,0,3,7,3,0,6,13,5,0,129,14,35,423,6,0,0,1,8,0,0,0,1,4,0,0,0
0,0,3,3,9,0,0,0,5,3,0,0,0,1,6,2,0,5,0,13,1,42,0,0,41,0,1,12,1,0,0,0,0,0,0,0,0,0,0,1,2,0,0,0,0,100,7,0,0,60,31,11,1,0,2,3,8,40,0,0,0,0,0,0,52,2,0,37,1,22,10,6,21,5,0,16,0,0,0,0,77,4,0,4,13,0,0,106,11,15,0,4,0,1,0,3,4,0,2,5,0,1,0,2,0,0,13,0,0,0,0,0,1,0,0,0,0,2,0,0,1,0,0,2,0,1,0,0,15,0,0,1,1,0,1,0,0,0,0,0,0,0,0,0,0,0,0,0,0,1,0,1,3,0,0,0,4,1,1,0,0,0,2,0,0,12,2,0,21,18,6,0,92,38,17,353,6,0,0,0,6,0,0,0,0,1,0,0,0
0,0,18,1,22,0,0,0,10,2,0,0,0,0,4,0,0,3,0,6,0,12,0,0,51,1,1,39,0,0,2,0,0,1,0,0,0,0,0,0,11,0,0,0,0,224,3,2,0,83,54,13,0,0,2,81,8,51,5,1,1,0,0,1,73,1,0,104,0,6,13,5,11,16,6,70,0,0,0,3,95,7,0,2,113,0,0,167,14,41,0,13,0,1,0,0,0,0,1,2,0,0,0,1,0,0,4,0,0,0,0,0,0,1,0,1,0,2,4,0,1,0,0,3,0,0,0,1,15,0,1,1,14,0,1,0,0,0,0,0,0,0,1,0,0,1,1,5,0,2,0,0,4,0,0,2,2,0,4,2,0,0,0,0,2,17,6,0,98,23,11,0,207,16,13,602,3,0,1,0,6,0,0,0,0,6,0,0,0
0,0,3,0,10,0,2,0,3,0,0,0,0,2,0,0,0,2,0,3,0,8,0,0,9,0,0,1,0,0,0,0,0,0,0,0,0,0,0,0,13,0,0,0,0,60,4,0,0,31,8,10,0,0,0,10,3,54,1,0,0,0,0,1,33,1,0,16,0,12,2,2,14,9,0,4,0,0,0,0,49,0,0,0,5,0,0,38,9,8,0,0,0,0,0,1,2,0,2,0,0,0,0,0,0,0,0,0,0,1,0,0,0,0,0,0,0,1,3,0,0,0,0,0,0,3,0,1,4,0,0,1,0,0,0,1,0,0,1,0,0,0,0,0,2,0,0,0,0,0,0,1,0,0,0,0,0,0,2,0,0,0,0,0,0,4,0,0,50,14,2,0,73,38,0,113,41,0,0,0,1,0,0,0,0,2,0,0,0
1,0,4,2,20,0,0,0,10,0,0,0,0,0,2,0,0,4,0,10,0,0,0,0,20,0,2,9,0,0,0,0,0,1,0,0,0,0,0,0,18,0,0,0,1,177,17,3,0,98,22,9,1,0,0,3,4,111,2,7,0,1,1,0,148,3,0,59,2,37,8,5,9,18,1,43,0,0,0,1,90,6,0,15,60,0,0,108,24,32,0,8,1,0,0,11,29,2,7,5,0,1,0,0,0,0,0,0,0,0,0,0,1,0,0,2,1,1,10,0,0,0,0,1,0,2,0,2,16,0,0,0,9,0,2,0,0,0,0,0,0,0,0,0,0,0,0,1,0,0,0,0,0,0,0,1,1,0,0,0,0,0,0,0,0,7,2,0,36,18,9,0,208,27,19,650,4,0,0,0,4,0,0,0,0,2,0,0,0
0,0,29,1,16,0,0,0,26,5,5,0,0,2,6,0,0,1,0,13,0,0,0,0,82,2,0,7,1,1,0,0,0,0,0,0,0,0,0,17,7,0,0,0,0,120,54,1,0,19,18,3,0,0,37,17,8,89,18,7,0,0,49,0,65,1,0,26,0,37,1,1,7,33,0,88,0,0,0,0,35,10,12,16,152,0,0,121,10,28,0,9,5,10,0,0,9,1,5,2,0,8,0,1,0,0,4,0,0,1,0,0,1,1,0,0,0,1,2,0,0,0,0,0,0,5,0,0,16,0,0,1,8,2,0,0,0,0,11,0,0,0,0,0,0,1,0,0,0,0,0,0,0,0,0,0,0,0,0,0,0,0,0,0,0,17,0,0,49,22,17,0,212,36,19,892,11,0,1,2,5,0,1,0,0,5,0,0,0
0,0,0,0,0,0,0,0,0,0,0,0,0,0,0,0,0,0,0,0,0,0,0,0,0,0,0,0,0,0,0,0,0,0,0,0,0,0,0,0,0,0,0,0,0,0,0,0,0,0,0,0,0,0,0,0,0,0,0,0,0,0,0,0,0,0,0,0,0,0,0,0,0,0,0,0,0,0,0,0,0,0,0,0,0,0,0,0,0,0,0,0,0,0,0,0,0,0,0,0,0,0,0,0,0,0,0,0,0,0,0,0,0,0,0,0,0,0,0,0,0,0,0,0,0,0,0,0,0,0,0,0,0,0,0,0,0,0,0,0,0,0,0,0,0,0,0,0,0,0,0,0,0,0,0,0,0,0,0,0,0,0,0,0,0,0,0,0,0,0,0,0,0,0,0,0,0,0,0,0,0,0,0,0,0,0,0,0,0
1,0,8,0,0,0,0,0,62,1,1,0,0,0,0,1,0,0,0,5,0,1,0,0,26,1,0,6,1,0,0,0,0,1,0,0,0,0,0,1,2,0,0,0,0,126,28,0,0,11,48,4,5,0,56,17,5,7,0,0,0,0,7,1,13,1,0,53,0,184,5,0,55,7,0,16,0,0,0,0,15,0,0,2,28,0,0,87,8,11,0,1,0,0,0,0,7,0,14,3,0,1,0,0,0,0,0,0,0,2,0,0,0,0,0,0,0,0,0,0,0,0,0,0,0,2,0,0,2,1,0,1,0,1,0,0,0,0,1,0,0,0,0,0,0,1,1,0,0,0,0,0,0,0,0,0,1,0,0,4,0,0,0,0,0,8,0,0,10,11,4,0,100,43,2,405,4,0,1,3,3,0,0,0,0,1,2,0,0
0,0,0,0,0,0,0,0,0,0,0,0,0,0,0,0,0,0,0,0,0,0,0,0,0,0,0,0,0,0,0,0,0,0,0,0,0,0,0,0,0,0,0,0,0,0,0,0,0,0,0,0,0,0,0,0,0,0,0,0,0,0,0,0,0,0,0,0,0,0,0,0,0,0,0,0,0,0,0,0,0,0,0,0,0,0,0,0,0,0,0,0,0,0,0,0,0,0,0,0,0,0,0,0,0,0,0,0,0,0,0,0,0,0,0,0,0,0,0,0,0,0,0,0,0,0,0,0,0,0,0,0,0,0,0,0,0,0,0,0,0,0,0,0,0,0,0,0,0,0,0,0,0,0,0,0,0,0,0,0,0,0,0,0,0,0,0,0,0,0,0,0,0,0,0,0,0,0,0,0,0,0,0,0,0,0,0,0,0
0,0,0,0,0,0,0,0,0,0,0,0,0,0,0,0,0,0,0,0,0,0,0,0,0,0,0,0,0,0,0,0,0,0,0,0,0,0,0,0,0,0,0,0,0,0,0,0,0,0,0,0,0,0,0,0,0,0,0,0,0,0,0,0,0,0,0,0,0,0,0,0,0,0,0,0,0,0,0,0,0,0,0,0,0,0,0,0,0,0,0,0,0,0,0,0,0,0,0,0,0,0,0,0,0,0,0,0,0,0,0,0,0,0,0,0,0,0,0,0,0,0,0,0,0,0,0,0,0,0,0,0,0,0,0,0,0,0,0,0,0,0,0,0,0,0,0,0,0,0,0,0,0,0,0,0,0,0,0,0,0,0,0,0,0,0,0,0,0,0,0,0,0,0,0,0,0,0,0,0,0,0,0,0,0,0,0,0,0
0,0,0,0,0,0,0,0,0,0,0,0,0,0,0,0,0,0,0,0,0,0,0,0,0,0,0,0,0,0,0,0,0,0,0,0,0,0,0,0,0,0,0,0,0,0,0,0,0,0,0,0,0,0,0,0,0,0,0,0,0,0,0,0,0,0,0,0,0,0,0,0,0,0,0,0,0,0,0,0,0,0,0,0,0,0,0,0,0,0,0,0,0,0,0,0,0,0,0,0,0,0,0,0,0,0,0,0,0,0,0,0,0,0,0,0,0,0,0,0,0,0,0,0,0,0,0,0,0,0,0,0,0,0,0,0,0,0,0,0,0,0,0,0,0,0,0,0,0,0,0,0,0,0,0,0,0,0,0,0,0,0,0,0,0,0,0,0,0,0,0,0,0,0,0,0,0,0,0,0,0,0,0,0,0,0,0,0,0
0,0,97,0,0,0,0,0,39,5,0,0,0,1,1,0,0,0,0,3,0,0,0,0,43,0,3,13,2,0,0,0,1,3,0,0,0,0,0,5,14,0,0,0,0,492,5,4,0,7,53,1,1,3,105,110,12,99,11,0,2,3,128,12,50,2,0,132,0,342,10,1,31,24,2,73,0,0,0,0,57,2,0,8,34,0,0,107,11,20,0,7,5,12,0,1,31,3,25,3,2,14,0,0,0,0,1,0,0,0,0,0,0,0,0,0,0,1,1,0,0,0,0,0,0,2,0,2,10,0,1,1,2,0,1,0,0,0,1,0,0,0,0,0,1,0,3,4,0,0,0,1,1,0,0,0,0,0,1,1,0,0,0,0,0,15,0,0,42,12,14,0,179,82,13,649,9,0,1,27,8,0,0,0,0,7,4,0,0
0,0,0,0,0,0,0,0,0,0,0,0,0,0,0,0,0,0,0,0,0,0,0,0,0,0,0,0,0,0,0,0,0,0,0,0,0,0,0,0,0,0,0,0,0,0,0,0,0,0,0,0,0,0,0,0,0,0,0,0,0,0,0,0,0,0,0,0,0,0,0,0,0,0,0,0,0,0,0,0,0,0,0,0,0,0,0,0,0,0,0,0,0,0,0,0,0,0,0,0,0,0,0,0,0,0,0,0,0,0,0,0,0,0,0,0,0,0,0,0,0,0,0,0,0,0,0,0,0,0,0,0,0,0,0,0,0,0,0,0,0,0,0,0,0,0,0,0,0,0,0,0,0,0,0,0,0,0,0,0,0,0,0,0,0,0,0,0,0,0,0,0,0,0,0,0,0,0,0,0,0,0,0,0,0,0,0,0,0
0,0,0,0,0,0,0,0,0,0,0,0,0,0,0,0,0,0,0,0,0,0,0,0,0,0,0,0,0,0,0,0,0,0,0,0,0,0,0,0,0,0,0,0,0,0,0,0,0,0,0,0,0,0,0,0,0,0,0,0,0,0,0,0,0,0,0,0,0,0,0,0,0,0,0,0,0,0,0,0,0,0,0,0,0,0,0,0,0,0,0,0,0,0,0,0,0,0,0,0,0,0,0,0,0,0,0,0,0,0,0,0,0,0,0,0,0,0,0,0,0,0,0,0,0,0,0,0,0,0,0,0,0,0,0,0,0,0,0,0,0,0,0,0,0,0,0,0,0,0,0,0,0,0,0,0,0,0,0,0,0,0,0,0,0,0,0,0,0,0,0,0,0,0,0,0,0,0,0,0,0,0,0,0,0,0,0,0,0
0,0,6,0,1,1,0,0,61,2,2,0,0,0,1,0,0,0,0,1,0,0,0,0,32,0,0,5,1,1,1,0,0,1,0,0,0,0,0,2,1,0,0,0,0,164,11,0,0,5,30,4,1,4,119,56,5,41,10,0,1,0,5,3,47,0,0,37,0,88,7,0,19,6,2,14,0,0,0,0,17,1,0,2,35,0,0,97,4,8,0,6,0,2,0,0,29,0,3,10,0,1,0,0,0,0,0,0,0,1,0,0,0,0,1,1,0,0,0,0,0,0,0,0,0,2,1,1,10,0,1,0,4,0,0,0,0,0,2,0,1,0,0,0,1,2,1,3,0,0,0,0,0,0,0,0,0,0,1,2,0,0,0,0,5,10,0,0,7,10,5,0,128,40,6,261,5,0,0,1,1,0,0,0,0,1,4,0,0
0,0,24,0,1,0,0,0,79,0,1,0,0,0,2,0,0,2,0,1,0,0,0,0,29,0,1,4,1,0,0,0,0,4,0,0,0,2,0,5,14,0,0,0,0,105,10,0,0,5,29,3,2,0,66,46,6,30,5,0,0,1,25,0,55,1,0,17,0,111,10,0,10,11,0,11,0,0,0,0,9,0,0,19,14,0,1,75,4,8,0,8,2,0,0,2,22,0,10,5,1,6,1,1,0,0,0,1,0,0,0,0,1,0,0,0,0,1,2,0,0,0,0,0,0,4,1,3,13,0,1,0,6,0,1,0,0,0,2,0,0,0,0,0,0,0,0,0,0,0,0,0,0,0,0,0,0,0,0,0,0,0,0,0,0,7,3,0,11,10,11,0,109,13,0,500,6,0,0,2,1,0,0,0,0,2,4,0,0
0,0,14,0,1,0,0,0,12,0,0,0,0,1,2,1,0,2,0,8,0,0,0,0,36,0,0,8,0,2,0,0,0,0,0,0,0,0,0,9,3,0,0,0,0,104,12,0,0,33,10,1,1,0,13,7,10,141,1,1,0,1,40,0,70,1,0,22,8,24,1,0,17,9,2,18,0,0,0,0,20,1,0,0,9,0,0,107,3,5,0,5,0,3,0,0,25,0,6,3,0,1,0,0,0,0,1,0,0,1,0,0,0,0,0,1,0,0,1,0,0,0,0,0,0,1,0,1,8,0,0,0,0,0,0,0,0,0,3,0,0,0,0,0,0,1,0,2,1,0,0,0,0,0,0,1,2,0,1,0,0,0,0,0,0,6,0,0,9,16,4,0,55,31,2,277,2,0,0,2,4,0,0,0,0,1,1,0,1
0,0,1,1,9,0,0,0,9,0,0,0,0,0,4,0,0,2,0,2,0,0,0,0,31,0,0,15,1,0,1,0,0,0,1,0,0,0,0,0,1,0,0,0,0,76,8,0,0,29,10,21,0,0,1,48,5,100,1,0,0,0,3,1,39,0,0,24,0,12,6,1,14,14,0,11,0,0,0,0,43,1,0,0,17,0,0,69,5,5,0,3,14,0,0,1,6,0,3,0,0,1,0,0,1,0,1,1,0,0,0,0,1,3,0,7,1,1,5,0,0,0,0,0,0,0,0,0,8,1,0,2,3,0,0,0,0,0,1,0,0,1,0,0,0,0,0,0,0,1,0,0,0,0,0,0,2,0,1,4,0,0,0,0,0,1,0,0,30,6,6,0,73,16,6,329,5,0,0,1,2,0,0,0,0,1,0,0,0
0,0,0,0,0,0,0,0,4,0,0,0,0,0,2,0,0,0,0,0,0,0,0,0,56,0,1,0,0,0,0,0,0,0,0,1,0,0,52,1,1,0,1,1,0,89,146,0,0,0,52,0,0,0,0,0,0,0,0,0,0,0,0,0,0,0,0,0,0,3,0,0,7,1,0,11,0,0,0,0,0,0,0,0,3,0,0,206,19,33,0,16,1,0,0,1,56,2,4,0,0,0,1,0,0,0,0,0,0,0,5,0,0,0,0,0,0,0,0,0,0,0,0,0,0,0,0,0,0,0,0,0,0,0,0,0,0,0,1,0,0,1,0,0,0,2,0,0,0,0,0,0,0,0,0,0,0,0,0,0,0,0,0,0,0,25,0,0,6,8,5,0,33,17,0,565,4,0,0,0,1,0,0,0,0,0,1,0,0
0,0,0,0,0,0,0,0,0,0,0,0,0,0,0,0,0,0,0,0,0,0,0,0,0,0,0,0,0,0,0,0,0,0,0,0,0,0,0,0,0,0,0,0,0,0,0,0,0,0,0,0,0,0,0,0,0,0,0,0,0,0,0,0,0,0,0,0,0,0,0,0,0,0,0,0,0,0,0,0,0,0,0,0,0,0,0,0,0,0,0,0,0,0,0,0,0,0,0,0,0,0,0,0,0,0,0,0,0,0,0,0,0,0,0,0,0,0,0,0,0,0,0,0,0,0,0,0,0,0,0,0,0,0,0,0,0,0,0,0,0,0,0,0,0,0,0,0,0,0,0,0,0,0,0,0,0,0,0,0,0,0,0,0,0,0,0,0,0,0,0,0,0,0,0,0,0,0,0,0,0,0,0,0,0,0,0,0,0
0,0,0,0,0,0,0,0,0,0,0,0,0,0,0,0,0,0,0,0,0,0,0,0,0,0,0,0,0,0,0,0,0,0,0,0,0,0,0,0,0,0,0,0,0,0,0,0,0,0,0,0,0,0,0,0,0,0,0,0,0,0,0,0,0,0,0,0,0,0,0,0,0,0,0,0,0,0,0,0,0,0,0,0,0,0,0,0,0,0,0,0,0,0,0,0,0,0,0,0,0,0,0,0,0,0,0,0,0,0,0,0,0,0,0,0,0,0,0,0,0,0,0,0,0,0,0,0,0,0,0,0,0,0,0,0,0,0,0,0,0,0,0,0,0,0,0,0,0,0,0,0,0,0,0,0,0,0,0,0,0,0,0,0,0,0,0,0,0,0,0,0,0,0,0,0,0,0,0,0,0,0,0,0,0,0,0,0,0
0,0,0,0,0,0,0,0,0,0,0,0,0,0,0,0,0,0,0,0,0,0,0,0,0,0,0,0,0,0,0,0,0,0,0,0,0,0,0,0,0,0,0,0,0,0,0,0,0,0,0,0,0,0,0,0,0,0,0,0,0,0,0,0,0,0,0,0,0,0,0,0,0,0,0,0,0,0,0,0,0,0,0,0,0,0,0,0,0,0,0,0,0,0,0,0,0,0,0,0,0,0,0,0,0,0,0,0,0,0,0,0,0,0,0,0,0,0,0,0,0,0,0,0,0,0,0,0,0,0,0,0,0,0,0,0,0,0,0,0,0,0,0,0,0,0,0,0,0,0,0,0,0,0,0,0,0,0,0,0,0,0,0,0,0,0,0,0,0,0,0,0,0,0,0,0,0,0,0,0,0,0,0,0,0,0,0,0,0
0,0,0,0,0,0,0,0,0,0,0,0,0,0,0,0,0,0,0,0,0,0,0,0,0,0,0,0,0,0,0,0,0,0,0,0,0,0,0,0,0,0,0,0,0,0,0,0,0,0,0,0,0,0,0,0,0,0,0,0,0,0,0,0,0,0,0,0,0,0,0,0,0,0,0,0,0,0,0,0,0,0,0,0,0,0,0,0,0,0,0,0,0,0,0,0,0,0,0,0,0,0,0,0,0,0,0,0,0,0,0,0,0,0,0,0,0,0,0,0,0,0,0,0,0,0,0,0,0,0,0,0,0,0,0,0,0,0,0,0,0,0,0,0,0,0,0,0,0,0,0,0,0,0,0,0,0,0,0,0,0,0,0,0,0,0,0,0,0,0,0,0,0,0,0,0,0,0,0,0,0,0,0,0,0,0,0,0,0
0,0,0,0,0,0,0,0,0,0,0,0,0,0,0,0,0,0,0,0,0,0,0,0,0,0,0,0,0,0,0,0,0,0,0,0,0,0,0,0,0,0,0,0,0,0,0,0,0,0,0,0,0,0,0,0,0,0,0,0,0,0,0,0,0,0,0,0,0,0,0,0,0,0,0,0,0,0,0,0,0,0,0,0,0,0,0,0,0,0,0,0,0,0,0,0,0,0,0,0,0,0,0,0,0,0,0,0,0,0,0,0,0,0,0,0,0,0,0,0,0,0,0,0,0,0,0,0,0,0,0,0,0,0,0,0,0,0,0,0,0,0,0,0,0,0,0,0,0,0,0,0,0,0,0,0,0,0,0,0,0,0,0,0,0,0,0,0,0,0,0,0,0,0,0,0,0,0,0,0,0,0,0,0,0,0,0,0,0
0,0,0,0,0,0,0,0,0,0,0,0,0,0,0,0,0,0,0,0,0,0,0,0,0,0,0,0,0,0,0,0,0,0,0,0,0,0,0,0,0,0,0,0,0,0,0,0,0,0,0,0,0,0,0,0,0,0,0,0,0,0,0,0,0,0,0,0,0,0,0,0,0,0,0,0,0,0,0,0,0,0,0,0,0,0,0,0,0,0,0,0,0,0,0,0,0,0,0,0,0,0,0,0,0,0,0,0,0,0,0,0,0,0,0,0,0,0,0,0,0,0,0,0,0,0,0,0,0,0,0,0,0,0,0,0,0,0,0,0,0,0,0,0,0,0,0,0,0,0,0,0,0,0,0,0,0,0,0,0,0,0,0,0,0,0,0,0,0,0,0,0,0,0,0,0,0,0,0,0,0,0,0,0,0,0,0,0,0
0,0,0,0,0,0,0,0,0,0,0,0,0,0,0,0,0,0,0,0,0,0,0,0,0,0,0,0,0,0,0,0,0,0,0,0,0,0,0,0,0,0,0,0,0,0,0,0,0,0,0,0,0,0,0,0,0,0,0,0,0,0,0,0,0,0,0,0,0,0,0,0,0,0,0,0,0,0,0,0,0,0,0,0,0,0,0,0,0,0,0,0,0,0,0,0,0,0,0,0,0,0,0,0,0,0,0,0,0,0,0,0,0,0,0,0,0,0,0,0,0,0,0,0,0,0,0,0,0,0,0,0,0,0,0,0,0,0,0,0,0,0,0,0,0,0,0,0,0,0,0,0,0,0,0,0,0,0,0,0,0,0,0,0,0,0,0,0,0,0,0,0,0,0,0,0,0,0,0,0,0,0,0,0,0,0,0,0,0
0,0,0,0,0,0,0,0,0,0,0,0,0,0,0,0,0,0,0,0,0,0,0,0,0,0,0,0,0,0,0,0,0,0,0,0,0,0,0,0,0,0,0,0,0,0,0,0,0,0,0,0,0,0,0,0,0,0,0,0,0,0,0,0,0,0,0,0,0,0,0,0,0,0,0,0,0,0,0,0,0,0,0,0,0,0,0,0,0,0,0,0,0,0,0,0,0,0,0,0,0,0,0,0,0,0,0,0,0,0,0,0,0,0,0,0,0,0,0,0,0,0,0,0,0,0,0,0,0,0,0,0,0,0,0,0,0,0,0,0,0,0,0,0,0,0,0,0,0,0,0,0,0,0,0,0,0,0,0,0,0,0,0,0,0,0,0,0,0,0,0,0,0,0,0,0,0,0,0,0,0,0,0,0,0,0,0,0,0
0,0,4,0,1,0,0,116,126,2,19,0,0,0,0,0,0,2,0,0,0,0,0,0,13,0,0,1,0,0,0,0,0,0,0,0,0,0,0,1,8,0,0,0,1,146,19,0,0,7,7,0,1,0,13,6,1,19,1,0,0,0,10,0,38,3,0,53,0,22,0,0,14,20,5,8,0,0,0,0,23,2,14,1,7,0,0,34,3,1,0,1,0,0,0,0,6,0,6,0,0,0,0,0,0,0,0,0,0,0,0,0,0,0,0,0,0,0,0,0,0,0,0,0,0,0,0,2,1,0,0,0,0,0,0,0,0,0,1,0,0,2,0,0,0,0,0,2,0,1,0,0,0,0,0,0,0,0,1,4,1,0,0,0,0,17,1,0,3,51,5,0,38,33,0,113,27,0,0,1,2,0,0,0,0,0,0,0,0
0,0,1,0,0,0,0,0,22,0,1,0,0,0,1,0,0,1,0,1,0,0,0,0,10,0,0,1,0,0,0,0,0,0,0,0,0,0,0,0,8,0,0,0,0,282,7,0,0,2,34,1,0,0,3,22,4,15,7,0,0,0,3,0,52,0,1,39,0,12,0,0,32,14,6,25,0,0,0,0,10,0,0,1,4,0,0,30,2,1,0,0,0,0,0,0,20,0,0,0,0,0,0,0,0,0,0,0,0,2,0,0,0,0,0,0,0,0,0,0,0,0,0,0,0,0,0,0,0,0,0,0,1,0,0,0,0,0,1,0,0,11,0,0,0,12,0,2,0,0,0,0,0,0,0,0,0,0,0,2,0,0,0,0,0,43,0,0,5,30,2,0,23,19,0,59,22,0,1,1,0,0,0,0,0,0,0,0,0
0,0,3,0,0,0,0,4,53,1,4,0,0,0,0,0,0,0,0,0,0,0,0,0,5,0,0,1,0,0,0,0,0,0,0,0,0,0,0,0,25,0,0,0,0,248,36,0,0,13,35,1,0,0,7,18,9,45,6,0,1,0,10,0,38,0,0,88,0,19,0,0,38,10,6,18,0,0,0,0,21,1,1,4,5,0,0,32,0,3,0,2,0,0,0,0,5,0,1,2,0,0,0,0,0,0,0,0,0,0,0,0,0,0,0,0,0,0,0,0,0,0,0,0,0,0,0,0,1,0,0,0,2,0,0,0,0,0,0,0,0,5,0,0,0,29,0,0,0,0,0,0,0,0,0,0,0,0,0,0,0,0,0,0,0,97,1,0,5,15,1,0,30,22,0,170,20,0,2,0,0,0,0,0,0,1,0,0,0
0,0,2,0,0,0,0,8,58,0,0,0,0,0,0,0,0,0,1,0,0,0,0,0,16,0,0,1,0,0,0,0,0,0,0,0,0,0,0,0,11,0,0,0,0,128,19,0,0,4,9,0,1,0,7,11,5,21,4,0,0,0,7,0,12,1,0,46,0,17,0,0,32,3,2,9,0,0,0,0,21,0,0,0,6,0,0,34,3,3,0,1,0,0,0,1,25,0,5,4,0,0,0,0,0,1,0,0,0,0,0,0,0,0,0,0,0,0,1,0,0,0,0,0,0,0,0,0,2,0,0,0,0,0,1,0,0,0,0,0,0,2,0,0,0,2,0,4,0,0,0,0,0,0,0,0,0,0,0,0,0,0,0,0,0,371,1,0,11,15,1,0,16,24,0,75,14,0,4,0,0,0,0,0,0,1,1,0,0
0,0,10,0,7,0,0,0,23,0,0,0,0,0,0,0,0,4,0,2,0,0,0,0,88,0,1,6,1,0,0,0,0,0,0,0,0,0,0,8,9,0,0,0,1,81,7,0,1,14,27,10,0,0,9,15,6,56,1,0,0,1,16,0,44,1,0,26,0,36,3,3,15,8,0,12,0,0,0,0,46,1,0,2,36,0,0,84,8,9,0,2,0,0,0,1,3,0,0,1,0,0,0,0,1,0,0,0,0,0,0,0,0,0,0,0,1,1,1,0,0,0,0,0,0,0,0,0,2,0,0,0,2,0,0,0,0,0,0,0,0,0,0,0,0,0,0,0,0,0,0,4,0,0,1,4,1,0,0,0,0,0,0,0,0,9,1,0,9,4,5,0,56,30,3,223,2,0,0,0,5,0,0,0,0,0,0,0,0
0,0,16,2,1,0,1,0,60,0,3,0,0,1,0,0,0,0,0,0,0,0,0,0,49,0,0,14,0,2,0,0,0,1,0,0,0,0,0,7,5,0,0,0,0,177,19,1,0,4,80,3,0,0,13,113,8,23,0,0,1,0,3,0,40,2,0,31,0,17,4,0,28,14,0,21,0,0,0,0,61,0,0,2,22,0,0,79,5,5,0,5,0,2,0,0,7,0,3,2,0,1,0,1,0,0,0,0,0,0,0,0,0,0,0,0,0,1,0,0,0,0,0,0,0,1,0,0,6,0,0,3,3,0,0,0,0,0,1,0,0,0,0,0,0,1,0,3,0,0,0,1,0,0,0,0,3,0,0,3,0,0,0,0,0,47,0,0,12,13,4,0,89,21,3,194,2,0,0,0,3,0,0,0,0,0,0,0,0
0,0,11,0,18,0,0,0,71,3,1,0,0,0,2,0,0,1,0,1,0,0,0,0,32,1,0,14,1,0,0,0,0,0,0,0,0,0,0,3,3,0,0,0,0,164,14,0,0,2,22,4,0,0,60,60,6,18,3,0,1,1,4,0,30,0,0,37,0,78,5,0,41,7,0,22,0,0,1,0,42,3,0,3,16,0,0,97,10,14,0,1,0,1,0,0,16,3,2,3,0,3,0,0,0,0,0,0,0,0,0,0,0,0,0,0,0,0,1,0,0,0,0,0,0,1,0,0,1,0,0,0,1,0,0,0,0,0,0,0,0,0,0,0,1,1,0,3,0,0,0,0,0,0,0,1,0,0,0,1,0,0,0,0,0,27,0,0,14,6,21,0,71,21,4,282,1,0,0,2,6,0,1,0,0,3,0,0,0
0,0,16,0,5,0,0,0,68,1,4,0,0,0,0,0,0,0,0,2,0,0,0,0,37,0,0,5,0,0,0,0,0,6,0,0,0,0,0,6,3,0,0,0,0,148,1,0,0,6,38,2,0,0,18,55,9,53,1,0,0,0,13,0,27,1,0,20,0,53,5,1,38,25,0,23,0,0,0,0,218,2,0,1,24,0,0,77,7,5,0,3,0,1,0,1,4,0,1,3,0,0,0,0,0,0,2,0,0,1,0,0,0,0,0,1,0,0,5,0,1,0,0,0,0,2,1,0,7,1,0,0,1,0,0,0,0,0,1,0,0,0,0,0,0,0,0,1,0,0,0,1,0,0,0,0,0,0,0,0,0,0,0,0,0,4,0,0,8,11,4,0,87,28,2,568,3,0,0,1,3,0,0,0,0,0,0,0,0
0,0,0,0,0,0,0,0,0,0,0,0,0,0,0,0,0,0,0,0,0,0,0,0,0,0,0,0,0,0,0,0,0,0,0,0,0,0,0,0,0,0,0,0,0,0,0,0,0,0,0,0,0,0,0,0,0,0,0,0,0,0,0,0,0,0,0,0,0,0,0,0,0,0,0,0,0,0,0,0,0,0,0,0,0,0,0,0,0,0,0,0,0,0,0,0,0,0,0,0,0,0,0,0,0,0,0,0,0,0,0,0,0,0,0,0,0,0,0,0,0,0,0,0,0,0,0,0,0,0,0,0,0,0,0,0,0,0,0,0,0,0,0,0,0,0,0,0,0,0,0,0,0,0,0,0,0,0,0,0,0,0,0,0,0,0,0,0,0,0,0,0,0,0,0,0,0,0,0,0,0,0,0,0,0,0,0,0,0
25,0,10,1,15,0,1,0,9,4,1,1,0,1,1,0,0,1,0,3,0,1,0,0,34,0,1,11,0,0,0,0,0,0,0,0,0,0,0,8,3,0,0,0,0,153,15,4,2,26,35,12,0,1,5,85,3,38,2,0,0,0,1,1,66,7,0,28,3,60,5,0,11,2,0,18,0,0,0,0,40,0,0,11,22,0,0,99,5,8,2,9,0,0,0,3,7,0,3,7,0,5,0,0,0,0,1,0,0,1,0,0,0,0,0,2,0,2,0,0,0,0,0,0,0,0,1,0,6,1,0,0,3,0,0,1,0,0,0,0,0,0,0,0,0,0,0,1,3,0,0,2,0,0,0,0,0,1,0,0,0,3,0,0,0,6,0,0,8,5,13,0,72,16,5,323,7,1,0,0,3,0,0,0,0,0,0,0,1
0,0,18,1,8,1,0,0,42,4,0,0,0,0,1,1,0,4,0,2,0,1,0,0,19,1,1,7,0,0,2,0,0,0,0,0,0,0,0,0,4,0,0,0,0,159,35,3,0,23,37,5,1,0,5,40,6,50,3,6,1,1,0,0,98,3,0,17,0,37,1,1,30,6,1,16,0,2,0,0,28,0,0,11,14,0,0,78,2,9,0,2,0,0,0,2,9,0,5,3,0,0,0,0,0,0,0,0,0,1,0,0,0,0,0,1,1,3,1,0,0,0,0,0,0,4,0,2,14,0,0,0,3,0,0,0,0,0,0,0,0,0,0,0,0,1,0,1,0,0,0,0,0,0,0,0,0,0,0,0,0,0,0,0,0,16,0,0,13,2,10,0,130,25,3,244,1,0,0,0,4,0,0,0,0,2,0,0,2
0,0,0,0,0,0,0,0,0,0,0,0,0,0,0,0,0,0,0,0,0,0,0,0,0,0,0,0,0,0,0,0,0,0,0,0,0,0,0,0,0,0,0,0,0,0,0,0,0,0,0,0,0,0,0,0,0,0,0,0,0,0,0,0,0,0,0,0,0,0,0,0,0,0,0,0,0,0,0,0,0,0,0,0,0,0,0,0,0,0,0,0,0,0,0,0,0,0,0,0,0,0,0,0,0,0,0,0,0,0,0,0,0,0,0,0,0,0,0,0,0,0,0,0,0,0,0,0,0,0,0,0,0,0,0,0,0,0,0,0,0,0,0,0,0,0,0,0,0,0,0,0,0,0,0,0,0,0,0,0,0,0,0,0,0,0,0,0,0,0,0,0,0,0,0,0,0,0,0,0,0,0,0,0,0,0,0,0,0
0,0,8,0,0,0,0,0,0,13,0,0,0,0,0,0,0,1,1,0,0,0,0,0,21,1,0,6,0,0,0,0,0,0,0,1,0,0,0,0,1,0,0,0,0,132,0,3,0,0,140,0,2,0,14,3,12,61,0,0,0,0,23,0,15,2,0,5,0,32,0,0,45,13,0,22,0,0,1,2,17,1,0,0,20,0,20,50,5,9,0,2,0,1,0,0,0,0,0,0,1,6,0,2,0,0,0,0,0,2,0,0,0,0,0,0,0,0,0,0,0,0,0,2,0,1,0,1,0,0,1,5,6,0,0,2,0,0,2,0,0,0,0,0,0,0,0,0,0,0,0,0,0,0,0,0,0,0,0,0,0,0,0,0,0,1,0,0,17,1,10,0,70,38,0,504,5,0,0,3,1,0,0,0,0,2,0,0,0
0,0,4,0,3,0,0,0,1,41,0,0,0,0,3,0,0,2,1,2,0,0,0,1,17,0,1,3,1,0,1,0,0,0,0,0,0,0,0,0,2,0,0,0,0,138,0,1,0,0,117,0,0,0,14,10,10,94,0,0,0,0,17,0,11,0,0,2,2,50,0,0,20,9,1,21,0,0,1,0,26,2,0,0,13,0,19,48,4,9,0,0,0,10,0,0,4,0,2,1,0,13,0,1,0,0,0,1,0,3,0,0,0,0,0,0,0,0,0,0,1,0,0,0,1,3,2,3,6,0,1,8,1,0,0,2,0,0,2,0,0,0,0,0,0,0,0,0,0,0,0,0,0,0,0,0,0,0,0,0,0,0,0,0,0,1,2,0,11,4,9,0,104,17,6,412,1,0,0,1,2,0,0,0,0,2,0,0,0
0,0,3,0,19,0,0,0,4,0,0,0,0,0,0,0,0,1,0,2,0,0,0,0,30,0,0,3,0,0,0,0,0,0,0,0,0,0,0,8,1,0,0,0,0,215,8,0,0,1,64,4,0,0,61,67,4,45,4,0,0,0,0,3,31,0,0,53,2,81,3,0,84,9,0,21,0,0,0,0,11,3,0,0,27,0,0,46,5,7,0,6,0,18,0,0,13,1,11,1,0,20,0,0,0,0,0,0,0,0,0,0,0,0,0,0,0,0,0,0,0,0,0,0,0,0,0,0,2,0,0,0,1,0,1,1,0,0,0,1,2,0,0,0,0,0,1,2,1,0,0,0,0,0,0,0,2,0,12,1,0,0,0,0,0,24,3,0,15,3,4,0,100,10,1,284,5,0,0,2,2,0,0,0,1,5,2,0,0
0,0,0,0,4,0,0,0,1,0,0,0,0,0,5,0,0,0,0,4,0,0,0,0,23,0,0,2,0,0,0,0,0,0,0,0,0,0,0,0,2,0,0,0,1,286,3,1,0,1,15,0,2,0,87,99,4,35,5,7,0,0,0,2,47,1,0,52,1,132,2,0,124,9,3,21,0,0,0,0,6,0,0,1,18,0,0,85,3,4,0,6,0,18,0,2,61,1,8,8,0,3,0,0,0,0,0,0,0,0,0,0,0,0,0,0,0,0,0,0,0,0,0,0,0,0,0,0,0,0,0,0,1,0,3,0,0,0,1,0,0,0,0,0,0,0,1,4,0,0,0,1,0,0,0,0,0,0,1,5,0,0,0,0,13,13,1,0,10,6,1,0,49,8,1,110,1,0,1,1,0,0,0,0,0,0,0,0,0
0,0,8,0,4,1,1,0,52,1,0,0,0,7,1,0,0,0,0,0,0,0,0,0,22,0,0,8,0,1,0,0,0,2,0,0,0,0,0,0,3,0,0,1,0,119,15,5,0,36,22,4,0,0,93,50,5,58,0,0,0,0,40,0,34,0,0,19,0,83,3,2,54,13,4,35,0,0,0,0,44,2,0,4,24,0,0,48,4,9,0,6,1,28,0,2,20,0,14,1,0,5,0,3,0,0,1,0,0,1,0,0,0,0,0,0,0,0,0,0,0,0,0,0,0,5,0,2,4,1,0,1,4,0,1,0,0,0,2,0,0,0,0,0,0,0,2,0,0,0,0,0,1,0,0,0,1,0,0,0,0,0,0,0,1,12,1,0,11,14,6,0,95,15,5,264,3,0,1,1,0,0,0,0,0,1,7,0,0
0,0,0,0,0,0,0,0,2,0,0,0,0,0,1,0,0,0,0,2,0,0,0,0,23,0,0,3,0,0,0,0,0,0,0,0,0,0,0,0,6,0,0,0,0,281,3,1,0,8,30,1,1,0,110,56,4,41,3,2,1,0,12,2,47,0,0,35,0,93,1,1,81,11,2,32,0,0,0,0,3,1,0,4,24,0,0,79,4,7,0,4,1,3,0,0,6,0,0,8,0,0,0,0,0,0,0,0,0,0,0,0,0,1,0,0,0,2,0,0,0,0,0,0,0,1,0,2,2,0,1,0,0,0,1,0,0,0,0,0,2,0,0,0,0,0,0,3,0,0,0,0,1,0,0,0,0,0,0,0,0,0,0,0,1,30,0,0,10,4,5,0,48,14,0,235,1,0,0,1,0,0,0,0,0,0,3,0,0
0,0,18,0,35,0,0,0,63,2,1,0,0,0,2,0,0,0,2,2,0,0,0,0,37,0,0,5,0,0,0,0,0,0,0,0,0,1,2,0,3,0,1,0,0,196,5,0,0,1,15,8,3,7,211,41,3,33,2,0,0,0,14,5,21,2,0,27,1,54,1,0,24,10,1,23,0,0,0,0,12,1,0,1,25,0,1,32,2,1,0,5,1,4,0,3,12,2,1,1,0,1,0,0,0,0,0,0,0,0,0,0,0,0,0,0,0,0,0,0,0,0,0,0,0,0,0,0,4,0,0,2,0,0,0,0,0,0,0,0,0,0,0,0,0,3,1,1,0,0,0,0,0,0,0,0,0,0,3,0,0,0,0,0,0,10,0,0,4,4,8,0,50,18,0,331,4,0,0,2,2,0,0,0,0,1,1,0,0
0,0,0,0,0,0,0,0,0,0,0,0,0,0,0,0,0,0,0,0,0,0,0,0,0,0,0,0,0,0,0,0,0,0,0,0,0,0,0,0,0,0,0,0,0,0,0,0,0,0,0,0,0,0,0,0,0,0,0,0,0,0,0,0,0,0,0,0,0,0,0,0,0,0,0,0,0,0,0,0,0,0,0,0,0,0,0,0,0,0,0,0,0,0,0,0,0,0,0,0,0,0,0,0,0,0,0,0,0,0,0,0,0,0,0,0,0,0,0,0,0,0,0,0,0,0,0,0,0,0,0,0,0,0,0,0,0,0,0,0,0,0,0,0,0,0,0,0,0,0,0,0,0,0,0,0,0,0,0,0,0,0,0,0,0,0,0,0,0,0,0,0,0,0,0,0,0,0,0,0,0,0,0,0,0,0,0,0,0
0,0,8,0,7,0,0,0,7,2,1,0,0,0,0,0,0,5,0,1,0,0,0,0,31,0,0,2,0,0,1,0,0,0,0,0,0,1,0,0,18,0,0,0,0,132,1,4,0,11,37,13,1,0,3,13,21,118,2,0,0,1,18,2,28,0,0,50,0,17,0,0,7,12,0,34,0,0,0,1,72,4,0,0,28,0,11,70,10,26,0,7,0,1,1,6,40,0,6,0,0,3,0,1,0,0,0,0,0,0,0,0,0,0,0,2,0,0,4,0,1,0,0,1,0,6,0,1,8,0,0,0,3,0,0,1,0,0,0,0,0,1,0,0,0,0,0,1,0,0,0,0,0,0,0,0,0,0,1,3,0,0,1,0,0,9,2,0,11,5,9,0,75,18,5,262,2,0,0,1,5,0,0,0,0,0,0,0,0
0,0,10,1,23,0,0,0,17,0,2,2,0,0,0,1,0,6,0,2,0,0,0,0,40,0,0,3,0,0,1,0,0,3,0,0,0,0,0,0,10,0,1,0,0,176,0,0,0,36,20,13,1,0,3,10,6,111,2,0,0,5,45,0,72,4,0,107,7,75,5,0,15,21,1,34,0,0,0,1,84,1,0,3,29,0,2,53,5,5,1,6,1,2,0,3,29,0,1,4,0,0,0,0,0,0,1,0,0,0,0,0,0,0,0,1,1,0,2,0,0,0,0,0,0,7,1,1,15,1,0,0,5,0,0,0,0,0,2,0,0,0,0,0,0,0,0,1,0,0,0,0,2,0,0,1,0,1,1,5,0,2,3,0,0,6,2,0,1,8,6,0,57,11,0,275,7,0,0,0,1,0,0,4,0,0,0,1,1
0,0,38,0,28,0,3,0,22,2,1,0,0,1,5,0,0,8,1,3,0,0,0,1,66,2,0,5,0,0,3,0,0,7,0,0,0,0,2,1,23,0,0,0,1,398,2,2,0,64,76,69,1,0,16,54,24,262,7,0,1,3,38,5,83,4,0,153,8,75,5,3,73,39,0,51,0,0,0,1,171,2,0,3,35,0,7,174,20,25,0,5,0,1,1,5,71,0,18,0,0,6,0,0,0,0,0,0,0,0,0,0,1,0,0,3,1,0,5,0,0,0,0,0,0,8,0,7,33,0,0,3,8,0,1,0,0,0,1,0,0,6,0,0,0,2,0,2,0,0,0,0,1,0,0,0,0,0,7,5,0,1,0,1,1,39,7,0,12,26,8,0,146,29,11,475,8,0,0,0,8,0,0,3,0,2,0,0,3
0,0,6,2,29,0,2,0,34,3,0,0,0,0,4,0,0,2,2,4,1,0,0,0,94,1,0,8,1,0,1,0,0,3,0,0,0,1,0,3,20,0,1,0,0,307,5,1,0,43,48,25,2,0,13,52,28,330,3,0,0,3,12,2,86,3,0,76,7,30,3,2,54,34,0,46,0,0,0,6,181,2,1,2,61,0,12,183,19,21,5,9,2,0,0,9,39,0,11,10,0,0,0,0,1,0,0,2,0,0,0,0,1,1,1,4,0,2,5,0,1,0,1,1,0,4,6,5,28,2,0,1,10,0,0,2,0,0,2,0,0,1,0,1,0,3,0,1,0,0,0,1,1,0,0,1,0,4,5,6,0,3,4,1,0,20,3,0,22,11,20,0,167,30,14,596,2,0,3,1,5,0,0,1,0,3,0,0,3
0,0,0,0,1,0,1,0,21,0,0,0,0,0,0,0,0,0,0,0,0,0,0,0,31,0,1,6,0,0,0,0,0,1,0,0,0,0,0,0,0,0,0,0,0,156,4,0,0,0,204,1,2,0,7,26,7,261,1,13,0,0,14,0,30,2,0,3,0,11,0,0,24,12,0,21,0,0,0,3,31,0,0,0,44,0,0,55,6,21,0,1,0,11,0,0,1,1,0,0,0,0,0,0,0,0,0,2,0,0,0,0,0,1,0,0,0,1,0,0,0,0,0,0,0,0,0,0,2,0,0,1,5,0,0,0,0,0,0,0,0,0,0,0,0,0,0,0,0,0,0,0,0,0,0,0,0,0,0,0,0,0,0,0,0,38,0,0,5,3,6,1,65,9,0,229,4,0,0,0,5,0,0,0,0,3,0,1,0
0,0,0,0,0,0,0,0,0,0,0,0,0,0,0,0,0,0,0,0,0,0,0,0,0,0,0,0,0,0,0,0,0,0,0,0,0,0,0,0,0,0,0,0,0,0,0,0,0,0,0,0,0,0,0,0,0,0,0,0,0,0,0,0,0,0,0,0,0,0,0,0,0,0,0,0,0,0,0,0,0,0,0,0,0,0,0,0,0,0,0,0,0,0,0,0,0,0,0,0,0,0,0,0,0,0,0,0,0,0,0,0,0,0,0,0,0,0,0,0,0,0,0,0,0,0,0,0,0,0,0,0,0,0,0,0,0,0,0,0,0,0,0,0,0,0,0,0,0,0,0,0,0,0,0,0,0,0,0,0,0,0,0,0,0,0,0,0,0,0,0,0,0,0,0,0,0,0,0,0,0,0,0,0,0,0,0,0,0
0,0,1,0,1,0,0,0,32,0,0,0,0,0,1,1,0,4,1,1,0,0,0,0,15,0,1,5,0,0,1,0,0,1,0,0,0,0,0,4,3,0,0,0,0,109,17,2,0,15,14,8,0,1,3,22,14,173,0,0,0,0,10,0,46,0,0,2,2,17,0,0,33,12,0,13,0,0,0,2,69,0,0,0,6,0,1,76,4,6,1,3,1,0,0,1,5,1,2,2,0,4,0,0,0,0,0,0,0,1,0,0,0,0,0,2,1,0,0,0,1,0,0,0,0,8,1,9,13,1,0,0,3,0,0,1,0,0,1,0,0,0,0,0,0,0,0,0,0,0,0,0,0,0,0,0,0,0,4,0,0,0,0,0,0,15,0,0,17,4,13,0,73,6,1,169,3,0,1,0,3,0,0,2,0,0,0,0,0
0,0,3,0,0,0,0,0,147,0,0,1,0,0,7,0,0,1,1,3,0,0,0,0,42,2,0,13,0,0,1,0,0,0,0,0,0,0,1,7,19,0,0,0,1,184,53,3,0,24,26,22,3,0,11,34,17,212,0,0,0,0,2,0,56,3,0,13,1,21,0,1,49,32,0,33,0,0,0,31,135,2,0,5,22,0,4,162,28,48,9,9,5,2,0,5,25,0,12,5,0,5,0,0,0,0,0,3,0,6,0,0,0,0,0,1,0,1,3,0,2,0,0,5,0,25,0,4,26,6,0,0,8,0,0,0,0,0,0,0,0,0,0,0,0,4,1,0,0,0,0,0,2,0,0,0,0,2,6,3,0,1,5,0,0,36,2,0,19,11,27,0,234,23,23,495,6,0,1,0,12,0,0,2,0,2,0,0,1
0,0,0,0,0,0,0,0,0,0,0,0,0,0,0,0,0,0,0,0,0,0,0,0,0,0,0,0,0,0,0,0,0,0,0,0,0,0,0,0,0,0,0,0,0,0,0,0,0,0,0,0,0,0,0,0,0,0,0,0,0,0,0,0,0,0,0,0,0,0,0,0,0,0,0,0,0,0,0,0,0,0,0,0,0,0,0,0,0,0,0,0,0,0,0,0,0,0,0,0,0,0,0,0,0,0,0,0,0,0,0,0,0,0,0,0,0,0,0,0,0,0,0,0,0,0,0,0,0,0,0,0,0,0,0,0,0,0,0,0,0,0,0,0,0,0,0,0,0,0,0,0,0,0,0,0,0,0,0,0,0,0,0,0,0,0,0,0,0,0,0,0,0,0,0,0,0,0,0,0,0,0,0,0,0,0,0,0,0
0,0,4,0,1,0,1,0,43,0,0,1,0,0,3,0,0,4,0,0,0,0,0,0,10,0,1,6,0,0,2,0,0,0,0,0,0,0,0,0,3,0,0,0,0,131,3,0,0,12,19,10,0,1,11,11,16,101,0,0,0,0,7,2,18,1,0,6,1,20,2,1,21,16,0,23,0,0,0,22,59,4,0,3,17,0,0,104,9,15,1,1,0,1,0,1,3,1,6,2,0,5,0,1,0,0,2,0,0,0,0,0,1,0,0,0,0,0,2,0,2,0,0,0,1,9,0,4,14,2,1,1,3,0,1,2,0,0,1,0,0,0,0,0,0,0,0,1,0,0,0,0,0,0,0,0,0,0,0,0,0,0,1,0,0,9,1,0,8,5,7,0,101,24,3,301,5,0,1,0,6,0,0,0,0,1,0,1,0
0,0,0,0,1,0,0,0,1,1,0,0,0,0,0,0,0,2,0,3,0,0,0,0,27,0,0,10,0,0,3,0,0,0,0,0,0,0,0,0,1,0,0,0,0,214,6,1,0,3,26,4,0,0,0,22,12,68,2,4,0,1,0,0,21,0,0,13,0,165,2,2,16,20,0,17,0,0,0,29,51,2,0,1,21,0,0,60,4,7,1,3,0,45,0,0,2,0,3,3,0,2,0,0,0,0,0,0,0,0,0,0,0,1,0,0,0,1,0,0,0,0,1,0,0,1,0,3,10,1,0,5,3,0,1,1,0,0,1,0,0,0,0,0,0,0,0,0,0,0,0,0,0,0,0,0,0,0,1,1,0,0,1,0,0,4,1,0,8,0,3,0,77,7,0,146,6,0,0,0,2,0,0,0,0,0,0,0,0
0,0,0,0,0,0,1,0,12,0,0,0,0,0,0,0,0,0,0,0,0,0,0,0,0,0,0,5,0,1,0,0,0,0,0,0,0,0,0,0,25,0,0,0,0,165,0,0,0,1,13,0,3,0,1,7,5,7,0,0,0,0,0,0,1,1,0,0,0,3,1,0,30,4,1,11,0,0,0,0,3,0,0,2,0,0,0,0,0,0,0,0,0,0,0,0,0,0,0,0,0,17,0,0,0,0,1,1,0,0,0,0,0,0,0,0,0,0,0,0,0,0,0,0,0,0,0,1,0,0,0,0,0,0,0,0,0,0,0,0,0,0,0,0,0,0,0,0,0,0,0,32,203,23,0,0,0,0,0,0,0,0,0,0,0,1,9,0,59,5,3,0,74,11,11,309,2,0,1,3,0,0,0,0,0,1,0,0,0
0,0,0,0,0,0,0,0,0,0,0,0,0,0,0,0,0,0,0,0,0,0,0,0,0,0,0,0,0,0,0,0,0,0,0,0,0,0,0,0,0,0,0,0,0,0,0,0,0,0,0,0,0,0,0,0,0,0,0,0,0,0,0,0,0,0,0,0,0,0,0,0,0,0,0,0,0,0,0,0,0,0,0,0,0,0,0,0,0,0,0,0,0,0,0,0,0,0,0,0,0,0,0,0,0,0,0,0,0,0,0,0,0,0,0,0,0,0,0,0,0,0,0,0,0,0,0,0,0,0,0,0,0,0,0,0,0,0,0,0,0,0,0,0,0,0,0,0,0,0,0,0,0,0,0,0,0,0,0,0,0,0,0,0,0,0,0,0,0,0,0,0,0,0,0,0,0,0,0,0,0,0,0,0,0,0,0,0,0
0,0,0,0,0,0,0,0,0,0,0,0,0,0,0,0,0,0,0,0,0,0,0,0,0,0,0,0,0,0,0,0,0,0,0,0,0,0,0,0,0,0,0,0,0,0,0,0,0,0,0,0,0,0,0,0,0,0,0,0,0,0,0,0,0,0,0,0,0,0,0,0,0,0,0,0,0,0,0,0,0,0,0,0,0,0,0,0,0,0,0,0,0,0,0,0,0,0,0,0,0,0,0,0,0,0,0,0,0,0,0,0,0,0,0,0,0,0,0,0,0,0,0,0,0,0,0,0,0,0,0,0,0,0,0,0,0,0,0,0,0,0,0,0,0,0,0,0,0,0,0,0,0,0,0,0,0,0,0,0,0,0,0,0,0,0,0,0,0,0,0,0,0,0,0,0,0,0,0,0,0,0,0,0,0,0,0,0,0
0,0,0,0,0,0,0,0,0,0,0,0,0,0,0,0,0,0,0,0,0,0,0,0,0,0,0,0,0,0,0,0,0,0,0,0,0,0,0,0,0,0,0,0,0,0,0,0,0,0,0,0,0,0,0,0,0,0,0,0,0,0,0,0,0,0,0,0,0,0,0,0,0,0,0,0,0,0,0,0,0,0,0,0,0,0,0,0,0,0,0,0,0,0,0,0,0,0,0,0,0,0,0,0,0,0,0,0,0,0,0,0,0,0,0,0,0,0,0,0,0,0,0,0,0,0,0,0,0,0,0,0,0,0,0,0,0,0,0,0,0,0,0,0,0,0,0,0,0,0,0,0,0,0,0,0,0,0,0,0,0,0,0,0,0,0,0,0,0,0,0,0,0,0,0,0,0,0,0,0,0,0,0,0,0,0,0,0,0
0,0,0,0,0,0,0,0,0,0,0,0,0,0,0,0,0,0,0,0,0,0,0,0,0,0,0,0,0,0,0,0,0,0,0,0,0,0,0,0,0,0,0,0,0,0,0,0,0,0,0,0,0,0,0,0,0,0,0,0,0,0,0,0,0,0,0,0,0,0,0,0,0,0,0,0,0,0,0,0,0,0,0,0,0,0,0,0,0,0,0,0,0,0,0,0,0,0,0,0,0,0,0,0,0,0,0,0,0,0,0,0,0,0,0,0,0,0,0,0,0,0,0,0,0,0,0,0,0,0,0,0,0,0,0,0,0,0,0,0,0,0,0,0,0,0,0,0,0,0,0,0,0,0,0,0,0,0,0,0,0,0,0,0,0,0,0,0,0,0,0,0,0,0,0,0,0,0,0,0,0,0,0,0,0,0,0,0,0
0,0,0,0,0,0,0,0,5,2,0,0,0,0,0,0,0,1,0,0,0,0,0,0,5,0,0,1,0,0,0,0,0,0,0,0,0,0,0,0,28,0,0,0,0,299,0,0,0,2,46,1,6,1,6,25,19,73,0,0,0,0,3,0,25,1,0,0,0,13,1,0,44,23,0,16,0,0,0,0,9,1,0,10,2,0,0,3,2,1,0,0,2,0,0,5,4,0,3,0,0,1,0,0,0,0,0,0,0,0,0,0,0,0,0,0,0,0,0,0,0,0,0,0,0,0,1,1,3,0,0,0,2,0,0,0,0,0,5,0,0,0,0,0,0,2,0,0,0,0,0,0,139,6,0,0,0,0,0,0,0,0,0,0,0,1,6,0,19,6,7,1,116,14,2,197,3,0,0,0,0,0,0,0,0,0,0,0,0
0,0,0,0,0,0,0,0,0,0,0,0,0,0,0,0,0,0,0,0,0,0,0,0,0,0,0,0,0,0,0,0,0,0,0,0,0,0,0,0,0,0,0,0,0,0,0,0,0,0,0,0,0,0,0,0,0,0,0,0,0,0,0,0,0,0,0,0,0,0,0,0,0,0,0,0,0,0,0,0,0,0,0,0,0,0,0,0,0,0,0,0,0,0,0,0,0,0,0,0,0,0,0,0,0,0,0,0,0,0,0,0,0,0,0,0,0,0,0,0,0,0,0,0,0,0,0,0,0,0,0,0,0,0,0,0,0,0,0,0,0,0,0,0,0,0,0,0,0,0,0,0,0,0,0,0,0,0,0,0,0,0,0,0,0,0,0,0,0,0,0,0,0,0,0,0,0,0,0,0,0,0,0,0,0,0,0,0,0
0,0,0,0,0,0,0,0,0,0,0,0,0,0,0,0,0,0,0,0,0,0,0,0,0,0,0,0,0,0,0,0,0,0,0,0,0,0,0,0,0,0,0,0,0,0,0,0,0,0,0,0,0,0,0,0,0,0,0,0,0,0,0,0,0,0,0,0,0,0,0,0,0,0,0,0,0,0,0,0,0,0,0,0,0,0,0,0,0,0,0,0,0,0,0,0,0,0,0,0,0,0,0,0,0,0,0,0,0,0,0,0,0,0,0,0,0,0,0,0,0,0,0,0,0,0,0,0,0,0,0,0,0,0,0,0,0,0,0,0,0,0,0,0,0,0,0,0,0,0,0,0,0,0,0,0,0,0,0,0,0,0,0,0,0,0,0,0,0,0,0,0,0,0,0,0,0,0,0,0,0,0,0,0,0,0,0,0,0
0,0,0,0,0,0,0,0,0,0,0,0,0,0,0,0,0,0,0,0,0,0,0,0,0,0,0,0,0,0,0,0,0,0,0,0,0,0,0,0,0,0,0,0,0,0,0,0,0,0,0,0,0,0,0,0,0,0,0,0,0,0,0,0,0,0,0,0,0,0,0,0,0,0,0,0,0,0,0,0,0,0,0,0,0,0,0,0,0,0,0,0,0,0,0,0,0,0,0,0,0,0,0,0,0,0,0,0,0,0,0,0,0,0,0,0,0,0,0,0,0,0,0,0,0,0,0,0,0,0,0,0,0,0,0,0,0,0,0,0,0,0,0,0,0,0,0,0,0,0,0,0,0,0,0,0,0,0,0,0,0,0,0,0,0,0,0,0,0,0,0,0,0,0,0,0,0,0,0,0,0,0,0,0,0,0,0,0,0
0,0,0,0,0,0,0,0,0,0,0,0,0,0,0,0,0,0,0,0,0,0,0,0,0,0,0,0,0,0,0,0,0,0,0,0,0,0,0,0,0,0,0,0,0,0,0,0,0,0,0,0,0,0,0,0,0,0,0,0,0,0,0,0,0,0,0,0,0,0,0,0,0,0,0,0,0,0,0,0,0,0,0,0,0,0,0,0,0,0,0,0,0,0,0,0,0,0,0,0,0,0,0,0,0,0,0,0,0,0,0,0,0,0,0,0,0,0,0,0,0,0,0,0,0,0,0,0,0,0,0,0,0,0,0,0,0,0,0,0,0,0,0,0,0,0,0,0,0,0,0,0,0,0,0,0,0,0,0,0,0,0,0,0,0,0,0,0,0,0,0,0,0,0,0,0,0,0,0,0,0,0,0,0,0,0,0,0,0
0,0,0,0,0,0,0,0,0,0,0,0,0,0,0,0,0,0,0,0,0,0,0,0,0,0,0,0,0,0,0,0,0,0,0,0,0,0,0,0,0,0,0,0,0,0,0,0,0,0,0,0,0,0,0,0,0,0,0,0,0,0,0,0,0,0,0,0,0,0,0,0,0,0,0,0,0,0,0,0,0,0,0,0,0,0,0,0,0,0,0,0,0,0,0,0,0,0,0,0,0,0,0,0,0,0,0,0,0,0,0,0,0,0,0,0,0,0,0,0,0,0,0,0,0,0,0,0,0,0,0,0,0,0,0,0,0,0,0,0,0,0,0,0,0,0,0,0,0,0,0,0,0,0,0,0,0,0,0,0,0,0,0,0,0,0,0,0,0,0,0,0,0,0,0,0,0,0,0,0,0,0,0,0,0,0,0,0,0
0,0,0,0,0,0,0,0,0,0,0,0,0,0,0,0,0,0,0,0,0,0,0,0,0,0,0,0,0,0,0,0,0,0,0,0,0,0,0,0,0,0,0,0,0,0,0,0,0,0,0,0,0,0,0,0,0,0,0,0,0,0,0,0,0,0,0,0,0,0,0,0,0,0,0,0,0,0,0,0,0,0,0,0,0,0,0,0,0,0,0,0,0,0,0,0,0,0,0,0,0,0,0,0,0,0,0,0,0,0,0,0,0,0,0,0,0,0,0,0,0,0,0,0,0,0,0,0,0,0,0,0,0,0,0,0,0,0,0,0,0,0,0,0,0,0,0,0,0,0,0,0,0,0,0,0,0,0,0,0,0,0,0,0,0,0,0,0,0,0,0,0,0,0,0,0,0,0,0,0,0,0,0,0,0,0,0,0,0
0,0,0,0,0,0,0,0,0,0,0,0,0,0,0,0,0,0,0,0,0,0,0,0,0,0,0,0,0,0,0,0,0,0,0,0,0,0,0,0,0,0,0,0,0,0,0,0,0,0,0,0,0,0,0,0,0,0,0,0,0,0,0,0,0,0,0,0,0,0,0,0,0,0,0,0,0,0,0,0,0,0,0,0,0,0,0,0,0,0,0,0,0,0,0,0,0,0,0,0,0,0,0,0,0,0,0,0,0,0,0,0,0,0,0,0,0,0,0,0,0,0,0,0,0,0,0,0,0,0,0,0,0,0,0,0,0,0,0,0,0,0,0,0,0,0,0,0,0,0,0,0,0,0,0,0,0,0,0,0,0,0,0,0,0,0,0,0,0,0,0,0,0,0,0,0,0,0,0,0,0,0,0,0,0,0,0,0,0
0,0,0,0,0,0,0,0,0,0,0,0,0,0,0,0,0,0,0,0,0,0,0,0,0,0,0,0,0,0,0,0,0,0,0,0,0,0,0,0,0,0,0,0,0,0,0,0,0,0,0,0,0,0,0,0,0,0,0,0,0,0,0,0,0,0,0,0,0,0,0,0,0,0,0,0,0,0,0,0,0,0,0,0,0,0,0,0,0,0,0,0,0,0,0,0,0,0,0,0,0,0,0,0,0,0,0,0,0,0,0,0,0,0,0,0,0,0,0,0,0,0,0,0,0,0,0,0,0,0,0,0,0,0,0,0,0,0,0,0,0,0,0,0,0,0,0,0,0,0,0,0,0,0,0,0,0,0,0,0,0,0,0,0,0,0,0,0,0,0,0,0,0,0,0,0,0,0,0,0,0,0,0,0,0,0,0,0,0
0,0,0,0,0,0,0,0,0,0,0,0,0,0,0,0,0,0,0,0,0,0,0,0,0,0,0,0,0,0,0,0,0,0,0,0,0,0,0,0,0,0,0,0,0,0,0,0,0,0,0,0,0,0,0,0,0,0,0,0,0,0,0,0,0,0,0,0,0,0,0,0,0,0,0,0,0,0,0,0,0,0,0,0,0,0,0,0,0,0,0,0,0,0,0,0,0,0,0,0,0,0,0,0,0,0,0,0,0,0,0,0,0,0,0,0,0,0,0,0,0,0,0,0,0,0,0,0,0,0,0,0,0,0,0,0,0,0,0,0,0,0,0,0,0,0,0,0,0,0,0,0,0,0,0,0,0,0,0,0,0,0,0,0,0,0,0,0,0,0,0,0,0,0,0,0,0,0,0,0,0,0,0,0,0,0,0,0,0
0,0,1,0,0,0,0,0,9,0,0,0,0,0,2,0,0,9,0,0,0,18,0,0,10,0,3,7,0,0,0,0,0,0,0,0,0,0,0,0,15,0,0,0,0,131,5,0,0,0,58,0,0,0,2,6,11,95,0,0,0,0,21,0,59,0,0,3,0,37,0,0,2,9,0,17,0,0,0,0,20,0,2,1,3,0,0,17,2,2,0,1,2,0,0,1,2,0,7,1,0,375,2,55,9,0,5,2,0,1,0,0,0,0,0,0,0,0,0,0,0,0,0,0,3,3,0,3,10,0,0,0,6,0,13,0,0,0,3,0,0,0,0,0,0,0,0,0,0,0,0,0,0,0,0,0,0,0,1,0,0,0,0,0,0,2,1,0,22,29,23,0,71,2,308,1094,5,0,0,0,0,0,0,0,0,2,0,0,0
0,0,0,0,0,0,0,0,0,0,0,0,0,0,0,0,0,0,0,0,0,0,0,0,0,0,0,0,0,0,0,0,0,0,0,0,0,0,0,0,0,0,0,0,0,0,0,0,0,0,0,0,0,0,0,0,0,0,0,0,0,0,0,0,0,0,0,0,0,0,0,0,0,0,0,0,0,0,0,0,0,0,0,0,0,0,0,0,0,0,0,0,0,0,0,0,0,0,0,0,0,0,0,0,0,0,0,0,0,0,0,0,0,0,0,0,0,0,0,0,0,0,0,0,0,0,0,0,0,0,0,0,0,0,0,0,0,0,0,0,0,0,0,0,0,0,0,0,0,0,0,0,0,0,0,0,0,0,0,0,0,0,0,0,0,0,0,0,0,0,0,0,0,0,0,0,0,0,0,0,0,0,0,0,0,0,0,0,0
0,0,0,0,0,0,0,0,0,0,0,0,0,0,0,0,0,0,0,0,0,0,0,0,0,0,0,0,0,0,0,0,0,0,0,0,0,0,0,0,0,0,0,0,0,0,0,0,0,0,0,0,0,0,0,0,0,0,0,0,0,0,0,0,0,0,0,0,0,0,0,0,0,0,0,0,0,0,0,0,0,0,0,0,0,0,0,0,0,0,0,0,0,0,0,0,0,0,0,0,0,0,0,0,0,0,0,0,0,0,0,0,0,0,0,0,0,0,0,0,0,0,0,0,0,0,0,0,0,0,0,0,0,0,0,0,0,0,0,0,0,0,0,0,0,0,0,0,0,0,0,0,0,0,0,0,0,0,0,0,0,0,0,0,0,0,0,0,0,0,0,0,0,0,0,0,0,0,0,0,0,0,0,0,0,0,0,0,0
0,0,0,0,0,0,0,0,0,0,0,0,0,0,0,0,0,0,0,0,0,0,0,0,0,0,0,0,0,0,0,0,0,0,0,0,0,0,0,0,0,0,0,0,0,0,0,0,0,0,0,0,0,0,0,0,0,0,0,0,0,0,0,0,0,0,0,0,0,0,0,0,0,0,0,0,0,0,0,0,0,0,0,0,0,0,0,0,0,0,0,0,0,0,0,0,0,0,0,0,0,0,0,0,0,0,0,0,0,0,0,0,0,0,0,0,0,0,0,0,0,0,0,0,0,0,0,0,0,0,0,0,0,0,0,0,0,0,0,0,0,0,0,0,0,0,0,0,0,0,0,0,0,0,0,0,0,0,0,0,0,0,0,0,0,0,0,0,0,0,0,0,0,0,0,0,0,0,0,0,0,0,0,0,0,0,0,0,0
0,0,0,0,0,0,0,0,0,0,0,0,0,0,0,0,0,0,0,0,0,0,0,0,0,0,0,0,0,0,0,0,0,0,0,0,0,0,0,0,0,0,0,0,0,0,0,0,0,0,0,0,0,0,0,0,0,0,0,0,0,0,0,0,0,0,0,0,0,0,0,0,0,0,0,0,0,0,0,0,0,0,0,0,0,0,0,0,0,0,0,0,0,0,0,0,0,0,0,0,0,0,0,0,0,0,0,0,0,0,0,0,0,0,0,0,0,0,0,0,0,0,0,0,0,0,0,0,0,0,0,0,0,0,0,0,0,0,0,0,0,0,0,0,0,0,0,0,0,0,0,0,0,0,0,0,0,0,0,0,0,0,0,0,0,0,0,0,0,0,0,0,0,0,0,0,0,0,0,0,0,0,0,0,0,0,0,0,0
0,0,0,0,0,0,0,0,2,0,0,0,0,0,0,0,0,0,0,0,0,0,0,0,7,0,0,20,0,0,0,0,0,0,0,0,0,0,0,0,1,0,0,0,0,390,0,0,0,0,662,0,0,0,0,10,0,76,0,0,0,0,0,0,81,0,0,0,0,0,0,0,1,57,1,88,0,0,1,0,4,0,0,1,12,0,0,61,7,22,0,1,0,0,0,1,10,0,19,0,0,5,0,1,0,0,0,1,0,3,0,0,0,0,0,0,0,0,0,0,0,0,0,0,0,0,0,1,0,0,0,0,0,0,5,0,0,0,0,0,0,0,0,0,0,0,0,0,0,0,0,0,0,0,0,0,0,0,0,0,0,0,0,0,0,61,0,0,4,22,4,0,33,1,38,765,8,0,0,0,1,0,0,0,0,1,0,0,0
0,0,0,0,0,0,0,0,0,0,0,0,0,0,0,0,0,0,0,0,0,0,0,0,0,0,0,0,0,0,0,0,0,0,0,0,0,0,0,0,0,0,0,0,0,0,0,0,0,0,0,0,0,0,0,0,0,0,0,0,0,0,0,0,0,0,0,0,0,0,0,0,0,0,0,0,0,0,0,0,0,0,0,0,0,0,0,0,0,0,0,0,0,0,0,0,0,0,0,0,0,0,0,0,0,0,0,0,0,0,0,0,0,0,0,0,0,0,0,0,0,0,0,0,0,0,0,0,0,0,0,0,0,0,0,0,0,0,0,0,0,0,0,0,0,0,0,0,0,0,0,0,0,0,0,0,0,0,0,0,0,0,0,0,0,0,0,0,0,0,0,0,0,0,0,0,0,0,0,0,0,0,0,0,0,0,0,0,0
0,0,0,0,0,0,0,0,0,0,0,0,0,0,1,0,0,0,0,0,0,0,0,0,3,0,0,19,0,0,0,0,0,0,0,0,0,0,0,0,0,0,0,0,0,345,1,0,0,0,377,0,0,0,0,13,7,133,0,0,0,0,0,0,30,0,0,0,0,1,0,0,2,61,2,160,0,0,0,0,19,3,0,0,76,0,0,163,17,46,0,0,0,0,0,0,0,0,4,0,0,0,0,0,0,0,0,0,0,1,0,0,0,0,0,0,0,0,0,0,0,0,0,0,0,0,0,0,0,0,0,0,1,0,0,0,0,0,0,0,0,0,0,0,0,0,0,0,0,0,0,0,0,0,0,0,0,0,0,0,0,0,0,0,0,0,0,0,10,24,8,0,21,0,14,732,17,0,0,0,6,2,0,0,0,2,0,0,0
0,0,0,0,0,0,0,0,0,0,0,0,0,0,0,0,0,0,0,0,0,0,0,0,0,0,0,0,0,0,0,0,0,0,0,0,0,0,0,0,0,0,0,0,0,0,0,0,0,0,0,0,0,0,0,0,0,0,0,0,0,0,0,0,0,0,0,0,0,0,0,0,0,0,0,0,0,0,0,0,0,0,0,0,0,0,0,0,0,0,0,0,0,0,0,0,0,0,0,0,0,0,0,0,0,0,0,0,0,0,0,0,0,0,0,0,0,0,0,0,0,0,0,0,0,0,0,0,0,0,0,0,0,0,0,0,0,0,0,0,0,0,0,0,0,0,0,0,0,0,0,0,0,0,0,0,0,0,0,0,0,0,0,0,0,0,0,0,0,0,0,0,0,0,0,0,0,0,0,0,0,0,0,0,0,0,0,0,0
0,0,0,0,0,0,0,0,0,0,0,0,0,0,0,0,0,0,0,0,0,0,0,0,0,0,0,0,0,0,0,0,0,0,0,0,0,0,0,0,0,0,0,0,0,0,0,0,0,0,0,0,0,0,0,0,0,0,0,0,0,0,0,0,0,0,0,0,0,0,0,0,0,0,0,0,0,0,0,0,0,0,0,0,0,0,0,0,0,0,0,0,0,0,0,0,0,0,0,0,0,0,0,0,0,0,0,0,0,0,0,0,0,0,0,0,0,0,0,0,0,0,0,0,0,0,0,0,0,0,0,0,0,0,0,0,0,0,0,0,0,0,0,0,0,0,0,0,0,0,0,0,0,0,0,0,0,0,0,0,0,0,0,0,0,0,0,0,0,0,0,0,0,0,0,0,0,0,0,0,0,0,0,0,0,0,0,0,0
0,0,0,0,0,0,0,0,2,0,0,0,0,0,0,0,0,0,0,0,0,0,0,0,7,0,0,2,0,0,0,0,0,0,0,0,0,0,0,0,0,0,0,0,0,60,0,0,0,0,986,0,0,0,0,2,0,316,0,0,0,0,0,0,2,0,0,0,0,0,0,0,3,5,0,29,0,0,0,0,0,0,0,0,9,0,0,22,0,2,0,0,0,0,0,0,0,1,3,0,0,0,0,1,0,0,0,0,0,0,0,0,0,0,0,0,0,0,0,0,0,0,0,0,0,0,0,0,0,0,0,0,0,0,0,0,0,0,0,0,0,93,0,0,0,0,0,0,0,0,0,0,0,0,0,0,0,0,0,0,0,0,0,0,0,0,1,0,5,17,0,0,13,4,2,599,25,0,0,0,2,0,0,0,0,0,0,0,0
0,0,0,0,0,0,0,0,0,0,0,0,0,0,0,0,0,0,0,0,0,0,0,0,0,0,0,0,0,0,0,0,0,0,0,0,0,0,0,0,0,0,0,0,0,0,0,0,0,0,0,0,0,0,0,0,0,0,0,0,0,0,0,0,0,0,0,0,0,0,0,0,0,0,0,0,0,0,0,0,0,0,0,0,0,0,0,0,0,0,0,0,0,0,0,0,0,0,0,0,0,0,0,0,0,0,0,0,0,0,0,0,0,0,0,0,0,0,0,0,0,0,0,0,0,0,0,0,0,0,0,0,0,0,0,0,0,0,0,0,0,0,0,0,0,0,0,0,0,0,0,0,0,0,0,0,0,0,0,0,0,0,0,0,0,0,0,0,0,0,0,0,0,0,0,0,0,0,0,0,0,0,0,0,0,0,0,0,0
0,0,0,0,0,0,0,0,0,0,0,0,0,0,3,0,0,0,0,0,0,0,0,0,0,0,0,4,0,0,0,0,0,0,0,0,0,0,0,0,0,0,0,0,0,220,0,0,0,0,829,0,0,0,0,1,1,34,0,0,0,0,0,0,4,16,0,0,0,0,0,0,15,69,2,159,0,0,0,53,0,0,0,46,32,0,0,11,5,3,0,1,0,0,0,7,10,3,8,0,0,0,0,2,0,0,0,0,0,0,0,0,0,0,0,0,0,0,0,0,0,0,0,0,1,0,0,0,0,0,0,0,0,0,1,0,0,0,1,0,0,15,0,0,0,0,0,0,0,3,0,0,0,0,0,0,0,0,0,0,0,0,0,0,0,5,0,0,52,26,4,0,166,1,54,1224,28,0,0,0,2,1,0,0,0,0,0,0,0
0,0,0,0,0,0,0,0,0,0,0,0,0,0,0,0,0,0,0,0,0,0,0,0,0,0,0,0,0,0,0,0,0,0,0,0,0,0,0,0,0,0,0,0,0,0,0,0,0,0,0,0,0,0,0,0,0,0,0,0,0,0,0,0,0,0,0,0,0,0,0,0,0,0,0,0,0,0,0,0,0,0,0,0,0,0,0,0,0,0,0,0,0,0,0,0,0,0,0,0,0,0,0,0,0,0,0,0,0,0,0,0,0,0,0,0,0,0,0,0,0,0,0,0,0,0,0,0,0,0,0,0,0,0,0,0,0,0,0,0,0,0,0,0,0,0,0,0,0,0,0,0,0,0,0,0,0,0,0,0,0,0,0,0,0,0,0,0,0,0,0,0,0,0,0,0,0,0,0,0,0,0,0,0,0,0,0,0,0
0,0,0,0,0,0,0,0,0,0,0,0,0,0,0,0,0,0,0,0,0,0,0,0,0,0,0,0,0,0,0,0,0,0,0,0,0,0,0,0,0,0,0,0,0,0,0,0,0,0,0,0,0,0,0,0,0,0,0,0,0,0,0,0,0,0,0,0,0,0,0,0,0,0,0,0,0,0,0,0,0,0,0,0,0,0,0,0,0,0,0,0,0,0,0,0,0,0,0,0,0,0,0,0,0,0,0,0,0,0,0,0,0,0,0,0,0,0,0,0,0,0,0,0,0,0,0,0,0,0,0,0,0,0,0,0,0,0,0,0,0,0,0,0,0,0,0,0,0,0,0,0,0,0,0,0,0,0,0,0,0,0,0,0,0,0,0,0,0,0,0,0,0,0,0,0,0,0,0,0,0,0,0,0,0,0,0,0,0
0,0,0,0,0,0,0,0,0,0,0,0,0,0,0,0,0,0,0,0,0,0,0,0,0,0,0,0,0,0,0,0,0,0,0,0,0,0,0,0,0,0,0,0,0,0,0,0,0,0,0,0,0,0,0,0,0,0,0,0,0,0,0,0,0,0,0,0,0,0,0,0,0,0,0,0,0,0,0,0,0,0,0,0,0,0,0,0,0,0,0,0,0,0,0,0,0,0,0,0,0,0,0,0,0,0,0,0,0,0,0,0,0,0,0,0,0,0,0,0,0,0,0,0,0,0,0,0,0,0,0,0,0,0,0,0,0,0,0,0,0,0,0,0,0,0,0,0,0,0,0,0,0,0,0,0,0,0,0,0,0,0,0,0,0,0,0,0,0,0,0,0,0,0,0,0,0,0,0,0,0,0,0,0,0,0,0,0,0
0,0,0,0,0,0,0,0,0,0,0,0,0,0,0,0,0,0,0,0,0,0,0,0,0,0,0,0,0,0,0,0,0,0,0,0,0,0,0,0,0,0,0,0,0,0,0,0,0,0,0,0,0,0,0,0,0,0,0,0,0,0,0,0,0,0,0,0,0,0,0,0,0,0,0,0,0,0,0,0,0,0,0,0,0,0,0,0,0,0,0,0,0,0,0,0,0,0,0,0,0,0,0,0,0,0,0,0,0,0,0,0,0,0,0,0,0,0,0,0,0,0,0,0,0,0,0,0,0,0,0,0,0,0,0,0,0,0,0,0,0,0,0,0,0,0,0,0,0,0,0,0,0,0,0,0,0,0,0,0,0,0,0,0,0,0,0,0,0,0,0,0,0,0,0,0,0,0,0,0,0,0,0,0,0,0,0,0,0
0,0,0,0,0,0,0,0,0,0,0,0,0,0,0,0,0,0,0,0,0,0,0,0,0,0,0,0,0,0,0,0,0,0,0,0,0,0,0,0,0,0,0,0,0,0,0,0,0,0,0,0,0,0,0,0,0,0,0,0,0,0,0,0,0,0,0,0,0,0,0,0,0,0,0,0,0,0,0,0,0,0,0,0,0,0,0,0,0,0,0,0,0,0,0,0,0,0,0,0,0,0,0,0,0,0,0,0,0,0,0,0,0,0,0,0,0,0,0,0,0,0,0,0,0,0,0,0,0,0,0,0,0,0,0,0,0,0,0,0,0,0,0,0,0,0,0,0,0,0,0,0,0,0,0,0,0,0,0,0,0,0,0,0,0,0,0,0,0,0,0,0,0,0,0,0,0,0,0,0,0,0,0,0,0,0,0,0,0
0,0,0,0,0,0,0,0,0,0,0,0,0,0,0,0,0,0,0,0,0,0,0,0,0,0,0,0,0,0,0,0,0,0,0,0,0,0,0,0,0,0,0,0,0,0,0,0,0,0,0,0,0,0,0,0,0,0,0,0,0,0,0,0,0,0,0,0,0,0,0,0,0,0,0,0,0,0,0,0,0,0,0,0,0,0,0,0,0,0,0,0,0,0,0,0,0,0,0,0,0,0,0,0,0,0,0,0,0,0,0,0,0,0,0,0,0,0,0,0,0,0,0,0,0,0,0,0,0,0,0,0,0,0,0,0,0,0,0,0,0,0,0,0,0,0,0,0,0,0,0,0,0,0,0,0,0,0,0,0,0,0,0,0,0,0,0,0,0,0,0,0,0,0,0,0,0,0,0,0,0,0,0,0,0,0,0,0,0
0,0,0,0,0,0,0,0,0,0,0,0,0,0,0,0,0,0,0,0,0,0,0,0,0,0,0,0,0,0,0,0,0,0,0,0,0,0,0,0,0,0,0,0,0,0,0,0,0,0,0,0,0,0,0,0,0,0,0,0,0,0,0,0,0,0,0,0,0,0,0,0,0,0,0,0,0,0,0,0,0,0,0,0,0,0,0,0,0,0,0,0,0,0,0,0,0,0,0,0,0,0,0,0,0,0,0,0,0,0,0,0,0,0,0,0,0,0,0,0,0,0,0,0,0,0,0,0,0,0,0,0,0,0,0,0,0,0,0,0,0,0,0,0,0,0,0,0,0,0,0,0,0,0,0,0,0,0,0,0,0,0,0,0,0,0,0,0,0,0,0,0,0,0,0,0,0,0,0,0,0,0,0,0,0,0,0,0,0
0,0,0,0,0,0,0,0,0,0,0,0,0,0,0,0,0,0,0,2,0,0,0,0,0,0,0,7,0,0,0,0,0,0,0,0,0,0,0,0,0,0,0,0,0,190,1,0,0,0,443,0,0,0,0,8,5,97,0,0,0,0,0,0,38,0,0,0,0,0,0,0,6,63,5,257,0,0,1,1,10,1,0,1,134,0,0,15,3,11,0,0,0,0,0,4,6,0,5,0,0,0,0,0,0,0,0,0,0,0,0,0,0,0,0,0,0,0,0,0,0,0,0,0,3,0,0,0,5,0,0,0,1,0,0,0,0,0,1,0,0,0,0,0,0,0,0,0,0,1,0,0,0,0,0,0,0,0,0,0,0,0,0,0,0,1,1,0,12,23,4,0,11,1,10,675,13,0,0,0,4,1,0,0,0,0,0,0,0
0,0,0,0,0,0,0,0,0,0,0,0,0,0,0,0,0,0,0,0,0,0,0,0,0,0,0,0,0,0,0,0,0,0,0,0,0,0,0,0,0,0,0,0,0,0,0,0,0,0,0,0,0,0,0,0,0,0,0,0,0,0,0,0,0,0,0,0,0,0,0,0,0,0,0,0,0,0,0,0,0,0,0,0,0,0,0,0,0,0,0,0,0,0,0,0,0,0,0,0,0,0,0,0,0,0,0,0,0,0,0,0,0,0,0,0,0,0,0,0,0,0,0,0,0,0,0,0,0,0,0,0,0,0,0,0,0,0,0,0,0,0,0,0,0,0,0,0,0,0,0,0,0,0,0,0,0,0,0,0,0,0,0,0,0,0,0,0,0,0,0,0,0,0,0,0,0,0,0,0,0,0,0,0,0,0,0,0,0
0,0,0,0,0,0,0,0,0,0,0,0,0,0,0,0,0,0,0,0,0,0,0,0,0,0,0,0,0,0,0,0,0,0,0,0,0,0,0,0,0,0,0,0,0,0,0,0,0,0,0,0,0,0,0,0,0,0,0,0,0,0,0,0,0,0,0,0,0,0,0,0,0,0,0,0,0,0,0,0,0,0,0,0,0,0,0,0,0,0,0,0,0,0,0,0,0,0,0,0,0,0,0,0,0,0,0,0,0,0,0,0,0,0,0,0,0,0,0,0,0,0,0,0,0,0,0,0,0,0,0,0,0,0,0,0,0,0,0,0,0,0,0,0,0,0,0,0,0,0,0,0,0,0,0,0,0,0,0,0,0,0,0,0,0,0,0,0,0,0,0,0,0,0,0,0,0,0,0,0,0,0,0,0,0,0,0,0,0
0,0,0,0,0,0,0,0,0,0,0,0,0,0,0,0,0,0,0,0,0,0,0,0,5,0,0,0,0,0,0,0,0,0,0,0,0,0,1,0,5,0,0,0,0,82,0,0,0,0,887,0,0,0,1,0,0,29,0,0,0,0,0,0,0,1,0,0,0,0,0,0,2,28,4,101,0,0,112,0,0,1,0,0,13,0,0,3,0,1,0,1,0,0,0,0,7,0,3,0,0,1,0,2,0,0,0,0,0,1,0,0,0,0,0,0,0,0,0,0,0,0,0,0,1,0,0,0,0,0,0,0,0,0,0,0,0,0,0,0,0,0,0,0,0,0,0,0,0,0,0,0,0,0,0,0,0,0,0,0,0,0,0,0,0,0,0,0,8,8,5,0,34,0,5,761,13,0,0,0,0,1,0,0,0,0,0,0,0
0,0,0,0,0,0,0,0,0,0,0,0,0,0,0,0,0,0,0,0,0,0,0,0,0,0,0,0,0,0,0,0,0,0,0,0,0,0,0,0,0,0,0,0,0,0,0,0,0,0,0,0,0,0,0,0,0,0,0,0,0,0,0,0,0,0,0,0,0,0,0,0,0,0,0,0,0,0,0,0,0,0,0,0,0,0,0,0,0,0,0,0,0,0,0,0,0,0,0,0,0,0,0,0,0,0,0,0,0,0,0,0,0,0,0,0,0,0,0,0,0,0,0,0,0,0,0,0,0,0,0,0,0,0,0,0,0,0,0,0,0,0,0,0,0,0,0,0,0,0,0,0,0,0,0,0,0,0,0,0,0,0,0,0,0,0,0,0,0,0,0,0,0,0,0,0,0,0,0,0,0,0,0,0,0,0,0,0,0
0,0,0,0,0,0,0,0,0,0,0,0,0,0,10,0,0,0,1,0,0,1,0,0,0,0,0,5,0,0,0,0,0,0,0,0,0,0,0,0,0,0,0,0,0,113,0,0,0,0,279,0,0,0,0,3,1,30,0,0,0,0,0,0,18,0,0,0,0,0,0,0,4,27,1,29,0,0,10,2,0,1,0,2,23,0,0,88,2,16,0,1,0,0,0,29,20,2,13,0,0,0,0,20,0,0,0,1,0,20,0,3,0,0,0,0,0,0,0,0,0,0,0,0,0,0,0,0,0,0,0,0,0,0,2,0,0,0,0,0,0,0,0,0,0,0,0,0,0,0,0,0,0,0,0,0,0,0,0,0,0,0,0,0,0,0,3,0,232,18,8,0,30,3,42,1528,6,0,0,0,0,0,0,0,0,0,0,0,0
0,0,0,0,0,0,0,0,0,0,0,0,0,0,0,0,0,0,0,0,0,0,0,0,0,0,0,16,0,0,0,0,0,0,0,0,0,0,0,0,0,0,0,0,0,215,1,0,0,0,496,0,0,0,0,1,0,7,0,0,0,0,0,0,36,0,0,0,0,0,0,0,0,7,0,68,0,0,3,0,0,0,0,14,17,3,0,10,0,0,0,0,0,0,0,33,22,1,29,0,0,0,0,0,0,0,0,0,0,7,0,0,0,0,0,0,0,0,0,0,0,0,0,0,0,0,0,0,0,0,0,0,0,0,2,0,0,0,0,1,0,33,0,0,0,0,0,0,0,0,0,0,0,0,0,0,0,0,0,0,0,0,0,0,0,7,1,0,54,21,2,0,38,0,24,1074,6,0,0,0,0,0,0,0,0,0,0,0,0
0,0,0,0,0,0,0,0,0,0,0,0,0,0,0,0,0,0,0,0,0,0,0,0,0,0,0,0,0,0,0,0,0,0,0,0,0,0,0,0,0,0,0,0,0,0,0,0,0,0,0,0,0,0,0,0,0,0,0,0,0,0,0,0,0,0,0,0,0,0,0,0,0,0,0,0,0,0,0,0,0,0,0,0,0,0,0,0,0,0,0,0,0,0,0,0,0,0,0,0,0,0,0,0,0,0,0,0,0,0,0,0,0,0,0,0,0,0,0,0,0,0,0,0,0,0,0,0,0,0,0,0,0,0,0,0,0,0,0,0,0,0,0,0,0,0,0,0,0,0,0,0,0,0,0,0,0,0,0,0,0,0,0,0,0,0,0,0,0,0,0,0,0,0,0,0,0,0,0,0,0,0,0,0,0,0,0,0,0
0,0,0,0,0,0,0,0,0,0,0,0,0,0,0,0,0,0,0,0,0,0,0,0,46,0,9,5,0,0,0,0,0,0,0,0,0,0,0,0,0,0,0,0,0,553,19,0,0,0,81,0,0,0,0,1,0,1,0,0,0,0,0,0,1,2,0,1,0,0,1,0,8,18,0,34,0,0,15,0,0,0,0,1,93,0,0,41,0,1,0,0,0,0,0,0,1,0,0,0,0,0,0,0,0,0,0,0,0,1,0,0,0,0,0,0,0,0,0,0,0,0,0,0,0,0,0,0,0,0,0,0,0,0,2,1,0,0,2,0,0,0,0,0,0,0,0,0,0,0,0,0,0,0,0,0,0,0,0,0,0,0,0,0,0,0,0,0,16,6,7,0,24,0,14,336,18,0,0,0,0,0,0,0,0,0,0,0,0
0,0,0,0,0,0,0,0,0,0,0,0,0,0,0,0,0,0,0,0,0,0,0,0,0,0,0,0,0,0,0,0,0,0,0,0,0,0,0,0,0,0,0,0,0,0,0,0,0,0,0,0,0,0,0,0,0,0,0,0,0,0,0,0,0,0,0,0,0,0,0,0,0,0,0,0,0,0,0,0,0,0,0,0,0,0,0,0,0,0,0,0,0,0,0,0,0,0,0,0,0,0,0,0,0,0,0,0,0,0,0,0,0,0,0,0,0,0,0,0,0,0,0,0,0,0,0,0,0,0,0,0,0,0,0,0,0,0,0,0,0,0,0,0,0,0,0,0,0,0,0,0,0,0,0,0,0,0,0,0,0,0,0,0,0,0,0,0,0,0,0,0,0,0,0,0,0,0,0,0,0,0,0,0,0,0,0,0,0
0,0,0,0,0,0,0,0,0,0,0,0,0,0,0,0,0,0,0,0,0,0,0,0,0,0,0,0,0,0,0,0,0,0,0,0,0,0,0,0,0,0,0,0,0,0,0,0,0,0,0,0,0,0,0,0,0,0,0,0,0,0,0,0,0,0,0,0,0,0,0,0,0,0,0,0,0,0,0,0,0,0,0,0,0,0,0,0,0,0,0,0,0,0,0,0,0,0,0,0,0,0,0,0,0,0,0,0,0,0,0,0,0,0,0,0,0,0,0,0,0,0,0,0,0,0,0,0,0,0,0,0,0,0,0,0,0,0,0,0,0,0,0,0,0,0,0,0,0,0,0,0,0,0,0,0,0,0,0,0,0,0,0,0,0,0,0,0,0,0,0,0,0,0,0,0,0,0,0,0,0,0,0,0,0,0,0,0,0
0,0,0,0,0,0,0,0,0,0,0,0,0,0,0,0,0,0,0,0,0,0,0,0,0,0,0,0,0,0,0,0,0,0,0,0,0,0,0,0,0,0,0,0,0,0,0,0,0,0,0,0,0,0,0,0,0,0,0,0,0,0,0,0,0,0,0,0,0,0,0,0,0,0,0,0,0,0,0,0,0,0,0,0,0,0,0,0,0,0,0,0,0,0,0,0,0,0,0,0,0,0,0,0,0,0,0,0,0,0,0,0,0,0,0,0,0,0,0,0,0,0,0,0,0,0,0,0,0,0,0,0,0,0,0,0,0,0,0,0,0,0,0,0,0,0,0,0,0,0,0,0,0,0,0,0,0,0,0,0,0,0,0,0,0,0,0,0,0,0,0,0,0,0,0,0,0,0,0,0,0,0,0,0,0,0,0,0,0
0,0,0,0,0,0,0,0,0,0,0,0,0,0,0,0,0,0,0,0,0,0,0,0,0,0,0,0,0,0,0,0,0,0,0,0,0,0,0,0,0,0,0,0,0,0,0,0,0,0,0,0,0,0,0,0,0,0,0,0,0,0,0,0,0,0,0,0,0,0,0,0,0,0,0,0,0,0,0,0,0,0,0,0,0,0,0,0,0,0,0,0,0,0,0,0,0,0,0,0,0,0,0,0,0,0,0,0,0,0,0,0,0,0,0,0,0,0,0,0,0,0,0,0,0,0,0,0,0,0,0,0,0,0,0,0,0,0,0,0,0,0,0,0,0,0,0,0,0,0,0,0,0,0,0,0,0,0,0,0,0,0,0,0,0,0,0,0,0,0,0,0,0,0,0,0,0,0,0,0,0,0,0,0,0,0,0,0,0
0,0,0,0,0,0,0,0,0,0,0,0,0,0,2,0,0,0,0,0,0,0,0,0,2,0,0,0,0,0,0,0,0,0,0,0,0,0,0,0,3,0,0,0,0,278,14,0,0,0,470,0,0,0,0,0,0,0,0,0,0,0,0,0,0,2,0,0,0,1,0,0,7,9,0,53,0,0,64,10,2,0,0,10,8,0,0,27,12,44,0,0,0,0,0,5,16,5,15,0,0,0,0,6,0,0,0,0,0,0,0,0,0,0,0,0,0,0,0,0,0,0,0,0,0,0,0,0,0,0,0,0,0,0,1,0,0,0,1,0,0,0,0,0,0,0,0,0,0,1,0,0,0,0,0,0,0,0,0,0,0,0,0,0,0,0,1,0,12,11,12,0,21,1,9,946,10,0,0,0,11,0,0,0,0,0,0,0,0
0,0,0,0,0,0,0,0,0,0,0,0,0,0,0,0,0,0,0,0,0,0,0,0,0,0,0,0,0,0,0,0,0,0,0,0,0,0,0,0,0,0,0,0,0,0,0,0,0,0,0,0,0,0,0,0,0,0,0,0,0,0,0,0,0,0,0,0,0,0,0,0,0,0,0,0,0,0,0,0,0,0,0,0,0,0,0,0,0,0,0,0,0,0,0,0,0,0,0,0,0,0,0,0,0,0,0,0,0,0,0,0,0,0,0,0,0,0,0,0,0,0,0,0,0,0,0,0,0,0,0,0,0,0,0,0,0,0,0,0,0,0,0,0,0,0,0,0,0,0,0,0,0,0,0,0,0,0,0,0,0,0,0,0,0,0,0,0,0,0,0,0,0,0,0,0,0,0,0,0,0,0,0,0,0,0,0,0,0
0,0,0,0,0,0,0,0,0,0,0,0,0,0,0,0,0,0,0,0,0,0,0,0,0,0,0,0,0,0,0,0,0,0,0,0,0,0,0,0,0,0,0,0,0,0,0,0,0,0,0,0,0,0,0,0,0,0,0,0,0,0,0,0,0,0,0,0,0,0,0,0,0,0,0,0,0,0,0,0,0,0,0,0,0,0,0,0,0,0,0,0,0,0,0,0,0,0,0,0,0,0,0,0,0,0,0,0,0,0,0,0,0,0,0,0,0,0,0,0,0,0,0,0,0,0,0,0,0,0,0,0,0,0,0,0,0,0,0,0,0,0,0,0,0,0,0,0,0,0,0,0,0,0,0,0,0,0,0,0,0,0,0,0,0,0,0,0,0,0,0,0,0,0,0,0,0,0,0,0,0,0,0,0,0,0,0,0,0
0,0,0,0,0,0,0,0,0,0,0,0,0,0,0,0,0,0,0,0,0,0,0,0,0,0,0,0,0,0,0,0,0,0,0,0,0,0,0,0,0,0,0,0,0,0,0,0,0,0,0,0,0,0,0,0,0,0,0,0,0,0,0,0,0,0,0,0,0,0,0,0,0,0,0,0,0,0,0,0,0,0,0,0,0,0,0,0,0,0,0,0,0,0,0,0,0,0,0,0,0,0,0,0,0,0,0,0,0,0,0,0,0,0,0,0,0,0,0,0,0,0,0,0,0,0,0,0,0,0,0,0,0,0,0,0,0,0,0,0,0,0,0,0,0,0,0,0,0,0,0,0,0,0,0,0,0,0,0,0,0,0,0,0,0,0,0,0,0,0,0,0,0,0,0,0,0,0,0,0,0,0,0,0,0,0,0,0,0
0,0,0,0,0,0,0,0,0,0,0,0,0,0,3,0,0,0,0,0,0,0,0,0,0,0,2,0,0,0,0,0,0,0,0,0,0,0,0,0,1,0,0,0,0,118,0,0,0,0,358,0,0,0,0,0,1,3,0,0,0,0,0,0,23,0,0,0,0,1,0,0,6,9,0,28,0,0,11,5,0,0,0,13,5,0,0,25,11,16,0,0,0,0,0,5,0,0,10,0,0,0,0,0,0,0,1,0,0,1,0,0,0,0,0,0,0,0,0,0,0,0,0,0,0,0,0,0,0,0,0,0,0,0,0,0,0,0,1,0,0,0,0,0,0,0,1,0,0,0,0,0,0,0,0,0,0,0,0,0,0,0,0,0,0,1,0,0,6,16,1,0,121,0,1,1588,9,0,0,0,0,0,0,0,0,0,0,0,0
0,0,0,0,0,0,0,0,0,0,0,0,0,0,0,0,0,1,0,1,0,0,0,0,4,0,0,3,0,0,0,1,0,0,0,0,0,0,0,0,0,0,0,0,0,350,3,0,0,0,482,0,0,0,0,20,4,48,0,0,0,0,0,0,0,0,0,0,0,0,0,0,25,27,0,39,0,0,13,0,10,3,0,1,21,0,0,28,2,2,0,0,0,0,0,1,2,1,4,0,0,0,0,0,0,0,1,0,0,0,0,0,0,0,0,0,0,0,0,0,0,0,0,0,1,0,0,0,1,0,0,0,2,0,2,1,0,0,2,0,0,0,0,0,0,0,0,0,0,0,0,0,0,0,0,0,0,0,0,0,0,0,0,0,0,0,0,0,3,5,0,0,13,2,1,696,4,0,0,0,0,0,0,0,0,1,0,0,0
0,0,0,0,0,0,0,0,0,0,0,0,0,0,0,0,0,0,0,0,0,0,0,0,0,0,0,0,0,0,0,0,0,0,0,0,0,0,0,0,0,0,0,0,0,0,0,0,0,0,0,0,0,0,0,0,0,0,0,0,0,0,0,0,0,0,0,0,0,0,0,0,0,0,0,0,0,0,0,0,0,0,0,0,0,0,0,0,0,0,0,0,0,0,0,0,0,0,0,0,0,0,0,0,0,0,0,0,0,0,0,0,0,0,0,0,0,0,0,0,0,0,0,0,0,0,0,0,0,0,0,0,0,0,0,0,0,0,0,0,0,0,0,0,0,0,0,0,0,0,0,0,0,0,0,0,0,0,0,0,0,0,0,0,0,0,0,0,0,0,0,0,0,0,0,0,0,0,0,0,0,0,0,0,0,0,0,0,0
0,0,0,4,0,0,0,0,0,0,0,0,0,0,11,0,0,0,0,0,0,0,0,0,0,0,0,6,0,0,0,0,0,0,0,0,0,0,0,0,0,0,0,0,1,430,0,0,0,0,396,0,0,0,0,11,0,243,0,0,0,0,0,0,27,1,0,0,0,0,0,0,2,13,2,92,0,0,24,4,0,3,0,5,10,0,0,14,1,13,0,0,0,0,0,19,5,1,19,0,0,1,0,1,0,0,0,0,0,2,0,0,0,0,0,0,0,0,0,0,0,0,0,0,0,0,0,0,1,0,0,0,0,0,12,0,0,0,1,0,0,22,0,0,0,19,0,0,0,0,0,0,0,0,0,0,0,0,0,0,0,0,0,0,0,75,1,0,43,17,6,0,23,0,10,710,12,0,0,0,2,0,0,1,0,21,0,0,0
0,0,1,0,0,0,0,0,0,0,0,0,0,0,11,0,0,0,0,1,0,0,0,0,2,0,1,5,0,0,1,0,0,0,0,0,0,0,0,0,0,0,0,0,0,186,0,0,0,0,199,0,0,0,0,5,2,162,0,0,0,0,0,0,9,0,0,0,0,0,0,0,7,11,0,44,0,0,9,0,40,11,0,0,22,0,0,20,5,16,0,0,0,0,0,1,2,1,16,0,0,1,0,0,0,0,0,0,0,2,0,0,1,0,0,0,0,0,0,0,0,0,0,0,1,0,0,1,1,0,0,0,1,0,32,0,0,0,1,0,0,16,0,0,0,4,0,0,0,0,0,0,0,0,0,0,0,0,0,0,0,0,0,0,0,12,0,0,11,10,5,0,196,1,24,799,24,0,0,0,0,0,0,0,0,11,0,0,0
0,0,0,0,0,0,0,0,0,0,0,0,0,0,2,0,0,0,0,0,0,0,0,0,1,0,0,5,0,0,0,0,0,0,0,0,0,0,0,0,0,0,0,0,0,418,1,0,0,0,542,0,0,0,0,20,6,108,0,0,0,0,0,0,21,0,0,0,0,0,0,0,4,11,2,52,0,0,0,0,29,2,0,0,19,0,0,20,3,2,0,0,0,0,0,0,12,2,14,0,0,4,0,0,0,0,0,5,0,5,0,0,0,0,0,0,0,0,0,0,0,0,0,0,2,0,0,1,3,0,0,1,2,0,17,0,0,0,1,0,0,2,0,0,0,0,0,0,0,4,0,0,0,0,0,0,0,0,0,0,0,0,0,0,0,79,1,0,5,9,3,0,14,0,16,318,8,0,0,0,0,0,0,0,0,1,0,0,0
