0,0,0,0,0,0,0,0,0,0,0,0.10191,0,0,0.10191,0,0.10191,0,0,0,0.10191,0,0,0,0,0,0,0,0,0,0,0,0.20382,0,0,0,0,0,0,0.50955,0,0,0,0.30573,3.5669,0,0.30573,1.121,0,0,0,0,0,0,0,0,0.10191,0,0,0.50955,0,0.20382,0.10191,0,0.40764,0,0,0,0,0,0,0,0,0,0.20382,0,0,0,0,0,0,0,0,0.10191,0,0,0,0,5.0955,0,0.40764,0,0.20382,0,0,0,0.10191,0,0,0,0,0,0,0,0,0,0,0,0.10191,0,0,0,0,0,0,0.20382,0.61146,0.10191,0,0,0,0.10191,0,0,0,0.10191,0,0,0,0,0,0,0,0,0.50955,0,0,0,0,0,0.10191,0,0.10191,0,1.121,0.81529,0,0,0,0,0,0,0,0,0,0
0.15287,0.44841,0,0,0,0,0,0,0,0,0,0,0,0.010191,0,0,0.010191,0,0,0,0,0,0,0,0,0,0,0,0,0,0,0,0.010191,0,0,0,0,0,0,0.10191,0,0,0.040764,0.26497,0.010191,0.020382,0,0.17325,0.15287,0.071338,0,0,0,0,0,0,0,0,0,0,0,0.061146,0,0,0,0,0,0,0,0.030573,0,0,0,0,0,0,0.050955,0.010191,0,0,0,0,0,0,0,0,0,0,0,0,0,0,0.010191,0,0,0,0,0,0,0,0.010191,0,0.010191,0,0,0,0,0,0,0,0,0,0,0.030573,0,0,0,0,0,0,0,0,0.17325,0,0,0,0,0,0,0.061146,0,0,0,0,0.061146,0,0,0,0,0,0,0,0.020382,0.081529,0.14268,0.10191,0,0.020382,0,0,0,0,0.020382,0,0,0
0.1195,0.14123,0,0,0,0,0,0,0,0,0.0054318,0,0,0.0054318,0,0,0,0,0.0054318,0,0,0,0,0,0,0,0,0,0,0,0,0,0.05975,0,0,0,0,0,0,0.097773,0,0,0.048886,0.239,0,0,0,0.24986,0.092341,0.20641,0,0,0,0,0,0,0,0,0,0,0,0.021727,0,0,0.043455,0,0,0,0,0.021727,0,0,0,0,0.038023,0,0.027159,0,0,0.016295,0,0.0054318,0,0,0,0,0,0,0.032591,0,0,0,0,0,0.0054318,0.0054318,0,0,0,0,0.0054318,0,0,0,0,0,0,0,0,0,0,0,0.0054318,0.097773,0,0,0,0.016295,0,0,0,0,0,0,0,0,0,0,0,0,0,0,0,0,0,0.0054318,0,0,0,0,0.010864,0,0,0.010864,0.043455,0.016295,0,0.027159,0,0,0,0,0,0,0.0054318,0
0.014559,0.036397,0,0,0,0,0,0,0,0,0.0072793,0,0,0.036397,0,0,0.0072793,0,0,0,0,0,0,0,0,0,0,0,0,0,0,0,0,0,0,0,0,0,0,0.014559,0,0,0.15287,0.1747,0.043676,0,0.036397,0.18198,0.043676,0,0,0.0072793,0,0,0,0,0,0.0072793,0,0,0,0,0.014559,0.0072793,0.043676,0,0,0,0,0.014559,0,0,0,0,0.014559,0,0.40764,0.014559,0.036397,0.014559,0.0072793,0,0.0072793,0,0,0.021838,0.014559,0,0.021838,0,0,0,0.021838,0,0.014559,0,0,0,0.0072793,0.0072793,0.0072793,0,0,0,0,0,0,0,0,0,0.0072793,0,0,0.065514,0,0,0,0.014559,0,0,0,0,0,0,0,0,0,0,0,0,0,0.014559,0,0,0,0,0.0072793,0,0,0,0,0,0,0.0072793,0.058235,0.014559,0,0.13831,0,0,0,0,0.0072793,0,0,0
0.15748,0.21306,0,0,0,0,0,0.0092635,0.018527,0,0,0,0,0,0,0,0.027791,0,0,0,0,0,0.0092635,0,0,0,0,0,0,0,0.027791,0,0.24085,0,0,0,0,0,0,0.046318,0,0,1.0468,0.13895,0.046318,0,0.12969,0.12043,0.064845,0.36128,0,0,0,0,0,0,0,0,0,0.037054,0.018527,0.018527,0.046318,0.0092635,0.083372,0,0,0,0,0.018527,0,0,0,0,0.074108,0,0.39833,0.0092635,0.037054,0,0.0092635,0,0,0,0,0,0.17601,0,0.0092635,0,0,0,0.027791,0,0,0.018527,0,0,0,0,0.0092635,0.0092635,0.0092635,0.027791,0,0,0,0,0,0,0,0.0092635,0.0092635,0.2038,0,0,0.027791,0.0092635,0,0,0.018527,0,0,0,0,0,0,0,0,0,0,0,0,0,0,0,0,0,0,0,0.0092635,0,0,0.018527,0.19453,0.0092635,0,0.11116,0.0092635,0,0,0,0,0,0,0
0.11696,0.49383,0.012995,0,0,0,0,0,0.025991,0,0,0,0,0,0,0,0.038986,0,0,0,0,0,0.012995,0,0,0,0,0,0.012995,0,0.012995,0,0.038986,0,0,0,0,0,0,0,0,0,0.2859,0.038986,0.064977,0,0,0,0.051982,0.051982,0,0,0,0,0,0,0,0,0,0.012995,0,0,0.012995,0,0.025991,0,0,0,0,0,0,0,0,0,0.012995,0,0.2989,0,0,0,0.038986,0,0,0.012995,0,0,0,0,0.23392,0,0.025991,0,0,0,0,0.012995,0,0.012995,0.012995,0,0.025991,0,0.064977,0.051982,0,0.012995,0,0,0,0.012995,0.064977,0.012995,0.077973,0.22092,0,0.051982,0,0.064977,0,0,0.025991,0,0.012995,0,0,0.012995,0,0.012995,0,0,0,0,0,0,0,0,0,0,0,0,0,0,0,0.012995,0.24691,0.051982,0,0.038986,0,0,0,0,0,0,0,0
0.062721,0.10976,0,0,0,0,0,0,0,0,0.0078401,0,0,0.1568,0,0,0.0078401,0,0,0,0,0,0,0,0,0,0,0,0,0,0,0,0.05488,0,0,0,0,0,0,0.02352,0,0,0.196,0.04704,0.1176,0,0.03136,0.2352,0.10192,0.04704,0,0,0,0,0,0,0,0.0078401,0,0,0,0,0,0.01568,0,0,0,0,0,0.0392,0,0,0,0,0.01568,0,0.10976,0,0,0,0.0078401,0,0,0,0,0,0,0.0078401,0.03136,0,0,0,0,0,0.0078401,0,0,0,0.01568,0,0,0,0.0078401,0.02352,0,0.0078401,0,0,0,0,0.0078401,0.0078401,0.086241,0.28224,0,0.0078401,0.01568,0.062721,0,0.0078401,0.03136,0,0.02352,0,0.0078401,0,0,0,0,0,0,0,0,0.0078401,0.02352,0,0,0,0,0,0,0,0.0078401,0.01568,0.078401,0.01568,0,0.04704,0,0,0,0,0,0,0.0078401,0
0,0,0.04717,0.04717,0,0,0,0.04717,0.04717,0,0.09434,0,0,0,0,0,0.18868,0,0,0,0.04717,0,0,0,0,0,0,0,0,0,0.61321,0,0,0,0,0,0,0,0,0,0,0,2.3113,0.18868,0.42453,0,0.04717,1.6038,0.04717,0.04717,0,0.09434,0,0,0,0,0,0.09434,0,0.18868,0.09434,0.09434,0.28302,0,0.33019,0,0,0,0,0,0,0,0,0,0.33019,0,0.75472,0.04717,0,0.04717,0.09434,0,0,0,0,0,0.09434,0,0.09434,0,0,0,0,0,0,0,0.04717,0,0,0,0,0,0,0,0,0.04717,0,0.04717,0.09434,0,0,0,0.23585,0.75472,0,0,0,0.14151,0,0,0,0,0,0,0,0.04717,0.04717,0,0,0,0,0.09434,0,0,0.04717,0,0,0,0,0,0.28302,0,0,0.14151,0.18868,0.09434,0,0.18868,0,0,0,0,0,0,0,0
0.073148,0.12191,0.012191,0,0,0,0.012191,0.024383,0,0,0.097531,0,0,0.19506,0.012191,0,0.18287,0,0,0,0.012191,0,0,0.012191,0,0,0,0,0,0.012191,0,0,0.036574,0,0.012191,0,0,0,0,0.073148,0,0,0.86559,0.29259,0.13411,0,0,0.29259,0.048766,0.10972,0,0.024383,0,0,0,0,0,0,0,0.036574,0.036574,0.048766,0.048766,0.012191,0.1463,0,0,0,0.012191,0,0,0,0,0,0.20725,0,0.30479,0.036574,0.036574,0.012191,0.012191,0,0,0,0,0.024383,0.012191,0,0.060957,0,0,0,0,0,0,0,0,0,0.048766,0,0.024383,0.024383,0,0.060957,0.012191,0,0,0,0,0,0,0,0.073148,0.25602,0,0,0,0.036574,0,0,0,0,0.012191,0,0,0,0,0.012191,0,0,0,0,0,0,0,0.024383,0,0,0,0,0.024383,0,0,0.024383,0.1463,0.036574,0,0.17068,0,0,0,0,0.012191,0,0,0.012191
0.26253,0.47733,0.011933,0.011933,0,0,0,0,0,0,0,0,0.011933,0.047733,0,0,0.023866,0,0,0,0,0,0.011933,0,0,0,0,0,0,0.011933,0,0,0.059666,0.011933,0,0,0,0,0,0.13126,0,0,0.58473,0.20286,0.071599,0,0.011933,0.50119,0.071599,0.19093,0,0,0,0,0.011933,0,0,0,0.011933,0.011933,0,0.023866,0.011933,0.083532,0.023866,0,0,0,0,0.095465,0,0,0,0,0.0358,0,0.51313,0.023866,0.023866,0.011933,0,0,0,0,0,0,0.059666,0,0.023866,0,0,0,0.011933,0.011933,0,0.011933,0,0,0,0,0,0,0,0,0,0,0,0,0,0,0.011933,0.011933,0.011933,0.0358,0.011933,0,0.023866,0.011933,0,0.011933,0,0,0.0358,0,0,0.071599,0,0,0,0,0,0.047733,0,0,0,0,0.023866,0,0,0,0.15513,0,0,0.047733,0.34606,0.0358,0,0,0,0,0,0,0,0,0,0
0.066242,0.20892,0,0,0,0,0,0,0,0,0.0050955,0,0,0.020382,0,0,0.0050955,0,0,0,0.010191,0,0,0,0,0,0,0,0,0,0,0,0.030573,0.010191,0,0,0,0,0,0.050955,0,0,0.04586,0.18344,0,0,0.056051,0.04586,0.04586,0.19363,0,0,0,0,0.0050955,0,0,0,0,0,0,0,0.0050955,0,0.010191,0,0,0,0,0.020382,0,0,0,0,0.010191,0,0.14777,0.015287,0.015287,0.030573,0.0050955,0,0,0.0050955,0,0,0.010191,0,0,0,0,0,0,0.0050955,0,0.0050955,0.0050955,0,0.0050955,0,0,0,0,0.0050955,0,0,0,0,0,0,0.010191,0,0.0050955,0.10191,0,0.0050955,0,0.015287,0,0,0.010191,0,0.09172,0,0,0,0,0.0050955,0,0,0,0.0050955,0,0,0.010191,0.0050955,0.0050955,0,0,0,0.010191,0,0,0,0.086624,0.015287,0,0.020382,0,0,0,0,0.010191,0,0,0
0.091696,0.091696,0,0,0,0,0,0.0050942,0,0,0,0,0,0.040754,0,0,0.015283,0,0,0,0,0,0,0,0,0,0.0050942,0,0,0,0,0,0,0,0,0,0,0,0,0.040754,0,0,0.056037,0.050942,0.0050942,0,0,0.025471,0.030565,0.0050942,0,0,0,0,0,0,0,0.0050942,0,0,0,0,0.010188,0,0.015283,0,0,0,0,0.010188,0,0,0,0,0.03566,0,0.25471,0.010188,0.010188,0,0,0,0,0,0,0,0,0,0,0,0,0,0,0,0.010188,0.020377,0,0,0,0,0,0,0,0.010188,0,0,0,0.0050942,0.0050942,0,0.015283,0,0.030565,0.040754,0,0.0050942,0,0.0050942,0,0,0,0,0,0.0050942,0,0.015283,0,0,0,0,0,0,0,0,0,0.0050942,0,0.015283,0,0.0050942,0.071319,0,0,0.03566,0.10698,0.020377,0.0050942,0,0,0,0,0,0.0050942,0,0.010188,0
0.1121,0.096815,0,0,0,0,0.0050955,0,0.015287,0,0,0,0,0.16306,0,0.0050955,0.010191,0,0.010191,0,0,0,0,0,0,0,0,0,0,0,0.010191,0,0,0,0,0,0,0,0,0.061146,0,0,0.47389,0.47389,0.020382,0,0.030573,0.2242,0.066242,0.33121,0,0,0,0,0.010191,0,0,0,0,0.030573,0.010191,0.015287,0.020382,0.025478,0.086624,0,0.010191,0,0,0.0050955,0,0,0,0,0.1121,0,0.20382,0.0050955,0.020382,0.035669,0,0,0,0,0,0,0,0.0050955,0.0050955,0,0,0,0,0.0050955,0.0050955,0,0,0.010191,0.010191,0,0.0050955,0.015287,0,0.0050955,0,0.010191,0,0,0,0,0.035669,0.0050955,0.056051,0.12229,0.0050955,0.0050955,0,0.025478,0,0,0.0050955,0,0.0050955,0,0,0.0050955,0.015287,0,0,0,0,0.0050955,0,0,0,0,0.010191,0,0,0,0.050955,0,0,0.061146,0.056051,0.010191,0,0.030573,0,0,0,0.0050955,0.010191,0,0.010191,0
0.030573,0.040764,0,0,0,0,0.010191,0,0.010191,0,0,0,0,0,0,0,0.030573,0,0,0,0,0,0,0,0,0,0,0,0,0,0,0,0.071338,0,0,0,0,0,0,0.061146,0,0,0.69299,0.76433,0.13248,0,0,0.54013,0.061146,0.17325,0,0,0,0,0,0,0,0,0,0.030573,0.020382,0,0.020382,0.010191,0.1121,0,0,0,0,0.040764,0,0,0,0,0.050955,0,0.18344,0.010191,0.020382,0,0.010191,0,0,0,0,0,0.020382,0.010191,0.010191,0,0,0,0,0,0,0.020382,0,0.010191,0.010191,0,0.010191,0,0,0.030573,0,0.020382,0,0.010191,0,0,0.050955,0,0.09172,0.071338,0,0,0.010191,0.010191,0,0,0,0,0,0,0,0.030573,0,0,0,0,0,0.010191,0,0,0,0,0,0,0,0,0.010191,0,0.010191,0.010191,0.061146,0.010191,0,0,0,0,0,0,0.010191,0,0,0
0,0.010191,0,0.010191,0,0,0,0,0.020382,0,0,0,0,0.020382,0,0.010191,0.09172,0,0.010191,0,0,0,0,0,0,0,0,0,0,0,0.020382,0,0,0.010191,0,0,0,0,0,0.10191,0.010191,0,1.2739,0,0.061146,0,0.020382,0.14268,0,0.14268,0,0,0,0.010191,0.010191,0,0,0.010191,0,0.09172,0.071338,0,0.020382,0,0.15287,0,0.020382,0,0,0.030573,0,0,0,0,0.020382,0,0.25478,0,0.030573,0.020382,0,0,0,0,0,0,0.020382,0,0.14268,0,0.010191,0,0,0,0,0.10191,0,0,0,0,0,0,0,0.010191,0,0.020382,0,0.010191,0,0,0.081529,0,0.10191,0.4586,0,0,0,0.071338,0,0,0,0,0.020382,0,0,0.020382,0,0,0,0.030573,0,0.010191,0,0,0,0.020382,0,0,0,0.010191,0.010191,0,0.010191,0.09172,0.17325,0.040764,0,0,0.010191,0,0,0,0,0,0,0.010191
0,0,0,0,0,0,0.011198,0,0.011198,0,0.011198,0,0,0.055991,0,0,0.011198,0,0,0,0.011198,0,0.011198,0,0,0,0,0,0,0,0,0,0.022396,0.011198,0,0,0,0,0,0.055991,0,0,2.0829,0,0.022396,0.011198,0.022396,0.32475,0,0.21277,0,0,0,0.011198,0,0,0,0.011198,0,0.044793,0.044793,0.011198,0.022396,0.011198,0.033595,0,0,0,0,0.033595,0,0,0,0,0.022396,0,0.19037,0.011198,0.011198,0.011198,0,0,0,0,0,0,0.033595,0,0.011198,0,0,0,0,0,0,0.044793,0,0,0,0,0,0,0,0,0,0,0,0,0,0,0.011198,0,0,0.32475,0,0,0,0,0,0,0,0,0,0,0,0,0,0,0,0,0,0.011198,0,0,0,0.011198,0,0,0,0,0.011198,0,0,0,0.078387,0,0,0,0,0,0,0,0,0,0,0
0.019185,0,0,0,0,0,0,0,0.019185,0,0,0,0,0,0,0.019185,0.038369,0,0,0,0,0,0,0,0,0,0,0,0,0.019185,0,0,0.057554,0,0,0,0,0,0,0.019185,0,0,0.13429,0,0.17266,0,0,0.019185,0,1.458,0,0.019185,0.51799,0,0,0,0,0,0,0.019185,0,0,0,0,0.057554,0,0,0,0,0,0,0,0,0,0.095923,0,0.17266,0,0.019185,0,0,0,0,0,0,0,0.076739,0,0.19185,0,0,0,0.019185,0.019185,0,0,0,0,0,0,0,0,0,0,0,0,0,0,0,0,0,0,0,0.076739,0.019185,0,0.019185,0.038369,0,0,0.019185,0,0,0,0,0,0,0,0,0,0,0,0,0,0.019185,0.038369,0.076739,0,0,0,0.44125,0,0,0,0.019185,0.076739,0,0,0,0,0,0,0,0,0,0
0.030303,0.015152,0,0,0,0,0,0,0.015152,0,0,0.015152,0,0.045455,0,0,0.10606,0,0,0,0.015152,0,0,0,0,0,0,0,0.030303,0.13636,0,0,0.075758,0,0,0,0,0,0,0.22727,0,0,0.13636,0,0.13636,0,0.060606,0.13636,0,1.4545,0,0.030303,0.42424,0,0,0,0,0,0.030303,0.12121,0.060606,0,0,0,0.060606,0,0,0,0,0.045455,0,0,0,0,0.15152,0,0.89394,0,0.015152,0.030303,0,0,0,0,0,0,0.12121,0,0.090909,0.015152,0,0,0.015152,0,0,0,0,0.015152,0,0,0.015152,0,0,0.045455,0,0,0,0,0,0.015152,0.015152,0,0.030303,0.25758,0,0,0.015152,0.060606,0,0,0.030303,0,0,0,0,0,0,0,0,0,0.015152,0.015152,0.015152,0,0,0.045455,0.18182,0,0,0,0.27273,0,0.015152,0.45455,0.21212,0.015152,0,0,0.015152,0,0,0,0,0,0,0
0.006462,0,0,0,0,0,0,0,0,0,0,0,0,0.045234,0,0,0.03231,0,0,0,0.019386,0.025848,0,0,0.006462,0,0,0,0.012924,0.025848,0,0,0,0,0,0,0.012924,0,0,0.29079,0,0,0.006462,0.019386,0.14863,0,0.006462,0.17447,0,0,0,0,0.006462,0,0,0,0,0,0,0.3231,0.025848,0.006462,0,0.006462,0.051696,0,0,0,0,0,0,0,0,0,0.096931,0,0.25848,0.006462,0.019386,0.006462,0.012924,0.012924,0,0.006462,0,0,0.051696,0,0.03231,0,0,0,0,0,0,0.006462,0,0,0.019386,0,0.012924,0,0,0.012924,0,0.006462,0,0,0,0,0,0,0,0.071082,0,0,0,0.012924,0,0,0,0,0,0,0,0,0,0,0,0,0,0.03231,0,0,0,0,0.019386,0,0,0,0.03231,0,0,0.03231,0.10339,0.006462,0,0,0,0,0,0,0,0,0,0
0,0,0.018018,0,0,0,0.018018,0,0.018018,0,0.036036,0,0,0,0,0,0.18018,0,0,0,0.036036,0,0.018018,0,0,0,0,0,0.018018,0.018018,0,0,0.23423,0,0,0,0,0,0,0.072072,0,0,0.054054,0.018018,0.14414,0,0.12613,0.27027,0,0.55856,0,0,0,0,0.036036,0,0,0,0,0.12613,0.018018,0,0,0,0.036036,0,0,0,0.018018,0.16216,0.018018,0,0,0,0.37838,0,0.43243,0,0.072072,0.09009,0.018018,0,0,0,0,0,0.072072,0,0,0,0,0,0,0,0,0,0,0,0,0,0,0,0.018018,0.054054,0,0,0,0,0,0,0,0,0.018018,0.1982,0,0,0.072072,0.054054,0.018018,0.018018,0,0,0,0,0,0,0,0,0,0,0,0.054054,0,0,0.018018,0.036036,0.018018,0,0,0,0.1982,0,0.036036,0.036036,0.09009,0.036036,0,0,0,0,0,0,0,0,0,0
1.2986,0.18551,0,0,0,0,0.046377,0,0.092754,0,0.046377,0,0.13913,0.13913,0,0,0.046377,0,0,0,0,0,0,0,0,0,0,0,0,0,0,0,0.88116,0,0,0,0,0,0,1.7623,0,0,0.092754,0.13913,0.092754,0,1.9942,6.9101,0.13913,0.74203,0,0,0.37101,0,0,0,0,0.046377,0,0.69565,0.64928,0.046377,0,0.046377,0.41739,0,0,0,0,0.046377,0,0,0,0.092754,1.113,0,0.74203,0.046377,0,0,0,0,0,0.092754,0,0.092754,0.32464,0,0,0,0,0,0,0.046377,0,0.32464,0.092754,0.046377,0.23188,0,0,0,0.046377,0.27826,0,0.046377,0,0.046377,0,0.092754,0.23188,0.046377,0.046377,0.27826,0.23188,0,0.092754,0.55652,0,0.092754,0,0.092754,0.13913,0,0,0.046377,0,0,0,0,0.046377,0.046377,0,0,0,0,0.046377,0,0,0,1.3913,0,0,0.13913,0.78841,0.55652,0,0,0.046377,0,0,0,0.18551,0,0,0
0.22917,0.020833,0,0,0,0,0,0,0.020833,0,0,0,0,0,0.020833,0.041667,0.041667,0,0,0,0,0,0,0,0,0,0,0,0,0,0,0,0.10417,0,0,0,0,0,0,0.77083,0,0,0,0.041667,0.020833,0,0.8125,1.7292,0.020833,0.27083,0.041667,0,0,0,0,0,0,0.020833,0.020833,0.041667,0.041667,0.0625,0.020833,0.041667,0.10417,0,0,0,0,0.041667,0,0,0,0,0.041667,0,0.1875,0.041667,0.020833,0,0.020833,0,0,0,0,0,0.020833,0,1.3542,0,0,0.020833,0,0,0,0.041667,0,0.020833,0.041667,0,0.020833,0.0625,0.041667,0,0,0,0,0,0.020833,0,0.10417,0.020833,0.041667,0.16667,0.3125,0,0,0.6875,0,0,0,0.10417,0.020833,0,0.020833,0,0,0,0,0,0,0,0,0,0,0.020833,0,0,0,0,0.020833,0,0,0.20833,0.52083,0.29167,0,0,0,0,0,0,0,0,0,0
0.1039,0,0,0,0,0,0,0,0,0,0.025974,0,0,0.51948,0,0,0.077922,0,0,0,0,0,0,0,0,0,0,0,0,0,0.1039,0,0.15584,0,0,0,0,0,0,0.54545,0,0,0,0.025974,0.077922,0,0.18182,2.2338,0,0.36364,0.025974,0,0,0,0.025974,0,0,0,0,0.077922,0.077922,0.025974,0.051948,0.12987,0.20779,0,0,0,0,0.90909,0,0,0,0.025974,0.44156,0,0.25974,0,0.025974,0,0,0.62338,0,0,0,0,0.025974,0,0.025974,0,0,0,0,0.025974,0,0.025974,0.025974,0.025974,0.077922,0,0,0,0,0.025974,0,0.077922,0,0,0.025974,0,0,0,0,0,0.77922,0,0,0.49351,0,0,0,0.28571,0.1039,0,0,0,0,0,0,0,0,0.025974,0,0,0,0.025974,0,0,0,0,0.051948,0,0,0.31169,0.67532,0.1039,0,0,0,0,0,0,0.051948,0,0,0.025974
0.075472,0,0.050314,0,0,0,0,0,0.0083857,0,0,0,0,0,0,0,0.050314,0,0.016771,0,0,0.0083857,0,0,0,0,0,0,0,0,0.092243,0,0.25996,0,0,0,0,0,0,0.62055,0,0,0.050314,0.016771,0.0083857,0,0.15094,2.8092,0.016771,0.20964,0,0.041929,0,0,0,0,0,0,0,0.083857,0.075472,0.016771,0.0083857,0.016771,0.22642,0,0,0,0,1.4507,0.0083857,0,0,0,0.092243,0,0.36897,0.0083857,0.025157,0.033543,0,0,0,0,0,0,0.033543,0,0.050314,0,0,0,0,0,0,0.0083857,0,0.0083857,0.041929,0,0.016771,0.0083857,0,0.025157,0,0.016771,0,0,0.025157,0.0083857,0.033543,0.0083857,0.0083857,0.067086,0.041929,0,0,0.092243,0,0,0,0.041929,0,0,0,0,0,0.0083857,0,0,0,0.0083857,0,0,0.0083857,0.025157,0,0,0,0,0.025157,0,0,0.20964,0.10901,0.0587,0,0,0,0,0,0,0.0083857,0,0,0
0.13061,0.032653,0.14694,0,0,0,0,0.016327,0,0,0,0,0,0,0.016327,0,0.016327,0,0,0,0.032653,0,0.065306,0,0,0,0,0,0.016327,0,0.016327,0,0.22857,0,0,0.016327,0,0,0,0.37551,0,0,0.097959,0.016327,0.14694,0,0.50612,2.4,0.081633,0.50612,0,0.04898,0,0,0.016327,0,0,0.065306,0.032653,0.22857,0.21224,0.032653,0.016327,0.016327,0.16327,0,0,0,0,0.37551,0,0,0,0,0.26122,0,0.32653,0.016327,0.016327,0.04898,0,0.52245,0,0.04898,0,0,0.14694,0,0.17959,0,0,0,0,0,0,0.032653,0.016327,0,0.04898,0,0.032653,0.065306,0.032653,0.081633,0,0.081633,0.016327,0,0.065306,0,0.04898,0.04898,0.081633,0.16327,0.34286,0,0,0.27755,0,0.016327,0,0,0.065306,0,0,0,0,0,0,0,0,0,0,0,0,0,0.032653,0,0,0,0.081633,0,0.016327,0.16327,0.04898,0.081633,0.016327,0,0,0,0,0,0,0,0,0
0.29814,0.19876,0,0,0,0,0.19876,0,0,0.099379,0,0,0,0,0,0,0,0,0,0,0,0,0,0,0,0,0,0,0,0,0.19876,0,1.5901,0.19876,0,0,0,0,0,0.89441,0,0,0.59627,0.49689,0.39752,0,2.9814,3.9752,0.099379,1.9876,0,0,1.0932,0,0,0.39752,0,0,0,1.0932,0.69565,0,0,0,0.49689,0,0,0,0,0.29814,0,0,0,0,0.89441,0,4.2733,0,0.69565,0.19876,0,0,0,0.099379,0,0,0.79503,0,0.19876,0,0,0,0.19876,0,0,0.39752,0.099379,0,0,0,0.19876,0,0.099379,0.099379,0,0.099379,0,0.099379,0,0,0.19876,0,0.099379,1.2919,0.19876,0,0,0.29814,0,0.099379,0.29814,0,0,0,0,0,0,0,0,0,0,0,0,0,0.099379,0.099379,0,0,0,0.099379,0.099379,0,0,0.49689,0.39752,0.19876,0,0,0,0,0,0,0.19876,0,0,0
0,0,0.064516,0.12903,0,0,0,0,0,0,0,0,0,0.32258,0,0,0,0,0,0,0,0,0.064516,0,0,0,0.064516,0,0.064516,0.064516,0,0,0,0,0,0,0.12903,0,0,3.5484,0.064516,0,0,0.19355,0.58065,0,0.51613,4.4516,0,0.064516,0.19355,0,0.064516,0,0.064516,0,0,0,0,0.32258,0.32258,0.19355,0.19355,0.19355,0.19355,0,0,0,0,0,0,0,0,0.064516,0.12903,0,3.6129,0.12903,0.19355,0,0,0,0,0.3871,0,0.19355,0,0,0,0.064516,0,0,0,0,0,0,0,0,0,0,0,0,0,0,0,0,0,0,0,0,0,0,0,0.51613,0,0,0.064516,0.064516,0,0.12903,0,0,0,0,0,0.064516,0,0,0,0,0,0,0,0,0,0,0,0,0,0,0,0,0,0.12903,1.0968,0.064516,0,0,0,0,0,0,0,0,0,0
0.16393,0,0.032787,0,0,0,0,0,0,0,0.032787,0,0,0,0,0,0.065574,0,0.032787,0,0,0,0.032787,0,0,0,0,0,0,0,0,0,0.52459,0.032787,0,0,0.032787,0,0,1.2787,0,0,0.32787,0.22951,0.032787,0,1.5082,1.2459,0.13115,0.52459,0,0.065574,1.2131,0,0,0.032787,0,0.065574,0,0.42623,0.13115,0.065574,0,0.065574,0.13115,0,0,0,0,0.29508,0,0,0,0,0.45902,0,0.78689,0.098361,0.032787,0.098361,0,0,0,0,0,0.13115,0.16393,0,0.13115,0,0.098361,0,0,0,0,0,0,0,0.098361,0,0,0.032787,0.032787,0,0,0,0,0,0.032787,0,0.098361,0.032787,0.065574,0.29508,0,0,0,0.065574,0,0,0.065574,0,0,0,0,0,0,0,0,0,0,0,0,0,0.032787,0,0,0,0,0.032787,0.065574,0,0,0.2623,0.36066,0.065574,0.098361,0,0.032787,0,0,0,0.032787,0,0,0.032787
0.083507,0.016701,0.016701,0,0,0,0,0,0.033403,0,0,0,0,0.016701,0,0,0.033403,0.016701,0,0,0,0,0.016701,0,0,0,0,0,0,0,0.033403,0,0.20042,0,0,0,0,0,0,0.61795,0,0,0.10021,0.033403,0.083507,0,0.26722,0.38413,0.10021,0.16701,0,0,0.83507,0,0.016701,0.033403,0,0.016701,0,0.18372,0.10021,0.033403,0,0,0.016701,0,0,0,0,0.23382,0,0,0,0,0.050104,0,0.40084,0.016701,0,0,0.016701,0,0,0,0,0,0.016701,0.033403,0.016701,0,0,0,0,0,0,0.016701,0,0,0,0,0.050104,0.066806,0,0.016701,0,0,0,0,0,0,0,0,0.033403,0.083507,0.016701,0,0,0.033403,0,0,0,0,0,0,0,0,0,0,0,0,0,0,0,0,0,0,0,0,0,0,0,0,0,0.050104,0.033403,0.066806,0,0,0,0,0,0,0,0,0,0
0.78571,0.14286,0,0.02381,0,0,0,0,0,0,0,0,0,0.095238,0,0,0,0,0,0,0.095238,0,0.047619,0,0.047619,0,0.071429,0,0,0.095238,0.047619,0,0.02381,0,0,0,0,0,0,0.5,0,0,0,0.02381,0.19048,0,0.30952,0.11905,0,0,0,0,0.047619,0,0,0,0,0,0,0.11905,0.047619,0.095238,0,0,0.071429,0,0,0,0,0,0,0,0,0,0.02381,0,0.47619,0.047619,0.071429,0.02381,0.047619,0,0,0.71429,0.071429,0.071429,0,0,0.047619,0,0.047619,0,0,0,0,0,0,0,0,0,0,0,0,0,0,0,0,0,0,0,0.047619,0.02381,0,0.071429,0,0,0,0,0,0,0,0,0,0,0,0.071429,0.78571,0,0,0,0,0,0,0,0,0,0.35714,0,0,0,0.02381,0,0.02381,0.02381,0.2381,0.047619,0,0,0,0,0,0,0,0,0,0
0,0,0.0070609,0.021183,0,0,0,0.0070609,0,0,0,0,0,0.028244,0,0,0.0070609,0,0,0,0.0070609,0.021183,0,0,0,0,0,0,0,0,0.028244,0,0.11297,0,0,0,0,0,0,0.1271,0,0,0.056487,0.091792,0.042365,0,0.056487,0.60018,0.028244,0.24713,0,0.0070609,0.0070609,0,0,0,0,0,0,0.13416,0.028244,0,0,0.0070609,0.049426,0,0,0,0,0.028244,0,0,0,0,0.042365,0,0.22595,0.014122,0.056487,0.035305,0.0070609,0.021183,0,0,0,0,0.0070609,0.0070609,0.021183,0,0,0,0,0,0,0,0,0,0.0070609,0,0.0070609,0.0070609,0,0,0,0,0,0,0.0070609,0,0.0070609,0,0.0070609,0.07767,0,0,0,0.028244,0,0,0,0,0,0,0,0.014122,0,0,0,0,0,0.0070609,0.0070609,0,0.0070609,0,0,0,0,0,0.0070609,0,0,0,0.042365,0.014122,0,0,0.0070609,0,0,0,0,0,0,0
0.012012,0,0.018018,0.006006,0,0,0.006006,0,0.006006,0,0.006006,0,0,0.06006,0,0.006006,0.06006,0.006006,0,0,0.006006,0.012012,0,0,0,0,0,0,0,0,0.036036,0,0.16216,0.012012,0,0,0.006006,0,0,0.16216,0,0.006006,0.15015,0.10811,0.054054,0,0.084084,0.24625,0.036036,0.22823,0.006006,0.006006,0.024024,0,0,0,0,0.012012,0,0.072072,0.066066,0,0,0.006006,0.09009,0,0,0,0,0.10811,0,0,0,0,0.12613,0,0.22222,0.012012,0.018018,0.03003,0,0,0,0.024024,0,0,0.036036,0.006006,0.14414,0.006006,0.018018,0,0,0,0,0.012012,0,0,0,0,0,0,0.012012,0.042042,0.006006,0.012012,0,0,0.006006,0,0.042042,0.006006,0.018018,0.13213,0.006006,0,0.03003,0.024024,0,0,0,0,0,0,0,0.018018,0.006006,0,0,0,0,0.006006,0.006006,0,0.012012,0,0.006006,0,0.006006,0,0.018018,0,0,0.006006,0.096096,0.024024,0.006006,0,0,0,0,0,0,0,0,0
0.008547,0,0.008547,0.008547,0,0,0,0,0,0,0,0,0,0,0,0,0.034188,0,0,0,0.008547,0,0,0,0,0,0,0,0,0.017094,0.042735,0,0.059829,0,0,0,0.008547,0,0,0.11966,0,0.008547,0.11966,0.051282,0.034188,0,0.042735,0.08547,0,0.17094,0,0,0.042735,0,0,0,0,0,0,0.034188,0.025641,0.008547,0.017094,0.017094,0.017094,0,0,0,0,0.094017,0,0,0,0,0.017094,0,0.21368,0.008547,0,0,0,0,0,0,0,0.008547,0.059829,0,0.094017,0.008547,0,0,0,0,0,0,0.008547,0,0.008547,0,0,0.008547,0,0.008547,0,0.017094,0,0,0,0.008547,0.017094,0,0.008547,0.042735,0,0,0,0.008547,0,0,0,0,0,0,0,0.059829,0,0,0.008547,0,0,0.025641,0,0,0,0,0.008547,0,0,0,0.017094,0,0,0.008547,0.017094,0.008547,0,0,0,0,0,0,0,0,0,0
0.072948,0.024316,0.024316,0,0,0,0,0.024316,0,0,0,0,0,0,0,0,0.097264,0,0,0,0.024316,0,0,0,0,0,0,0,0,0,0.024316,0,0.31611,0.024316,0,0,0,0,0,0.48632,0,0.024316,0.48632,0.072948,0.097264,0,0.48632,0.48632,0.1459,0.58359,0,0,0.31611,0,0,0,0,0,0,0.072948,0.12158,0,0,0.048632,0.19453,0,0,0,0,0.19453,0,0,0,0,0.43769,0,1.3131,0.048632,0.097264,0,0.024316,0,0,0,0,0,0.19453,0,0.097264,0,0,0,0,0,0,0.26748,0,0.024316,0.097264,0,0.072948,0.072948,0,0.048632,0,0.048632,0.024316,0.048632,0.048632,0,0.26748,0.024316,0.19453,0.53495,0.024316,0.024316,0.12158,0.17021,0,0.048632,0.048632,0,0.048632,0,0.024316,0,0,0,0.024316,0,0,0.024316,0,0,0,0,0,0,0,0,0.072948,0,0.024316,0.097264,0.58359,0.12158,0,0,0,0,0,0,0.072948,0,0,0.21884
0.0026144,0,0,0.0052288,0,0,0,0.0026144,0,0,0,0,0,0.0052288,0.0026144,0,0.013072,0,0,0,0,0,0.0026144,0,0,0,0,0,0.0026144,0.0026144,0,0,0.062745,0,0,0,0,0,0,0.060131,0,0,0.013072,0.013072,0.010458,0,0.094118,0.036601,0,0.049673,0.0026144,0,0.094118,0,0,0,0,0,0,0.0026144,0.0026144,0.0026144,0.0078431,0.0026144,0.033987,0,0,0,0.0026144,0.049673,0.0026144,0,0,0,0.049673,0,0.036601,0.0026144,0.0026144,0,0.0026144,0.062745,0,0,0,0.0026144,0,0,0.018301,0,0,0,0.0026144,0,0,0,0.0026144,0,0.0026144,0,0.0026144,0.0026144,0.0026144,0.0026144,0,0,0,0,0.0026144,0.0026144,0.018301,0.0052288,0,0.015686,0,0,0,0.013072,0,0,0,0,0,0,0,0,0,0,0,0,0,0.0026144,0,0,0.0078431,0.0026144,0.0052288,0,0,0,0.073203,0,0,0,0.023529,0.0026144,0.0026144,0,0,0,0,0,0.0026144,0,0,0.0078431
0.07619,0.038095,0.057143,0.038095,0,0,0.019048,0,0.019048,0,0,0,0,0.019048,0,0,0.019048,0,0,0,0,0.07619,0.019048,0,0,0,0,0,0,0,0.019048,0,0.26667,0,0,0,0,0,0,0.8381,0,0.019048,0.13333,0.11429,0.057143,0,0.057143,0.4,0.15238,0.47619,0,0.019048,0.17143,0,0,0,0,0.019048,0,0.038095,0,0.038095,0,0.057143,0.15238,0,0,0,0.057143,0.28571,0,0,0,0,0.095238,0,0.55238,0,0.038095,0.057143,0.019048,0,0,0,0,0,0.019048,0,0.26667,0,0,0,0,0.057143,0,0.038095,0,0,0.038095,0,0.019048,0.019048,0.038095,0.07619,0,0,0.019048,0,0.019048,0,0.07619,0.019048,0.095238,0.28571,0,0,0,0.11429,0,0,0,0,0,0,0,0,0,0,0,0,0,0,0.019048,0,0.019048,0,0,0,0,0,0.038095,0,0.019048,0.038095,0.15238,0.038095,0,0,0,0,0,0,0,0,0.019048,0
0.021651,0,0,0,0,0,0.021651,0,0.021651,0,0,0,0,0.021651,0,0,0.10825,0,0,0,0,0.064953,0.021651,0,0,0,0,0,0,0,0,0,0.28146,0,0,0,0,0,0,0.28146,0,0.043302,0.064953,0.10825,0.021651,0,0.75778,0.17321,0.12991,0.43302,0,0,0.82273,0,0,0,0,0,0,0.021651,0.043302,0,0,0.12991,0.10825,0,0,0,0,0.21651,0,0,0,0,0.10825,0,0.54127,0.043302,0.064953,0.064953,0.064953,0,0,0.021651,0,0,0.021651,0,0.021651,0,0,0,0,0.021651,0,0,0,0,0.043302,0,0.043302,0.021651,0.021651,0.021651,0,0,0,0.021651,0.021651,0,0.043302,0.021651,0.043302,0.21651,0,0,0.021651,0.10825,0,0,0.021651,0,0,0,0,0,0.021651,0,0,0,0,0.021651,0,0,0,0,0,0,0,0,0.021651,0,0,0.064953,0.064953,0,0,0,0,0,0,0,0.021651,0,0.021651,0
0,0.019704,0.019704,0,0,0,0.019704,0,0,0,0,0,0,0.019704,0,0,1.5764,0,0,0,0,0,0,0,0,0,0,0,0,0,0,0,0.4335,0,0,0,0,0.019704,0,0.39409,0,0.019704,0,0.78818,0,0,0.098522,0,0.078818,0.17734,0,0,2.8177,0,0,0,0,0,0,0,0,0,0,0,0.33498,0,0,0,0,0.059113,0,0,0,0,0.4532,0,0.33498,0.11823,0.13793,0,0.019704,0,0,0,0,0,0,0,0,0,0,0,0,0,0,0,0,0,0,0,0,0,0,0,0,0,0,0,0,0,0,0,0,0.019704,0,0,0.039409,0,0,0,0,0.019704,0,0,0,0,0,0,0,0,0,0,0,0,0.019704,0,0.039409,0,0,0,0.76847,0,0,0.80788,0.059113,0.35468,0,0,0,0.019704,0,0,0,0,0,0
0,0,0,0,0,0,0,0,0.01766,0,0,0,0,0,0,0,0.0883,0,0,0,0,0,0,0,0,0,0,0,0,0,0,0,0.12362,0.03532,0,0,0,0,0,0.37086,0,0,0.05298,0.58278,0.21192,0,0.03532,0.37086,0.12362,0.60044,0,0,0.03532,0,0,0,0,0,0,0,0,0.01766,0,0.03532,0.0883,0,0,0.01766,0,0.33554,0,0,0,0,0.10596,0,0.28256,0.03532,0.03532,0,0.01766,0.01766,0,0,0,0,0,0,0.37086,0.05298,0.10596,0,0,0,0,0.01766,0,0,0.01766,0,0,0,0,0,0,0,0,0,0,0,0.10596,0,0.12362,0.37086,0.07064,0,0.01766,0.01766,0,0,0.03532,0,0,0,0,0,0,0,0,0,0,0,0,0,0.03532,0.05298,0.01766,0,0,0,0.03532,0,0,0.01766,0.15894,0,0,0,0,0,0,0,0.01766,0,0,0
0,0,0,0,0,0,0,0.010526,0,0,0,0.010526,0,0,0,0,0.094737,0,0,0,0,0.031579,0.010526,0,0,0,0,0,0,0,0,0,0.11579,0,0,0,0,0.010526,0,1.2842,0,0.031579,0.052632,0.12632,0.021053,0,0.98947,0.57895,0.11579,0.15789,0,0.084211,0.010526,0,0,0,0,0.010526,0,0.031579,0.094737,0.042105,0.15789,0.073684,0.44211,0,0,0.031579,0,0.18947,0.010526,0,0,0,0.094737,0,0.35789,0.073684,0.12632,0,0,0,0,0,0,0.010526,0.042105,0,0,0,0,0,0.010526,0,0.031579,0.021053,0,0,0.010526,0,0.010526,0,0,0.042105,0,0.010526,0,0,0,0,0,0,0,0.010526,0,0,0,0.010526,0,0,0,0,0,0,0,0,0,0,0,0,0,0,0,0,0.010526,0,0,0,0,0,0.010526,0,0.010526,0.010526,0.22105,0,0,0.010526,0,0,0,0,0.021053,0,0,0.010526
0.025518,0,0,0,0,0,0.025518,0,0,0,0,0,0,0.051037,0,0.025518,0.25518,0,0,0.689,0,0.025518,0,0,0,0,0,0,0,0,0,0,0.10207,0,0,0,0,0,0,1.6587,0,0.025518,0.12759,0.43381,0.051037,0,0.076555,1.1483,0.17863,0.25518,0,0.025518,0,0,0,0,0,0,0,0,0,0,0.051037,0.025518,0.35726,0,0,0,0,0.2807,0,0,0,0,0.2807,0,0.40829,0,0.025518,0.076555,0,0,0,0,0,0,0.051037,0,0.076555,0,0,0,0,0,0,0,0,0,0.025518,0,0,0,0,0,0,0.051037,0.025518,0,0,0,0.051037,0,0.051037,0.025518,0,0,0,0.025518,0,0,0,0,0,0,0,0,0,0,0,0,0,0.025518,0,0,0.051037,0.025518,0,0,0,0,0.076555,0,0,0.12759,0.38278,0,0,0.10207,0,0,0,0,0,0,0,0
0,0,0,0,0,0,0,0,0,0,0,0,0,0.14311,0,0.028623,0.20036,0.028623,0.028623,0,0,0,0,0,0,0,0,0,0,0,0,0,0.28623,0,0,0,0,0,0,1.3166,0,0.028623,0,0.97317,0.14311,0,0,1.1449,0,0.057245,0,0.028623,0.028623,0,0,0,0,0,0,0,0.028623,0,0.028623,0,0.20036,0,0,0,0,0.31485,0,0,0,0,0.14311,0,0,0,0,0.057245,0,0,0,0,0,0,0.028623,6.2397,0.31485,0,0.085868,0,0,0,0,0,0,0,0,0,0,0,0,0.028623,0,0,0,0,0,0,0,0,0,0,0,0,0.028623,0.028623,0,0,0,0,0,0,0,0,0,0,0,0,0.028623,0.028623,0,0,0,0,0,0,0,0,0.057245,0,0,0,0.028623,0.028623,0,0,0,0,0,0,0,0,0,0
0.018476,0,0,0,0,0,0,0,0.018476,0.018476,0,0,0,0.018476,0,0,0.073903,0,0,0,0,0,0.036952,0,0,0,0,0,0,0,0,0,0.24018,0,0,0,0,0,0,1.127,0,0.018476,0.14781,1.0346,0.12933,0,0.036952,1.7367,0.092379,0.49885,0,0,0.036952,0,0,0,0,0,0,0.036952,0,0,0,0.073903,0.11085,0,0,0.018476,0,0.11085,0,0,0,0,0.18476,0,0.16628,0,0.018476,0.036952,0.018476,0,0,0,0,0,0.018476,0,0,0,0,0,0,0,0,0.018476,0,0,0,0,0,0.018476,0.018476,0.055427,0,0.018476,0,0.018476,0.018476,0,0.036952,0,0,0.11085,0.018476,0,0,0.036952,0,0,0.018476,0,0.036952,0,0,0,0,0,0,0,0,0,0,0,0,0.018476,0,0,0,0,0.036952,0,0,0.073903,0.018476,0.11085,0,0,0.018476,0,0,0,0,0,0,0
0.0038499,0,0,0,0,0,0.0038499,0,0.0076997,0,0,0,0,0.0038499,0,0,0.023099,0,0,0,0,0,0,0,0,0,0,0,0,0,0,0,0.16169,0.0038499,0,0,0,0,0,0.19634,0,0,0.1078,0.29644,0.019249,0,0,0.38884,0.015399,0.19634,0,0,0.015399,0,0,0,0,0.023099,0,0.023099,0,0.0076997,0.019249,0.030799,0.050048,0,0,0,0,0.096246,0.01155,0,0,0,0.076997,0,0.11935,0.0076997,0.0076997,0.0076997,0.0038499,0,0,0,0,0,0.0038499,0,0.023099,0,0,0,0,0.0038499,0,0.0076997,0,0,0.023099,0,0,0.0038499,0.0076997,0.0076997,0,0,0,0,0.01155,0,0,0,0,0.042348,0,0,0.0076997,0.019249,0,0,0.0076997,0,0.0038499,0,0,0,0,0,0,0,0,0.0076997,0.0076997,0,0.023099,0.0038499,0.0038499,0.0038499,0,0,0.0076997,0,0.0038499,0,0.042348,0.015399,0,0,0,0,0,0,0,0,0,0
0.0057637,0.0028818,0,0,0,0,0,0,0.0086455,0,0.0057637,0,0,0.040346,0,0,0.025937,0,0.0028818,0,0,0.0028818,0.0028818,0,0,0,0,0,0,0,0,0,0.080692,0,0,0,0,0,0,0.20461,0,0.0028818,0.16138,0.25072,0.014409,0,0,0.14986,0.0086455,0.11239,0,0.014409,0.0086455,0,0,0.0028818,0,0.017291,0,0.0086455,0,0.0028818,0.0028818,0.0057637,0.025937,0,0,0,0,0.07781,0,0,0,0,0.017291,0,0.097983,0.0057637,0.014409,0,0,0.0028818,0,0,0,0.0057637,0.0028818,0,0.023055,0,0,0,0,0,0,0,0.0028818,0,0.014409,0,0.0028818,0.0057637,0.0028818,0.017291,0,0.0028818,0,0,0.0057637,0,0.0086455,0.0028818,0.0086455,0.072046,0.0028818,0,0,0.014409,0,0,0,0,0.0057637,0,0,0,0,0,0,0,0.0028818,0,0.0057637,0.0028818,0.020173,0,0,0,0,0,0.011527,0,0.0028818,0.0028818,0.12392,0.0057637,0,0,0,0,0,0,0.0028818,0,0,0
0,0,0,0,0,0,0,0,0,0,0,0,0,0.015267,0,0,0.053435,0,0,0,0.0076336,0.0076336,0,0,0,0,0,0,0,0,0.022901,0,0.12977,0,0,0,0,0,0,0.45802,0,0.0076336,0.14504,0.65649,0.015267,0,0.0076336,0.58015,0,0.30534,0,0,0.0076336,0,0,0.0076336,0,0.0076336,0,0.015267,0.015267,0.061069,0.0076336,0,0.076336,0,0,0,0.0076336,0.099237,0,0,0,0,0.045802,0,0.12214,0,0.015267,0.022901,0.022901,0,0,0,0,0,0,0,0.015267,0,0,0,0,0,0,0.0076336,0,0,0.022901,0,0,0.0076336,0.022901,0.061069,0,0.030534,0.030534,0.0076336,0.053435,0,0.038168,0,0.061069,0.16031,0.0076336,0,0,0.053435,0,0,0.0076336,0,0,0,0,0,0,0,0,0,0,0,0.0076336,0,0.030534,0,0.015267,0,0,0,0.038168,0.083969,0.0076336,0.022901,0.038168,0.053435,0,0,0,0,0,0,0,0,0.0076336,0
0,0,0,0.006552,0,0,0.006552,0,0,0,0.019656,0,0,0.078624,0,0,0.045864,0,0,0,0,0,0.006552,0,0,0,0,0,0,0,0.006552,0,0,0,0,0,0,0,0,0.12449,0,0,0.19656,0.47174,0.03276,0,0.013104,0.11138,0.006552,0,0,0,0,0,0,0,0,0,0,0.026208,0.006552,0.013104,0.013104,0.006552,0.052416,0,0,0,0,0.026208,0,0,0,0,0.013104,0,0.24242,0,0.006552,0.006552,0,0,0,0,0,0,0.006552,0.006552,0.006552,0,0,0,0,0,0,0.006552,0,0,0.006552,0,0.013104,0,0,0.019656,0,0.013104,0,0,0.019656,0,0.006552,0,0.045864,0.11138,0,0,0,0.045864,0,0,0,0,0,0,0,0,0,0,0.006552,0,0,0,0,0,0.039312,0,0.006552,0,0,0,0.026208,0,0,0.006552,0.072072,0.019656,0,0,0,0.013104,0,0,0.006552,0,0,0
0,0,0,0,0,0,0,0,0,0,0,0,0,0,0,0,0.040347,0,0.0080694,0,0,0,0,0,0,0,0,0,0,0.0080694,0.0080694,0,0.080694,0.0080694,0,0,0,0,0,0.20173,0,0,0.12104,0.064555,0.096833,0,0.048416,0.1856,0.016139,0.1856,0,0,0.016139,0,0,0.0080694,0,0.016139,0,0.0080694,0.016139,0,0.0080694,0.016139,0,0,0,0,0,0.0080694,0,0,0,0,0.072625,0,0.5003,0.0080694,0,0.016139,0,0,0,0,0,0.0080694,0.048416,0,0.016139,0,0,0,0,0,0,0,0.016139,0,0.032278,0,0.0080694,0.016139,0,0.096833,0,0.016139,0,0.0080694,0.024208,0,0.0080694,0.0080694,0.032278,0.080694,0,0,0.024208,0.016139,0,0.0080694,0,0,0.096833,0,0,0,0,0,0,0,0,0,0,0,0,0,0,0,0,0,0.0080694,0,0,0.0080694,0.11297,0.024208,0,0,0,0,0,0,0.0080694,0,0,0.0080694
0.0038986,0.0077973,0,0.0038986,0,0,0,0,0,0,0,0,0,0.015595,0,0,0.035088,0,0,0,0.0038986,0,0,0,0,0,0,0,0,0,0,0,0.0077973,0.011696,0,0,0,0,0,0.042885,0,0,0.02729,0.10526,0.011696,0,0.042885,0.035088,0.011696,0.20273,0,0,0.015595,0,0.0038986,0,0,0.011696,0,0,0,0.0077973,0.0038986,0.011696,0.015595,0,0,0,0,0.038986,0,0,0,0,0.0077973,0,0.011696,0,0,0,0.0038986,0,0,0,0,0,0,0,0,0,0,0,0,0.0038986,0.0038986,0.019493,0,0,0.0077973,0.0038986,0.011696,0.023392,0.011696,0.031189,0,0.038986,0.0077973,0.023392,0.042885,0,0.02729,0,0.011696,0.02729,0.011696,0,0.0038986,0.015595,0,0,0.011696,0,0,0,0,0,0,0,0.0038986,0,0,0,0,0,0,0,0.0038986,0.0038986,0.0038986,0,0.0077973,0,0,0.070175,0.02729,0.011696,0,0,0,0.019493,0,0,0.0077973,0,0.015595,0
0,0,0,0,0,0,0,0.037101,0,0,0,0,0,0,0,0,0.22261,0,0,0,0,0,0,0,0,0,0,0,0,0,0,0,0,0.037101,0,0,0,0,0,0.22261,0.037101,0,0,0.70493,0,0,0,0.14841,0,0,0,0,0,0,0,0,0,0,0,0.037101,0,0,0.037101,0.037101,0.1113,0,0,0,0,0.1113,0,0,0,0,0.074203,0,0.48232,0,0.037101,0,0.037101,0,0,0,0,0,0.074203,0,2.3003,0,0,0,0.074203,0,0,0,0,0.037101,0.074203,0,0,0.037101,0,0.037101,0,0,0,0,0,0,0,0,0.037101,0,0,0,0,0.25971,0,0,0,0,0,0,0,0.037101,0,0,0,0,0,0.074203,0,0,0.037101,0,0,0,0,0,0.037101,0,0,0.037101,0.37101,0.074203,0,0,0,0,0,0,0,0,0,0
0,0,0,0,0,0,0,0,0,0,0.068376,0,0.44444,0,0,0,0.44444,0,0,0,0,0,0,0,0,0,0,0,0,0.23932,0,0,0,0,0,0,0,0.034188,0,0.17094,0,0,0,0,0,0,0.034188,0.13675,0,0,0.068376,0,0,0,0,0,0,0,0,0,0,0,0,0,0,0,0,0,0,0,0,0,0,0,0,0,0.034188,0,0,0.10256,8.9915,0,0,0,0.034188,0,0,0,0,0,0,0,0,0,0,0.10256,4.4786,0,0,0,0,0,0,0,0,0,0,0,0,0,0,0,0,0,0,0,0.034188,0.034188,0,0,0.13675,0,0.47863,0,0.2735,0,0,0,0,0,0,0,0,0,0,0,0,0,0,0,0,0,0,4.4103,0.47863,0.10256,0.034188,0,0,0,0,0,0,0,0,0
0,0,0,0,0,0,0,0,0,0,0.034372,0,0,0,0,0,0.27497,0,0,0,0,0,0,0,0,0,0,0,0,0,0.034372,0.034372,0.58432,0,0,0,0,0,0,0.54995,0,0,0,0.99678,0,0,2.0623,0.20623,0.30934,2.956,0,0,0.20623,0,0,0,0,0,0,0.034372,0,0,0.034372,0,0.37809,0,0,0,0,0.37809,0,0,0,0,0.30934,0,0.51557,0.13749,0.034372,0.034372,0,0,0,0,0,0,0,0,0.068743,0,0,0,0,0,0,0,0.034372,0,0.034372,0.034372,0,0,0.068743,0.17186,0,0,0,0,0,0,0.034372,0,0.10311,0.17186,0,0,0.17186,0.10311,0,0,0,0,0,0,0,0,0,0,0,0,0,0,0,0,0.10311,0,0,0,0,0,0.20623,0,0,0.034372,0.10311,0.13749,0,0,0,0,0,0,0.034372,0,0,0
0,0,0,0,0,0,0,0,0,0,0,0,0,0.41885,0,0.08377,0.16754,0,0,0,0,0,0,0,0,0,0,0,0,0,0,0,1.3403,0,0,0,0,0,0,2.2618,0,0,0,35.77,0.08377,0,0.33508,0.75393,0.67016,3.267,0,0,0,0,0.08377,0,0,0,0,0,0,0,0.58639,0.8377,0.58639,0,0,0,0,5.6963,0,0,0,0,1.3403,0,1.9267,0.08377,0.41885,0.08377,0,0.08377,0,0,0,0.16754,0,0,0,0,0,0,0,0,0,0,0,0,0,0,0,0,0,0,0,0,0,0,0,0,0,0,0,0.16754,0,0,0,0.08377,0,0,0,0,0,0,0,0,0,0,0,0,0,0.16754,0,0,0.08377,0,0,0,0,0,0.41885,0,0,0.33508,1.0052,0.16754,0,0,0,0,0,0,0,0,0,0
0,0,0,0,0,0,0.011834,0,0,0,0,0,0,0.011834,0,0,0.023669,0,0,0,0,0,0,0,0,0,0,0,3.1124,0.91124,0,0,0,0,0,0,0,0,0,0,0,0,0,0.011834,0,0,0.011834,0,0,0,0,0,0,0,0,0,0,0,0,0,0,0,0.011834,0,0.023669,0,0,0.011834,0,0,0,0,0,0,0.28402,0,0,0,0,0,0.071006,0,0,0,0,0,0,0,0,0,0,0,0,0,0,0.011834,0,0,0,0,0,0,0,0,0,0,0,0,0,0,0,0,0,0.011834,0,0,0,0,0,0,0,0,0,0,0,0,0,0,0,0,0.011834,0,0,0,0,0,0,0,0,0,0,0,0,0.17751,0.10651,0,0,0,0,0,0,0,0,0,0,0
0.060952,0,0,0,0,0,0,0,0,0,0,0,0,1.1581,0,0,0.060952,0,0,0,0,0,0,0,0,0,0,0,0,0,0,0,0.060952,0,0,0,0,0,0,0.30476,0,0,0.18286,9.6914,0,0,1.219,0.54857,0.1219,0.18286,0,0,0.67048,0,0,0,0,0,0,0,0,0.30476,0.48762,0,1.28,0,0,0,0,0.36571,0,0,0.060952,0,0.30476,0,0.54857,0.1219,0.24381,0,0,0.060952,0,0,0,0,0,0,0.24381,0,0.060952,0,0,0,0,0,0,0,0,0,0,0,0,0,0,0,0,0,0,0,0,0,0,0,0,0,0,0,0,0,0,0,0.060952,0,0,0,0,0,0,0,0,0,0,0,0,0,0,0,0,0,0.060952,13.227,0.24381,0.18286,0.48762,0.1219,0,0,0,0,0,0,0,0,0,0
0,0,0.060377,0,0,0,0,0,0,0,0,0,0,1.6906,0,0,0.060377,0,0,0,0,0,0,0,0,0,0,0,0,0,0,0,0.060377,0.060377,0,0,0,0,0,0.24151,0,0,0.060377,9.5396,0,0,1.2679,0.30189,0,0.42264,0,0,0.060377,0,0,0,0,0,0,0,0,0.18113,1.0868,0.12075,1.0264,0,0,0,0,0.36226,0,0,0,0,0.42264,0,0.30189,0,0,0,0,0,0,0,0,0,0,0,0.48302,0,0,0,0,0,0,0,0,0,0,0,0,0,0,0,0,0,0,0,0,0,0,0,0,0,0,0,0,0.060377,0,0,0,0,0,0,0,0,0,0,0,0,0,0,0,0,0,0,0,0,0,0,0.060377,5.3132,0.30189,0,0.24151,0.060377,0,0,0,0,0,0,0,0,0,0
0,0,0,0,0,0,0,0,0,0,0.056075,0,0,0,0,0,0.018692,0,0,0,0,0,0.018692,0,0,0,0,0,0,0,0,0,0,0,0,0,0,0,0,0.11215,0,0,0.018692,0.69159,0,0,0.41121,0.14953,0,0.4486,0,0,0.39252,0,0,0,0,0,0,0,0,0,0.71028,0.093458,0.76636,0,0,0,0,0.074766,0.037383,0,0,0,0.093458,0,0.28037,0.037383,0.074766,0,0,0,0,0.018692,0,0.037383,0,0,0,0,0,0,0,0.018692,0,0,0,0,0,0,0,0,0,0,0,0,0,0,0,0,0,0,0,0.018692,0,0,0.037383,0.14953,0,0.018692,0,0,0.074766,0,0,0,0,0,0,0,0,0,0,0.018692,0,0,0.018692,0,0,0,0,0.093458,0,0.074766,0.24299,0.26168,0,0,0,0,0,0,0,0,0,0
0.029851,0.029851,0,0,0,0,0.059701,0,0.029851,0,0.029851,0,0,0,0,0,0.059701,0,0,0,0,0,0,0,0,0,0,0,0,0,0,0,0.089552,0.059701,0,0,0,0,0,0.53731,0,0,0.059701,1.3731,0,0,0.089552,1.1642,0.14925,3.194,0,0,0.26866,0,0.029851,0,0,0,0,0,0,0,0.059701,0.1791,0.1194,0,0,0,0,0.50746,0,0,0,0,0.059701,0,1.3731,0,0.14925,0,0,0,0.029851,0.14925,0,0.059701,0.14925,0.029851,0,0,0,0,0,0,0,0.029851,0,0.029851,0,0,0,0,0.029851,0,0,0,0,0,0,0,0.029851,0.029851,0,0.089552,0,0,0.029851,0.1194,0,0,0,0,0,0,0,0,0,0,0,0,0,0,0,0,0,0,0,0,0,0,0,0,0,0.1791,0.47761,0.14925,0,0,0,0,0,0,0.029851,0,0,0
0.15864,0.022663,0.045326,0.011331,0,0,0,0,0,0,0,0,0,0,0,0.011331,0.07932,0,0,0,0,0,0,0,0,0,0,0,0,0,0,0,0.067989,0,0,0,0,0,0,0.16997,0,0,0.033994,0.045326,0.045326,0,0.011331,0.11331,0.022663,0.067989,0,0.056657,0.07932,0,0,0,0,0.045326,0,0,0,0,0.011331,0.011331,0,0,0,0,0,0.10198,0,0,0,0,0.056657,0,0.73654,0.011331,0.033994,0.011331,0,0.011331,0,0,0,0,0.37394,0.011331,0,0,0.011331,0,0.022663,0,0,0,0.19263,0,0,0,0,0,0,0,0,0.011331,0.011331,0,0,0.022663,0.022663,0.045326,0.056657,0.07932,0,0.011331,0,0.033994,0,0.011331,0.07932,0,0,0,0,0,0,0,0,0,0,0.011331,0,0,0.022663,0,0,0.022663,0,0,0,0,0.011331,0.022663,0.36261,0.022663,0,0.011331,0,0,0,0.011331,0,0,0,0
0,0,0,0.013605,0,0,0.0068027,0,0,0,0,0,0,0.061224,0.0068027,0,0.10884,0,0,0,0,0,0,0,0,0,0,0,0,0,0,0,0,0,0,0,0,0,0,0.46939,0,0.0068027,0.12925,0.35374,0.040816,0,0,0.020408,0.013605,0.088435,0,0.020408,0,0,0,0,0,0.061224,0,0.12925,0.020408,0,0.0068027,0,0.047619,0,0,0,0,0.15646,0.013605,0,0,0,0.027211,0,0.20408,0.013605,0.013605,0,0.0068027,0,0,0.0068027,0,0.0068027,0.020408,0,0,0,0,0,0,0,0,0,0.020408,0,0.013605,0,0,0,0,0.0068027,0,0,0,0,0,0,0.047619,0.0068027,0.081633,0.18367,0,0,0.013605,0.027211,0,0.0068027,0,0,0,0,0,0,0,0,0,0,0,0.013605,0,0,0,0,0.034014,0,0,0.0068027,0.088435,0,0.0068027,0.0068027,0.040816,0.0068027,0,0,0,0,0,0,0.0068027,0,0,0
0,0,0,0,0,0,0.0050125,0,0.010025,0,0.0075188,0,0,0.035088,0,0,0.050125,0,0,0,0,0.015038,0.0075188,0,0,0,0,0,0,0,0,0,0.0025063,0,0,0,0,0,0,0.037594,0,0.0075188,0.082707,0.067669,0.0050125,0,0,0.010025,0.0050125,0.027569,0.0025063,0,0,0,0,0,0,0.0050125,0,0.057644,0.02005,0.0025063,0.02005,0.0050125,0.022556,0.0025063,0.0025063,0,0,0.025063,0.0050125,0,0,0,0.030075,0,0.052632,0,0.0025063,0.0075188,0.0025063,0,0,0,0,0,0.010025,0,0,0.0025063,0.0025063,0,0.0025063,0.0025063,0,0,0.0050125,0.0025063,0.0050125,0,0.0025063,0.0050125,0,0.0025063,0,0.0025063,0,0,0.0025063,0,0.0050125,0,0,0.025063,0,0,0.0025063,0.012531,0,0,0,0,0.0025063,0,0,0,0,0,0,0,0.0025063,0,0,0,0.015038,0,0,0,0,0,0.022556,0,0.015038,0.0025063,0.042607,0.012531,0,0,0,0,0,0,0.015038,0,0,0
0.012559,0,0,0.0078493,0,0,0.0015699,0,0,0,0,0,0,0.0031397,0,0,0.026688,0.0015699,0.0015699,0,0.0015699,0.0015699,0,0,0,0,0,0,0,0,0,0,0.031397,0,0,0,0,0,0,0.031397,0,0.0094192,0.081633,0.042386,0.010989,0,0.0047096,0.084772,0.0047096,0.036107,0,0,0,0,0,0,0,0.0094192,0,0.012559,0.028257,0,0.010989,0,0.025118,0,0,0,0,0.034537,0.0047096,0,0,0,0.028257,0.0015699,0.051805,0.0062794,0.0047096,0.0047096,0.0015699,0.0031397,0,0.0015699,0,0,0.0078493,0,0,0,0.0015699,0,0.0047096,0,0.0015699,0.0015699,0,0.0015699,0.0047096,0,0.0031397,0.0031397,0.0031397,0.021978,0,0.0015699,0,0,0.0078493,0,0.0031397,0.0015699,0.0015699,0.028257,0.0015699,0,0.0015699,0.017268,0,0,0,0,0.0015699,0,0,0.0015699,0.0078493,0,0,0,0,0.0047096,0.0015699,0,0.015699,0,0.0031397,0.0015699,0,0,0.021978,0,0.0062794,0,0.017268,0.0031397,0.0015699,0,0,0,0,0,0.036107,0,0,0
0.0010977,0,0,0,0,0,0.0010977,0,0,0,0.0021954,0,0,0.0076839,0,0.0021954,0.0010977,0,0,0,0,0.0010977,0.0010977,0,0,0,0,0,0,0,0.0010977,0,0.013172,0,0,0,0,0,0,0.024149,0,0.0043908,0.019759,0.0098793,0.0043908,0,0,0.019759,0.0032931,0.066959,0,0,0,0,0,0,0,0.0010977,0,0.01427,0.0043908,0,0,0.0054885,0.0021954,0,0,0,0,0.0054885,0.0010977,0,0,0,0.010977,0,0.0098793,0,0,0.0065862,0,0,0,0,0,0,0.0010977,0,0,0,0,0,0,0.0010977,0,0.0010977,0,0.0010977,0.0010977,0,0.0010977,0.0010977,0,0.0032931,0,0.0010977,0,0,0,0.0010977,0,0,0.0010977,0.012075,0,0,0.0010977,0.0021954,0,0,0.0021954,0,0,0,0,0,0,0,0,0,0,0.0021954,0,0,0,0,0,0,0,0,0,0,0,0.0032931,0.0087816,0.0054885,0,0,0,0,0,0,0.0076839,0,0,0
0.28424,0.020672,0.020672,0,0,0,0,0,0,0,0,0,0,0,0,0,0,0,0,0,0,0,0,0,0,0,0,0,0,0,0,0,0,0,0,0,0,0,0,0,0,0,0,0,0,0,0,0,0,0,0,0,0,0,0,0.005168,0,0,0,0,0,0,0,0,0.031008,0,0,0,0,0,0.077519,0,0,0,0.093023,0,0,0,0,0,0,0.005168,0,0.005168,0,0,0,0,0.010336,0,0,0,0,0,0,0,0,0,0,0,0,0,0,0,0,0,0,0,0,0.005168,0,0,0,0.015504,0,0,0.005168,0.005168,0,0,0,0,0,0,0,0,0,0,0,0,0,0.010336,0,0,0.005168,0,0.005168,0,0,0,0.031008,0,0.031008,0,0.077519,0.093023,0,0,0,0,0,0,0.015504,0.33592,0,0
0,0,0.041184,0,0,0,0,0,0,0,0,0,0,0,0.041184,0,0.2471,0,0,0,0,0,0,0,0,0,0,0,0,0,0.082368,0,1.1943,0,0,0,0,0.041184,0,3.0476,0.041184,0.082368,0.53539,0.20592,0.28829,0,3.0888,0.70013,0.41184,0.2471,0,0,0.65894,0.082368,0,0,0,0,0,0.20592,0,0.041184,0,0.16474,0.32947,0,0,0,0,0.082368,0,0,0,0,0.98842,0,2.677,0.16474,0.041184,0,0,0.082368,0,0.041184,0,0,0.12355,0,0,0,0,0,0.041184,0,0,0,0,0,0,0,0,0,0,0,0,0,0,0,0,0,0.12355,0,0.041184,0.53539,0,0,0.041184,0.2471,0,0,0,0,0.041184,0,0,0,0,0,0,0,0,0.2471,0,0,0,0,0.041184,0,0,0,0.16474,0,0.041184,0.16474,0.70013,0.041184,0,0,0,0,0,0,0.041184,0,0,0
2.7527,0.043011,0.30108,0.043011,0.043011,0,0.043011,0,0,0,0,0,0,0.77419,0,0,0.086022,0,0,0,0,0,0.086022,0,0,0,0,0,0,0,0.086022,0,0,0,0,0,0,0,0,2.1935,0,0,0.17204,0.8172,0.086022,0,5.8925,2.5806,0.30108,1.2043,0.043011,0.043011,2.6237,0,0,0.043011,0,0,0.043011,0.21505,0,0,0,0.12903,0.34409,0,0,0,0,0.47312,0,0,0,0,0.3871,0,1.4624,0.043011,0.12903,0.17204,0.043011,0.043011,0,0.30108,0,0.043011,0.34409,0,0.73118,0.043011,0.086022,0,0.086022,0,0,0,0,0,0.043011,0,0,0,0,0.043011,0,0,0,0,0,0,0.12903,0.12903,0.17204,0.43011,0.043011,0,0.043011,0.086022,0,0.043011,0,0,0.17204,0,0.043011,0,0,0,0,0,0,0.21505,0,0,0.043011,0,0.043011,0,0,0,0.21505,0,0.086022,0.30108,1.2043,0.55914,0,0.043011,0,0.043011,0,0,0.12903,0,0,0
0.06524,0,0.03262,0.03262,0,0,0,0,0,0,0,0,0,0.26096,0,0,0.3262,0,0,0,0.097859,0.03262,0.13048,0,0,0,0,0,0,0,0.03262,0.03262,0.71764,0,0,0,0,0,0,1.7941,0,0.03262,0.26096,0.03262,0.06524,0,2.9684,2.0224,0.03262,0.97859,0.06524,0,0.1631,0.03262,0,0,0,0.03262,0,0.3262,0.06524,0,0.03262,0.22834,0.1631,0,0,0,0,0.22834,0,0,0,0,0.45668,0,1.6636,0.03262,0.06524,0,0.06524,0.19572,0,0.03262,0,0,0.45668,0,0.03262,0,0,0,0.03262,0.03262,0,0,0.06524,0,0.06524,0,0,0,0,0,0,0.03262,0,0,0,0,0.13048,0,0.097859,0.3262,0,0.06524,0,0.097859,0,0,0,0,0,0,0,0,0,0,0,0,0,0.13048,0,0,0.03262,0,0,0,0,0,0.13048,0,0,0.03262,0.58716,0.097859,0,0,0,0,0,0,0.03262,0,0,0
0.60888,0,0.20296,0,0.13531,0,0,0,0,0,0,0,0,0,0,0.067653,0.13531,0,0,0,0,0.33827,0.067653,0,0,0,0,0,0,0,0.20296,0,0.81184,0,0,0,0,0,0,1.8943,0,0,0.20296,0.33827,0.13531,0,1.8943,2.0296,0.067653,0.33827,0,0,0.67653,0,0,0,0,0,0,0.20296,0.13531,0,0.067653,0,0.20296,0,0,0,0,0.13531,0,0,0,0,0.47357,0,1.6237,0.067653,0.067653,0,0,0,0,0,0,0,0.20296,0.067653,0.33827,0,0,0,0,0,0,0,0,0,0,0,0.20296,0,0,0.067653,0,0,0,0,0,0,0.13531,0,0.13531,0.27061,0,0,0,0.13531,0,0,0.067653,0,0,0,0,0,0,0,0,0,0.13531,0.067653,0,0,0,0,0,0,0,0,0.067653,0,0,0.13531,2.1649,0.27061,0,0.13531,0.067653,0,0,0,0,0,0,0
0.094118,0,0.0085561,0,0,0,0.025668,0,0.034225,0,0,0,0,0.26524,0,0.0085561,0.10267,0,0,0,0.0085561,0.017112,0.0085561,0,0,0,0,0,0,0,0.14545,0.0085561,0.15401,0,0,0,0,0,0,0.41925,0,0.077005,0.52193,0.14545,0.059893,0,0.29947,0.034225,0.094118,1.2406,0,0,0.49626,0.0085561,0,0.025668,0,0.051337,0,0.042781,0.0085561,0.025668,0.051337,0.0085561,0.1369,0,0,0,0,0.23957,0,0,0,0,0.068449,0,0.59037,0,0.034225,0.051337,0,0.11979,0,0.017112,0,0.017112,0.034225,0,0.025668,0,0.017112,0,0.0085561,0,0,0,0.0085561,0,0.025668,0,0.0085561,0,0,0.042781,0,0,0,0,0,0.0085561,0.042781,0.017112,0.10267,0.39358,0,0,0,0.025668,0,0,0.0085561,0,0,0,0,0,0,0,0,0,0,0.085561,0.025668,0,0.025668,0,0.017112,0.0085561,0,0.0085561,0.077005,0,0.025668,0.051337,0.042781,0.051337,0,0,0.0085561,0,0,0,0.017112,0,0,0
0,0,0,0.0016849,0,0,0,0,0,0.0016849,0,0,0,0.0016849,0,0,0.020219,0,0,0,0.0016849,0.0016849,0,0,0,0,0,0,0.0016849,0,0,0,0.032013,0.0016849,0,0.0016849,0,0,0,0.015164,0,0,0.032013,0.0033698,0.0084246,0,0,0.021904,0.0050548,0.075821,0,0,0.0016849,0,0,0,0,0.0050548,0,0.0067397,0.011794,0.0016849,0,0.0016849,0.0033698,0,0,0,0,0.028644,0,0,0,0,0.011794,0,0.040438,0.0016849,0.0050548,0.0033698,0.021904,0.0016849,0,0,0,0,0.0016849,0,0.0033698,0,0,0,0,0.0050548,0,0,0.0016849,0.0033698,0.016849,0,0.023589,0.0067397,0.01011,0.020219,0,0.0050548,0,0,0.0033698,0,0,0.0016849,0.0016849,0.013479,0.0067397,0,0,0.01011,0,0,0,0,0,0,0,0,0,0,0,0,0,0,0,0,0.0033698,0,0,0,0.0016849,0,0.0050548,0,0,0.0067397,0.030329,0.0050548,0.0033698,0,0,0,0,0,0.0016849,0,0,0.0050548
0,0,0,0,0,0,0,0,0,0,0,0,0,0,0,0,0.094362,0,0,0,0.28309,0,0,0,0,0,0,0,0,0.66053,0,0,0.28309,0,0,0,0.37745,0,0,5.473,0,0,0,0.094362,0,0,0,0,0,0,0,0,0,0,0,0,0,0,0,0,0,0,0,0,0.094362,0,0,0,0,0,0,0,0,0,0,0,9.2475,0,0.094362,0,0,0,0,0,0,0,0,0,0,0,0,0,0,0,0,0.18872,0,0,0,0,0,0,0,0,0,0,0,0,0,0,0,0,0,0,0,0,0,0,0,0.094362,0,0,0,0.094362,0,0,0,0,0,0,0,0,0,0,0,0,0,0,0,0,0,0,0,0,0.56617,0,0,0,0,0,0,0,0,0,0,0
0.019925,0,0.039851,0.019925,0,0,0,0,0,0,0.0099626,0,0,0.30884,0,0,0.0099626,0,0,0,0,0,0,0,0,0,0,0,0,0,0,0,0.019925,0,0,0,0,0,0,0.27895,0,0.019925,0.069738,0.059776,0.0099626,0,0.14944,0.059776,0,0.099626,0,0,0.71731,0,0,0.0099626,0,0.099626,0,0,0,0.089664,0.0099626,0.059776,0.10959,0,0,0,0,0.19925,0.019925,0,0,0,0.099626,0,0.20922,0.019925,0.049813,0,0,0.29888,0,0,0,0,0,0,0,0,0,0,0,0,0,0,0,0,0.0099626,0,0,0,0,0.019925,0,0,0,0,0,0,0,0,0.0099626,0.069738,0,0,0,0,0,0,0,0,0,0,0,0,0,0,0,0,0,0.069738,0,0,0,0.0099626,0.019925,0,0,0,0.11955,0,0,0.0099626,0.10959,0.0099626,0,0,0,0,0,0,0.0099626,0,0,0
0,0,0,0,0,0,0,0,0,0,0,0,0,0,0.06142,0,0.12284,0,0,0,0.06142,0,0.06142,0,0,0,0,0,0,0.42994,0,0,0.55278,0,0,0,0.06142,0,0,14.065,0,0,0.12284,0.73704,0.24568,0,0.49136,1.167,0.12284,0.24568,0,0,0.3071,0,0,0,0,0.06142,0,0.06142,0,0.06142,0,0.06142,0.42994,0,0,0.06142,0,0.06142,0,0,0,0,0.36852,0,1.2898,0,0.42994,0,0.06142,0,0,0.12284,0,0,0,0,0,0,0,0,0,0,0,0.49136,0.06142,0,0,0,0,0,0,0,0,0,0,0,0,0,0,0,0,0.12284,0,0,0,0,0.06142,0,0,0,0.12284,0,0,0,0,0,0,0,0,0.36852,0,0,0,0,0.12284,0,0,0,0.12284,0,0,0.24568,0.24568,0.24568,0,0,0,0,0,0,0,0,0,0
0.23032,0,0.51822,0.23032,0,0,0,0,0,0,0,0,0,0.5758,0.05758,0,0,0,0,0,0.05758,0,0,0,0,0,0,0,0,0,0,0,1.2668,0.05758,0,0,0,0,0,2.0153,0,0,0.11516,0.11516,0.11516,0,0.80612,1.7274,0.11516,1.4395,0,0,1.3243,0,0,0,0,0.23032,0,0.05758,0,0.05758,0.05758,0.05758,0.34548,0,0,0,0,0.23032,0,0,0,0,0.8637,0,2.8214,0.17274,0.40306,0,0,0,0,0,0,0.05758,0,0,0.05758,0,0,0,0,0,0,0.11516,0,0,0,0,0.05758,0.05758,0,0,0,0,0,0,0.05758,0,0,0,0.05758,0.11516,0,0,0.05758,0,0,0,0,0,0,0,0,0,0,0,0,0,0,0.17274,0,0.05758,0,0,0,0,0,0,3.3396,0,0,0.11516,0.5758,0.11516,0,0.11516,0,0,0,0,0.11516,0,0,0
0.0081136,0,0,0,0,0,0,0,0,0.0081136,0,0,0,0,0,0,0.032454,0,0,0,0,0.016227,0.0081136,0,0,0,0,0,0,0,0.024341,0,0.25152,0.0081136,0,0,0,0,0,0.27586,0,0.0081136,0.081136,0.14604,0.048682,0,0.13793,0.19473,0.016227,0.16227,0,0.0081136,0.36511,0,0,0.0081136,0,0.016227,0,0.056795,0.064909,0,0,0.056795,0.056795,0,0,0,0,0.38134,0,0,0,0,0.056795,0,0.24341,0,0.024341,0.0081136,0.0081136,0,0,0,0,0,0.0081136,0.016227,0.024341,0,0,0,0,0.0081136,0,0,0,0,0.024341,0,0,0.0081136,0,0.016227,0,0,0,0,0,0,0.0081136,0,0,0.032454,0,0,0.0081136,0.024341,0,0,0,0,0,0,0,0,0,0,0,0,0,0,0,0.0081136,0.024341,0,0.0081136,0,0,0,0,0,0,0.016227,0.097363,0.024341,0,0,0,0,0,0,0.0081136,0,0,0
0.016244,0,0.016244,0,0,0,0,0,0,0,0,0,0,0,0,0,0.032487,0,0,0,0.016244,0,0,0,0,0,0,0,0,0,0,0,0.45482,0.016244,0,0,0,0,0,1.2345,0,0.016244,0.11371,0.30863,0.12995,0,0.12995,1.0558,0.064975,0.16244,0,0,0.032487,0,0,0,0,0.081218,0,0.016244,0.032487,0.048731,0.048731,0.032487,0.081218,0,0,0,0,0.2599,0.016244,0,0,0,0.14619,0,0.81218,0,0,0.016244,0,0,0,0.016244,0,0.016244,0,0,0,0,0,0,0,0,0,0,0,0.016244,0,0,0,0,0,0,0,0.016244,0,0,0,0,0.048731,0,0.048731,0.081218,0,0,0.048731,0.016244,0,0,0,0,0.016244,0,0,0,0,0,0,0,0,0.016244,0,0,0,0,0.016244,0,0,0,0.048731,0,0,0.081218,0.14619,0.032487,0,0,0,0,0,0,0.016244,0,0,0
0.048528,0,0.008088,0.008088,0,0,0,0,0.008088,0,0.016176,0,0,0.024264,0,0.008088,0.12132,0.008088,0,0,0,0,0,0,0,0,0,0,0,0,0.016176,0,0,0,0,0,0,0,0,0.51763,0,0.008088,0.04044,0.08088,0.04044,0.008088,0.45293,0.66321,0.016176,0,0,0.008088,0.056616,0,0,0,0,0.016176,0,0.064704,0.024264,0,0.024264,0.032352,0.072792,0,0,0,0,0.84115,0.008088,0,0,0,0.04044,0,0.41249,0.032352,0.024264,0.04044,0,0.008088,0,0.008088,0,0.008088,0.008088,0,0.032352,0,0,0,0,0,0,0,0,0,0.008088,0.008088,0.016176,0,0,0,0,0,0,0,0,0,0,0.008088,0,0.056616,0,0,0.008088,0.032352,0,0,0,0,0,0,0,0,0,0,0,0,0,0.024264,0.016176,0,0,0,0.008088,0,0,0,0,0,0.008088,0.12132,0.2669,0.008088,0,0,0,0,0,0,0,0,0,0.008088
0.037101,0,0.018551,0,0,0,0,0,0,0,0,0,0,0,0,0,0.14841,0,0,0,0.018551,0.037101,0.25971,0,0,0,0,0,0,0,0.12986,0,0.18551,0,0,0,0,0,0,0.76058,0,0.037101,0.074203,0.16696,0.18551,0,0.42667,1.9107,0.055652,0.50087,0,0.018551,0.24116,0,0,0,0,0,0,0.1113,0.16696,0.037101,0,0.037101,0.055652,0,0,0,0.018551,0.27826,0,0,0,0,0.16696,0,0.63072,0.018551,0,0.018551,0,0.037101,0,0,0,0,0,0,0.037101,0,0,0,0,0,0,0,0,0,0.037101,0,0.074203,0,0,0.074203,0,0.018551,0,0,0.018551,0,0,0,0.055652,0.092754,0,0,0,0.074203,0,0,0,0,0,0,0,0,0,0,0,0,0.018551,0,0,0,0.018551,0,0,0,0,0,0.018551,0,0.018551,0.037101,0.16696,0.018551,0,0,0,0,0,0,0,0,0,0
0.038255,0,0,0.038255,0,0,0,0,0,0,0,0,0,0,0,0.019127,0.038255,0,0,0,0,0.019127,0,0,0,0,0,0,0,0,0,0,0.15302,0,0,0,0,0,0,0.22953,0,0.076509,0.24866,0.13389,0.095637,0,0.2104,0.6312,0.038255,0.19127,0,0,0.30604,0,0,0.019127,0,0,0,0.057382,0,0,0.019127,0,0.11476,0,0,0,0,0.97549,0,0,0,0,0.095637,0,0.13389,0,0,0.057382,0,0.32516,0,0,0,0,0,0,0,0,0,0,0,0,0,0,0,0,0,0,0,0,0,0,0,0.038255,0,0,0,0,0,0,0,0.13389,0,0,0,0.019127,0,0,0,0,0,0,0,0,0,0,0,0,0,0.019127,0,0,0.019127,0,0,0,0,0,0.019127,0,0,0.057382,0.095637,0.057382,0,0,0,0,0,0,0.019127,0,0,0
0.048411,0.012103,0.012103,0.012103,0,0,0,0,0.012103,0,0,0,0,0,0,0,0.024206,0,0,0,0.024206,0,0.024206,0,0,0,0,0,0,0,0.036309,0,0.15734,0,0,0,0.012103,0,0,0.75038,0,0.012103,0.27837,0.16944,0.08472,0,0.12103,1.1135,0.024206,0.25416,0,0,0,0.012103,0,0.012103,0,0.012103,0,0.012103,0.024206,0,0.072617,0.048411,0.22995,0,0,0,0,0.10893,0,0,0,0,0.12103,0,0.16944,0,0.012103,0.048411,0.012103,0.048411,0,0,0,0,0.012103,0,0.048411,0,0,0,0,0,0,0.012103,0,0.024206,0,0,0,0.024206,0,0.012103,0,0.012103,0,0,0.036309,0,0.024206,0.012103,0.024206,0.13313,0,0,0.024206,0.048411,0,0,0,0,0,0,0,0,0,0,0,0,0.012103,0.012103,0.012103,0,0.060514,0,0.060514,0,0,0.012103,0.072617,0,0,0.048411,0.13313,0.060514,0,0.048411,0,0,0,0,0.012103,0,0.012103,0
0.56051,0,0,0.03397,0,0,0,0,0,0,0,0,0,0,0.067941,0,0.18684,0,0,0,0,0.050955,0,0,0,0,0,0,0,0,0,0,0.23779,0,0,0,0,0,0,0.32272,0,0.03397,0.3397,0.18684,0.016985,0,0.10191,0.74735,0.03397,0.16985,0,0,0,0,0,0,0,0,0,0.067941,0.016985,0,0,0,0.084926,0,0,0,0,0.10191,0,0,0,0,0.15287,0,0.30573,0,0.016985,0,0.03397,0.016985,0,0,0,0,0,0.016985,0.016985,0,0,0,0.016985,0,0,0.03397,0,0,0.03397,0,0,0.016985,0,0,0,0,0.016985,0.016985,0.016985,0.016985,0.1189,0,0.15287,0.27176,0.016985,0,0.016985,0.050955,0,0,0,0,0,0,0,0,0,0,0,0,0.03397,0,0,0,0,0,0,0,0,0.016985,0.016985,0,0,0.13588,0.15287,0.050955,0,0,0,0,0,0,0.050955,0,0,0.016985
1.5297,0,0,0.70284,0,0,0,0,0.24806,0,0,0,0,0,0,0,0.041344,0,0,0,0,0,0,0,0.041344,0,0,0,0,0,0,0,0.16537,0,0,0,0,0,0,2.4806,0,0,0.082687,1.0336,0.041344,0,1.323,0.99225,0.20672,4.2584,0,0,0.24806,0,0,0.12403,0,0,0,0,0,0,0,0.12403,0.37209,0,0,0,0.12403,0.37209,0,0,0,0,0.45478,0.082687,0.78553,0.041344,0,0.041344,0,0,0,0,0.041344,0,0,0,0.082687,0,0,0,0,0,0,0,0,0,0,0,0,0,0,0,0,0,0,0,0,0,0,0,0,0.12403,0,0,0.41344,0.12403,0,0,0,0,0.041344,0,0,0,0,0,0,0,0,0,0,0,0,0,0,0,0,0,0.041344,0,0,0.33075,0.33075,0.20672,0,0,0,0,0,0,0.20672,0,0,0
1.2111,0,0,0.65211,0,0,0,0,0,0,0,0,0,0,0,0.093159,0.093159,0.046579,0,0,0,0,0,0,0,0,0,0,0,0,0,0,0.32606,0,0,0,0,0,0,1.8632,0,0,0,9.3159,0,0,0.74527,0.27948,0.13974,1.4905,0,0,1.2111,0,0,0,0,0,0,0,0,0,0.046579,0.13974,0.46579,0,0,0,0,0.69869,0,0,0,0,0.46579,0,0.69869,0.046579,0.18632,0,0,0,0,0,0,0,0,0,0.093159,0,0,0,0,0.046579,0,0.046579,0,0.046579,0,0,0.046579,0,0,0.046579,0,0,0,0,0.046579,0.13974,0.2329,0.046579,0,0.18632,0,0,0.13974,0.18632,0,0,0,0,0,0,0,0,0,0,0,0,0,0,0,0,0,0,0.13974,0,0,0,0,0,0,0.13974,0.13974,0.046579,0,0,0,0,0,0,0.13974,0,0,0
0.98678,0,0,0.49339,0,0,0,0,0.14097,0,0,0,0,0.42291,0,0,0.49339,0,0,0,0,0,0,0,0,0,0,0,0,0,0,0,0,0,0,0,0,0,0,2.6079,0,0.070485,0,8.3877,0.070485,0,0.49339,0.35242,0.42291,1.5507,0,0,0.9163,0,0,0,0,0,0,0,0,0,0.14097,0,0.28194,0,0,0.14097,0,0.84581,0,0,0,0,0.9163,0,1.4097,0,0.21145,0.070485,0,0,0,0,0,0,0,0,0.77533,0,0,0,0,0,0,0.63436,0,0,0,0,0,0,0,0,0,0,0,0,0,0.070485,0,0,0.070485,0.28194,0,0.070485,0.28194,0.42291,0,0,0.42291,0,0.14097,0,0,0,0,0,0,0,0,0,0,0,0.070485,0,0.21145,0,0,0,0,0,0,0.63436,1.1278,0.28194,0,0,0,0,0,0,0.070485,0,0.070485,0
0,0,0,0,0,0,0,0,0,0,0.015968,0,0,0.07984,0,0,0.095808,0,0.015968,0,0.015968,0,0,0,0,0,0,0,0,0,0.17565,0,0.3992,0,0,0,0,0,0,0.7505,0,0,0.063872,0.015968,0.047904,0,1.1976,1.6766,0.095808,0.20758,0.063872,0.031936,0,0,0,0,0,0,0,0.14371,0.07984,0,0.015968,0,0.12774,0,0,0,0,0,0,0,0,0,0.15968,0,0.60679,0,0.031936,0,0,0.063872,0,0,0,0,0.11178,0,0.55888,0,0.047904,0,0,0,0,0,0,0,0,0,0,0,0,0,0,0,0,0,0,0,0.07984,0,0.047904,0.15968,0,0,0.015968,0,0,0.031936,0,0,0,0,0,0,0,0,0,0,0.031936,0.17565,0,0,0.12774,0,0.11178,0,0,0,0.031936,0,0,0.07984,0.15968,0,0,0,0,0,0,0,0,0,0,0
0,0,0,0,0,0,0.017505,0,0,0,0.035011,0,0,0.52516,0,0,0.12254,0,0,0,0,0,0,0,0,0.017505,0,0,0,0,0.035011,0,0.54267,0,0,0,0,0.017505,0,0.77024,0,0,0.052516,0.10503,0.035011,0,2.5733,4.7965,0.14004,0.80525,0,0.052516,0.052516,0,0,0,0,0,0,0.12254,0.017505,0,0.10503,0.19256,0.3151,0,0,0,0,0.12254,0.017505,0,0,0,1.1904,0,0.59519,0,0.052516,0.10503,0,5.0941,0,0.017505,0,0,0.21007,0,0,0,0,0,0,0,0,0,0,0,0,0,0,0,0,0,0,0,0,0,0,0,0,0,0.017505,0.017505,0,0,0,0.035011,0,0,0,0,0,0,0,0,0,0,0,0,0,0.052516,0,0,0.017505,0,0.017505,0,0,0,0,0,0,0.24508,0.3151,0,0,0,0,0,0,0,0,0,0,0
0,0,0,0.031936,0,0,0,0,0.031936,0,0,0,0,0.28743,0,0,0.28743,0,0,0,0,0.031936,0.41517,0,0,0,0,0,0,0,0.031936,0,0,0,0,0,0,0,0,1.6607,0,0.063872,0.60679,0.22355,0.095808,0,2.3313,2.4271,0.15968,0.60679,0,0.031936,0.41517,0,0,0,0,0.031936,0,0.095808,0.063872,0,0.063872,0.031936,0.25549,0,0,0,0,0.54291,0,0,0,0,0.19162,0,1.2774,0,0.063872,0.031936,0,0.095808,0,0,0,0.031936,0.063872,0,0.063872,0,0,0,0,0,0,0.063872,0,0,0,0,0,0,0,0,0,0,0,0,0,0,0.031936,0.063872,0.063872,0.19162,0,0,0,0,0,0,0.031936,0,0,0,0,0,0,0,0,0,0,0.031936,0,0,0.031936,0,0.031936,0,0,0,0.063872,0,0,0.28743,0.19162,0,0,0.031936,0,0,0,0,0,0,0,0
0,0,0,0,0,0,0,0,0,0,0,0,0,0,0.079821,0,0,0,0,0,0,0.079821,0,0,0,0,0,0,0.079821,0,0,0,1.1973,0,0,0,0,0,0,2.235,0,0,0.31928,0.31928,0,0,7.4233,2.3148,0.23946,1.4368,0,0,0.3991,0.15964,0,0,0,0,0,0.15964,0,0,0,0.15964,1.1973,0,0,0,0,0.15964,0,0,0,0,0.23946,0,2.7139,0,0,0.079821,0,0.23946,0,0,0,0,0.3991,0,0,0,0,0,0,0,0,0,0,0,0,0,0.15964,0,0.079821,0,0,0,0,0,0,0,0,0,0.079821,0.079821,0,0,0.079821,0.23946,0,0,0,0,0,0,0,0,0,0,0,0,0,0.15964,0,0,0,0,0,0,0,0.079821,0,0,0,0,0.23946,0,0,0,0,0,0,0,0.079821,0,0,0
0,0.093842,0.37537,0,0,0,0,0,0,0.093842,0,0,0,0.093842,0,0,0,0,0,0,0,0,0,0,0,0,0,0,0,0,0,0,0.37537,0,0,0,0,0,0,0.84457,0,0,0.28152,0.56305,0.093842,0,12.012,1.8768,0.37537,0.75073,0,0,0.28152,0,0,0,0,0,0,0,0,0,0,0,1.2199,0,0,0,0.093842,0,0,0,0,0,0.75073,0,0.18768,0,0,0,0,0,0,0.093842,0,0,0.28152,0,0.093842,0,0,0,0.093842,0,0,0,0,0,0,0,0,0,0,0,0,0,0,0.093842,0,0,0,0,0,0.093842,0,0,0,0.093842,0,0,0,0,0,0,0,0,0,0,0,0,0,0,0,0,0,0,0,0,0,0,0.093842,0,0,0.093842,0.28152,0,0,0,0,0,0,0,0,0,0,0
0,0,0,0,0,0,0.01318,0,0,0,0,0,0,0,0,0,0,0,0,0,0.10544,0,0,0,0,0,0,0.01318,0,0.01318,0.079077,0,0,0,0,0.01318,0,0.01318,0,0.1318,0,0,0.01318,0.065898,0.039539,0,0,0.065898,0.01318,0.065898,0.01318,0,0.039539,0,0,0,0,0.026359,0,0.01318,0.052718,0,0.01318,0,0.01318,0,0,0,0,0.01318,0,0,0,0,0.039539,0,0.01318,0,0.01318,0,0,0,0,0,0,0,0.01318,0,0,0,0,0,0,0,0,0,0,0,0,0,0,0,0,0,0,0,0,0,0,0,0,0,0,0.10544,0,0,0,0,0,0,0,0,0,0,0,0,0,0,0,0,0,0,0,0,0,0,0,0,0,0,0,0,0,0,0,0.026359,0,0,0,0,0.01318,0,0,0,0,0
0.013699,0,0,0,0,0,0.027397,0,0,0,0,0,0,0.027397,0,0.013699,0.027397,0,0,0,0,0.027397,0.041096,0,0,0,0,0,0,0,0,0,0.23288,0,0,0,0,0,0,0.054795,0,0,0.13699,0.12329,0.041096,0,0.054795,0.027397,0.013699,0.30137,0,0.013699,0.63014,0,0.013699,0,0,0,0,0.027397,0.013699,0,0.013699,0.027397,0.10959,0,0,0,0,0.054795,0,0,0,0,0.013699,0,0.054795,0.027397,0.027397,0.013699,0.013699,0,0,0,0,0,0.013699,0.013699,0,0,0.013699,0,0,0,0,0.013699,0,0,0.027397,0,0,0,0,0.068493,0,0,0,0,0.013699,0.013699,0,0.041096,0.054795,0.46575,0.013699,0,0,0.027397,0,0.013699,0,0,0,0,0,0,0,0.013699,0,0,0,0.013699,0,0,0.013699,0,0.013699,0,0,0,0.027397,0,0.013699,0.054795,0.082192,0.013699,0,0,0,0,0.013699,0,0,0,0,0
0.028725,0,0,0,0,0,0,0.014363,0,0,0,0,0,0.24417,0,0,0.043088,0,0,0,0.028725,0.014363,0,0,0,0,0,0,0,0,0,0,0,0,0,0,0,0.014363,0,0.38779,0,0,0.27289,0.071813,0.12926,0,0,0.27289,0.028725,0.31598,0,0.014363,0.086176,0,0,0,0,0,0,0.014363,0.028725,0,0.014363,0.014363,0.043088,0,0,0,0,0.071813,0,0,0,0,0.057451,0,0.17235,0,0.028725,0.071813,0,0,0,0,0,0,0,0,0,0,0,0,0,0,0,0.057451,0,0,0,0,0,0.014363,0,0.028725,0,0,0.014363,0,0,0,0.014363,0,0.071813,0.3447,0,0,0,0.071813,0,0,0,0,0.014363,0,0,0,0,0,0,0,0,0,0,0,0,0,0.014363,0,0,0,0.028725,0,0.014363,0.014363,0.10054,0.028725,0,0,0,0,0.014363,0,0,0,0.028725,0
0.045977,0,0,0,0,0,0,0,0.015326,0.015326,0.015326,0,0,0.076628,0,0,0.045977,0,0,0,0.030651,0,0.030651,0,0,0,0,0,0,0,0.015326,0,0.24521,0,0,0,0,0,0,1.5172,0,0.030651,0.16858,0.18391,0.091954,0,0.045977,0.32184,0.061303,0.91954,0,0,0.13793,0,0,0,0,0,0,0,0,0.015326,0,0,0.091954,0,0,0,0.10728,0.13793,0.015326,0,0,0,0.13793,0,0.33716,0,0.030651,0.030651,0.015326,0,0,0,0,0,0.030651,0,0.030651,0,0,0,0,0,0,0.030651,0,0,0,0,0,0.030651,0.030651,0.091954,0,0,0.015326,0,0.030651,0.015326,0.045977,0,0.13793,0.30651,0,0,0,0.045977,0,0,0,0,0.061303,0,0,0,0,0,0,0,0,0,0,0,0,0,0.015326,0.015326,0,0.015326,0.045977,0,0.030651,0,0.19923,0.045977,0.015326,0.015326,0,0,0,0,0,0,0,0
0.13965,0.0798,0,0,0,0,0,0,0,0,0,0,0,0,0,0,0,0,0,0,0,0,0,0,0,0,0,0,0,0,0,0,0.099751,0,0,0,0,0,0,0.5586,0,0,0.01995,2.2145,0.0399,0,0.099751,0.17955,0.05985,2.6733,0,0,0.1197,0,0,0,0,0,0,0,0,0,0,0.05985,0.0399,0,0,0,0,0.3192,0,0,0,0,0.0798,0,0.05985,0,0,0,0,0.01995,0,0.01995,0,0,0,0,0.01995,0,0,0,0,0,0,0,0,0.01995,0.01995,0,0,0,0,0,0,0,0,0,0,0.01995,0.05985,0.01995,0.0399,0.01995,0,0.1596,0,0.0798,0,0,0,0,0,0,0,0,0,0,0,0,0,0,0,0,0,0,0,0,0,0,0.01995,0,0,0.01995,0.1197,0.0399,0,0.01995,0,0,0,0,0,0,0,0
0.016842,0.033684,0.033684,0,0,0,0,0,0,0.033684,0,0,0,0,0,0.016842,0.084211,0,0,0,0,0,0.016842,0,0,0,0,0,0,0,0,0,0.10105,0.016842,0,0,0,0,0,0.20211,0,0.033684,0.067368,0.13474,0.084211,0,0.050526,0.32,0.067368,1.6842,0,0,0.18526,0,0,0,0,0,0,0.016842,0,0,0.033684,0.016842,0.067368,0,0,0,0.067368,0.20211,0,0,0,0,0.15158,0,0.50526,0,0.067368,0.067368,0.016842,0.033684,0,0,0,0,0.033684,0,0.016842,0,0,0,0,0,0,0.20211,0,0.016842,0,0,0,0.016842,0,0.050526,0,0.016842,0.016842,0.016842,0.033684,0,0.18526,0.050526,0.11789,0.32,0,0,0.016842,0.10105,0,0,0.033684,0,0,0,0,0,0,0,0,0,0,0,0,0,0,0,0.050526,0,0,0,0,0,0.033684,0.016842,0.25263,0.050526,0,0.050526,0,0,0.016842,0,0.033684,0,0,0
0.0086022,0,0,0,0,0.0086022,0,0,0,0.017204,0,0,0,0.0086022,0,0,0.068817,0,0.0086022,0,0,0.0086022,0.017204,0,0,0,0,0,0,0,0,0,0.13763,0,0,0,0,0,0,0.10323,0,0.017204,0.025806,0.034409,0.068817,0,0.0086022,0.043011,0.017204,0.36989,0,0,0.0086022,0,0,0,0,0,0,0.0086022,0,0,0.0086022,0.0086022,0.017204,0,0,0,0.077419,0.15484,0,0,0,0,0.077419,0,0.11183,0,0.025806,0.034409,0,0,0,0,0,0,0.0086022,0,0.034409,0,0.0086022,0,0,0,0.0086022,0.0086022,0.0086022,0.0086022,0.017204,0,0.051613,0.025806,0,0.025806,0.0086022,0.060215,0,0,0.060215,0,0.13763,0.017204,0.034409,0.26667,0.034409,0,0.0086022,0.034409,0,0,0,0,0.0086022,0,0,0,0,0,0,0,0,0.0086022,0,0,0.0086022,0.034409,0.068817,0,0,0,0.051613,0,0.017204,0.0086022,0.086022,0.0086022,0,0.025806,0,0,0.025806,0,0.025806,0,0,0
0,0.01061,0,0,0,0,0,0,0,0.01061,0,0.01061,0,0.04244,0.01061,0,0.18037,0,0,0,0.01061,0,0.01061,0,0,0,0,0,0,0,0.02122,0,0.23342,0,0,0,0,0,0,0.05305,0,0.01061,0.04244,0.02122,0.28647,0,0.01061,0.12732,0.03183,0.33952,0,0,0.02122,0,0,0,0,0,0,0.02122,0,0,0,0.01061,0.06366,0,0,0,0.22281,0.29708,0,0,0,0,0.11671,0,0.3183,0,0.01061,0.03183,0.01061,0,0,0.01061,0,0.01061,0.01061,0,0.04244,0,0.02122,0,0,0,0,0.05305,0,0.01061,0,0,0.02122,0.01061,0.02122,0.04244,0,0.095491,0,0.01061,0.074271,0,0.11671,0,0.095491,0.37135,0.01061,0,0.01061,0.02122,0,0,0.02122,0,0.05305,0,0,0,0,0,0,0.01061,0.01061,0.01061,0,0,0,0.01061,0.01061,0,0,0,0.05305,0,0.01061,0.01061,0.074271,0.1061,0,0.04244,0,0,0.01061,0,0.02122,0,0,0
0.017534,0,0,0,0,0,0,0,0,0.017534,0.017534,0,0,0,0,0.017534,0.10521,0,0.052603,0,0,0,0.017534,0,0,0,0,0,0,0,0,0,0.28055,0.017534,0,0,0,0,0,0.42082,0,0,0.052603,0.10521,0.15781,0,0.12274,0.29808,0.10521,1.1573,0,0,0.087671,0,0,0,0,0.017534,0,0,0.052603,0,0,0.017534,0.12274,0,0,0,0.6137,0.14027,0,0,0,0,0.35068,0,0.45589,0.035068,0.052603,0.10521,0.087671,0,0,0.035068,0,0,0.035068,0.017534,0.14027,0,0,0,0,0,0,0.017534,0,0,0.017534,0,0,0,0.017534,0.052603,0.017534,0.035068,0,0.017534,0.035068,0.017534,0.10521,0.017534,0.052603,0.15781,0,0,0,0.070137,0,0,0,0,0.035068,0,0,0,0,0,0,0,0,0.017534,0,0,0,0,0.12274,0,0,0,0.052603,0,0,0.052603,0.10521,0.035068,0,0.017534,0,0,0,0,0.052603,0,0,0
0.045617,0.022808,0,0,0,0,0,0,0.022808,0,0.022808,0,0,0.068425,0,0,0.11404,0,0.022808,0,0.068425,0.022808,0,0,0,0,0,0,0,0,0.022808,0,0.15966,0.022808,0,0,0,0,0.022808,2.1212,0,0.091233,0.13685,0.61582,0.25089,0,0.091233,0.38774,0.068425,0.34212,0,0.045617,0.022808,0,0,0,0,0.11404,0,0.25089,0.091233,0.022808,0.022808,0.045617,0.091233,0,0,0,1.5738,0.86671,0,0,0,0,0.25089,0,0.66144,0.022808,0.045617,0.091233,0.022808,0,0,0.045617,0,0.022808,0.20527,0,0.045617,0,0,0,0,0,0,0.091233,0,0,0.068425,0,0,0.022808,0,0,0,0.022808,0,0.022808,0.068425,0,0.11404,0.045617,0.11404,0.34212,0.022808,0,0.022808,0.18247,0,0,0.045617,0,0.068425,0,0.022808,0,0,0,0,0,0,0.022808,0.022808,0,0,0,0,0,0,0,0.045617,0,0,0.11404,0.20527,0.091233,0,0.045617,0,0,0,0,0.045617,0,0.022808,0
0.10702,0.2854,0.035674,0,0,0,0,0,0,0,0,0,0,0.035674,0,0,0.21405,0,0.035674,0,0,0,0.035674,0,0,0,0,0,0,0,0.035674,0,0.42809,0,0,0,0,0,0,0.92754,0,0,0,0.46377,0.32107,0,0.035674,0.35674,0.17837,0.82051,0,0,0,0,0,0,0,0.035674,0,0.1427,0.2854,0,0,0,0.17837,0,0,0,0,0.46377,0,0.035674,0,0,0.17837,0,0.99889,0.035674,0.21405,0.071349,0.035674,0,0,0.17837,0,0.035674,0.39242,0,0.2854,0.071349,0.17837,0,0.035674,0,0,0.035674,0,0,0.035674,0,0,0,0.035674,0.035674,0,0,0,0,0,0,0.21405,0.035674,0.24972,0.32107,0,0,0.035674,0.10702,0,0,0.071349,0,0,0,0,0,0,0,0,0,0,0.035674,0.17837,0,0.071349,0,0.035674,0,0,0,0.17837,0,0,0.1427,0.39242,0.071349,0,0,0,0,0,0,0,0,0,0.071349
0,0,0,0,0,0,0,0,0,0,0,0,0,0.021505,0,0,0.064516,0,0,0,0,0,0,0,0,0,0,0,0,0,0,0,0.021505,0,0,0,0,0,0,0.19355,0,0,0,0.19355,0,0,0.021505,0.043011,0,0.15054,0,0,0.021505,0,0,0,0,0,0,0,0,0,0,0,0,0,0,0,0,0.021505,0,0,0,0,0,0,0.021505,0,0.021505,0,0,0.021505,0,0,0,0,0,0,0.23656,0,0,0,0,0.021505,0,0.021505,0.021505,0,0,0,0,0,0,0,0,0,0,0,0,0,0.021505,0,0,0.043011,0,0,0,0,0,0,0,0,0,0,0,0,0,0,0,0,0,0,0,0,5.9785,0.021505,0,0,0,0,0.021505,0.10753,0.34409,0.10753,0.17204,0.021505,0,0,0,0,0,0,0,0,0,0
0.0065789,0,0,0,0,0,0,0,0,0,0,0,0,0,0,0,0.019737,0,0,0,0.019737,0,0,0,0,0,0,0,0,0,0,0,0.013158,0,0,0,0,0,0,0.20395,0,0,0,0.17763,0.013158,0.0065789,0.013158,0.092105,0.039474,0.16447,0,0,0.0065789,0,0,0,0,0,0,0.0065789,0,0,0,0.0065789,0.032895,0,0,0,0,0.065789,0,0,0,0,0,0,0.0065789,0,0.0065789,0,0.059211,0,0,0,0,0,0,0,0.085526,0,0,0,0.0065789,0,0,0,0,0,0.0065789,0,0,0,0,0,0,0.0065789,0,0,0,0,0,0,0,0.052632,0,0,0,0.013158,0,0.0065789,0,0,0.026316,0,0,0,0,0,0,0,0,0,0,0,1.3618,0.013158,0,0,0,0,0,0.0065789,0.24342,0.019737,0.032895,0.078947,0,0,0,0,0,0,0.013158,0,0,0
0,0,0,0,0,0,0,0,0,0,0,0,0,0,0,0,0.029277,0,0,0,0,0,0,0,0,0,0,0,0,0,0,0,0,0,0,0,0,0,0,0,0,0,0,0.029277,0,0,0.058554,0.058554,0,0.11711,0,0,0.058554,0,0,0,0,0,0,0,0,0,0.029277,0,0.029277,0,0,0,0,0.029277,0,0,0,0,0.029277,0,0.029277,0,0,0,0,0,0,0,0,0.029277,0,0,4.86,0,0,0,0.087832,0,0,0,0.058554,0,0,0,0,0,0,0,0,0,0,0,0,0,0,0,0,0.087832,0,0,0,0,0,0.087832,0.029277,0,0,0,0,0,0,0,0,0,0,0,0,0,0,0,0,0,0,0,0,0,0,0,0.029277,0.058554,0,0,0,0,0,0,0,0,0,0
0,0,0,0,0,0,0,0,0,0,0,0,0,0,0,0,4.6933,0,0,0,0,0,0,0,0,0,0,0,0,0,0,0,0,0,0,0,0,0,0,2.3467,0,0,0,57.387,0,0,0,1.0667,0,8.5333,0,0,0,0,0,0,0,0,0,0,0,0,0.21333,0,1.0667,0,0,0,0,0.21333,0,0,0,0,0,0,4.9067,0.42667,1.0667,0,0,0.21333,0,0.85333,0,1.7067,0,0,0,0,0.21333,0,0,0,0,0,0.64,0,0.21333,0,0,0,0,0,0,0,0,0,0,0,0,0,0,0,0,0,0,0,0,1.0667,0,0,0,0,0,0,0,0,0,0,0,0,0,0,0,0,0,0,0,0,0,0,0,0.21333,0.21333,0.64,0,0.21333,0,0,0,0,0,0,0,0
0,0,0,0,0,0,0,0,0,0,0,0,0,0,0,0,1.9145,0,0,0,0,0,0,0,0,0,0,0,0,0,0,0,0.41026,0,0,0,0,0,0,1.3675,0,0,0,33.231,0,0,0.54701,0.13675,0.2735,3.9658,0,0,0,0,0,0,0,0,0,0,0,0,0.68376,0.13675,1.641,0,0,0,0,1.641,0,0,0,0,0.95726,0,8.8889,0.2735,1.094,0,0,0,0,0,0,0.13675,0,0,0,0,0,0,0,0,0,0,0,0,0,0,0,0,0,0,0,0,0,0,0,0.13675,0,0,0,0,0,0,0,0,0,0.13675,0,0,0,0,0,0,0,0,0,0,0,0,0,0,0,0,0,0,0,0,0,0,0,0,0.82051,0,0,0,0,0,0,0,0,0,0,0
0,0,0,0,0,0,0,0,0,0,0,0,0,0,0,0,0.033058,0,0,0,0,0,0,0,0,0,0,0,0,0,0,0,0.26446,0,0,0,0,0,0,0.56198,0,0,0.066116,20.76,0,0,0.19835,0.19835,0,4.8264,0,0,0,0,0,0,0,0,0,0,0,0,0.29752,0.066116,0.49587,0,0,0,0,0,0,0,0,0,0.13223,0,0.46281,0,0,0,0,0,0,0,0,0,0,0,0,0,0,0,0,0,0,0,0.033058,0,0,0,0,0,0,0,0,0,0,0,0,0,0,0,0,0,0,0,0,0,0,0,0.033058,0,0.33058,0.066116,0.29752,0,0,0,0,0,0,0,0,0,0,0,0,0,0,0,0,0,0,0,0.26446,0.033058,0,0,0,0,0,0,0,0,0,0
0,0,0,0,0,0,0,0,0,0,0,0,0,0,0,0,0.15385,0,0,0,0,0,0,0,0,0,0,0,0,0,0,0,0,0,0,0,0,0,0,1.8462,0,0,0,38.615,0,0,0.30769,0.15385,0,0.61538,0,0,0,0,0,0,0,0,0,0,0,0,0.46154,0.15385,3.8462,0,0,0,34.769,0,0,0,0,0,0.46154,0,1.0769,0.30769,0.30769,0,0,0,0,0.76923,0.15385,0.30769,0,0,0,0,0,0,0,0,0,0,0,0,0,0,0,0,0,0,0,0,0,0,0,0.15385,0,0,0,0,0,0,0,0.15385,0,0,0,0,0.76923,0,0,0,0,0,0,0,0,0,0,0,0,0,0,0,0,0,0,0,0.15385,0,0.15385,0.46154,0,0,0,0,0,0,0,0,0,0
0,0,0,0,0,0,0,0,0,0,0,0.33566,0,0,0,0.11189,0.44755,0,0,0,0,0,0,0,0,0,0,0,0,0,0,0,0,0,0,0,0,0,0,1.007,0,0,0,32,0,0,0,0.44755,0.11189,6.6014,0.11189,0,0,0,0.11189,0,0,0,0,0,0,0.11189,0.22378,0.22378,0.67133,0,0,0,0.22378,0.44755,0,0,0,0,1.007,0,0.55944,0,0,0,0,0,0.11189,0.11189,0,0.11189,0,0,0.11189,0,0,0,0,0,0,0,0,0,0.11189,0,0,0,0,0,0,0,0,0,0,0.11189,0,0,0.11189,0,0,0,0,0,0.11189,0.11189,0,0,0.22378,0,0,0,0,0,0,0,0,0,0,0,0,0,0,0,0,0,0,0,0,0.22378,1.1189,0.11189,0,0,0,0,0,0,0.22378,0,0,0
0,0,0,0,0,0,0,0,0,0,0,0,0,0,0,0,0,0,0,0,0,0,0,0,0,0,0,0,0,1.6306,0,0,0,0,0,0,0,0,0,6.5223,0,0,3.2611,761.48,0,0,4.8917,0,1.6306,9.7834,0,0,0,0,0,0,0,0,0,0,0,0,0,0,27.72,0,0,0,0,0,0,0,0,0,0,0,0,0,0,0,0,0,0,8.1529,0,14.675,0,0,0,0,1.6306,0,0,0,0,0,1.6306,0,0,0,0,0,0,0,0,0,0,0,0,0,0,0,0,0,0,0,0,0,0,0,0,0,0,1.6306,0,0,0,0,0,0,0,0,0,0,0,0,0,0,0,0,0,0,0,0,1.6306,6.5223,0,0,0,0,0,0,0,0,0,0
0,0,0,0,0,0,0,0,0,0,0,0,0,0,0,0,0.12903,0,0,0,0,0,0,0,0,0,0,0,0,0,0,0,0.064516,0,0,0,0,0,0,0.45161,0,0,0,16.387,0,0,0.064516,0.12903,0,1.3548,0,0,0,0,0,0,0,0,0,0,0,0,0.32258,0,0.19355,0,0,0,0,0,0,0,0,0,0.12903,0,3.6774,0,0,0,0,0,0,1.0323,0.64516,1.0968,0,0,0,0,0,0,0,0,0,0.064516,2.5806,0,0,0,0,0,0,0,0,0,0,0,0,0,0,0,0,0,0,0,0,0.3871,0,0.51613,0.19355,0,0.12903,0.19355,0,0,0,0,0,0,0,0,0,0,0,0,0,0,0,0,0.064516,0,0.064516,0,0.19355,0.58065,0,0,0,0,0,0,0.064516,0,0,0
0,0,0.03643,0,0,0,0,0,0,0,0,0,0,0,0.03643,0,0.47359,0,0,0,0,0,0,0,0,0,0,0,0,0,0,0,0.03643,0,0,0,0,0,0,0.25501,0,0,0,11.148,0,0,0,0,0,0.10929,0,0,0,0,0,0,0,0,0,0,0,0,0.10929,0,1.1658,0,0,0,0,0,0,0,0,0,0.25501,0,0.18215,0,0,0,0,0,0,0,0,0,0,0,0,0,0,0,0,0,0,0.03643,0.07286,0,0,0,0,0,0,0,0,0,0,0,0,0,0,0,0,0,0,0,0,0,0,0.14572,0,0,0,0.03643,0,0,0,0,0,0,0,0,0,0.07286,0,0,0,0,0,0,0.14572,0,0,0.07286,0.10929,0.10929,0,0,0,0,0,0,0,0,0,0
0,0,0,0,0,0,0,0,0,0,0,0,0,0,0,0,0.76021,0,0,0,0,0,0,0,0,0,0,0,0,0,0,0,0,0,0,0,0,0,0,2.0906,0,0,0,22.996,0,0,0,0.85523,0.095026,7.1269,0,0,0,0,0,0,0,0,0,0,0,0,0.57016,0.095026,3.9911,0,0,0,0,2.4707,0.47513,0,0,0,2.2806,0,1.9005,0.28508,0.85523,0,0,0,0,0,0,0.095026,0,0,0.095026,0,0,0,0,0,0,0,0.095026,0,0,0,0,0,0,0,0,0,0,0,0,0,0,0,0,0,0,0,0.095026,0.28508,0,0.19005,0,0,0,0,0.095026,0,0,0,0,0,0,0,0,0,0,0,0,0,0,0,0,0,0,0.19005,0.095026,0.47513,0,0,0.095026,0,0,0,0.19005,0,0,0
0,0,0,0,0,0,0,0,0,0,0.014311,0,0,0,0,0.31485,0.028623,0,0,0,0,0,0,0,0,0,0,0,0,0,0,0,1.3023,0,0,0,0,0,0,0.41503,0,0,0.014311,0.90161,0,0,0,0,0,0.014311,0,0,0,0,0,0,0,0,0,0,0,0,0,0,0.21467,0,0,0,0,0,0,0,0,0,1.3596,0,0.52952,0,0,0,0,0,0,0.014311,0,0.014311,0,0,0,0,0,0,0,0,0,0,0.028623,0,0,0,0,0,0,0,0,0,0,0,0,0,0,0,0,0,0,0,0,0,0,0.10018,0.014311,0,0,0,0,0,0,0,0,0,0,0,0,0,0,0,0,0,0,0,0,0,0,0.028623,0.042934,0.057245,0,0,0,0.028623,0,0,0.014311,0,0,0
0,0,0,0,0,0,0,0,0,0,0,0,0,0,0,0,0,0,0,0,0.10811,0,0,0,0,0,0,0,0,0,0,0,0,0,0,0,0.10811,0,0,1.4054,0,0,0,42.811,0,0,0.10811,0,0,0,0,0,0,0,0,0,0,0,0,0,0,0,0.21622,0,0.21622,0,0,0,0.21622,0,0,0,0,0,0,0,2.7027,0,1.0811,0.10811,0,0,0,0.64865,0.75676,1.6216,0,0,0.10811,0,0.32432,0,0,0.10811,0,0,0.10811,0,0,0,0,0,0,0,0,0,0,0,0,0,0,0,0,0,0,0,0,0.21622,0,0.10811,0,0,0.10811,0,0,0,0,0,0,0,0,0,0,0,0,0,0,0,0,0,0,0,0,0.10811,0.43243,0.97297,0,0,0,0,0,0,0,0,0,0
0,0,0,0,0,0,0,0,0,0,0,0,0,0,0,0,0,0,0,0,0,0,0,0,0,0,0,0,0,0,0,0,0,0,0,0,0,0,0,5.1613,0,0,1.0323,177.03,0,0,0,0,0,0,0,0,0,0,0,0,0,0,0,0,0,0,5.1613,0,10.323,0,0,0,0,0,0,0,0,0,1.0323,0,10.323,1.5484,2.0645,0,0,0,0,1.5484,0,2.0645,0,0,0,0,0,0,0,0,0,0,0.51613,0,0,0,0,0,0,0,0,0,0,0,0,0,0,0,0,0,0,0,0,0,0,3.6129,0,0,0,0,0,0,0,0,0,0,0,0,0,0.51613,0,0,0,0,0,0,2.0645,0,0.51613,0,1.5484,0.51613,0,0,0,0,0,0,0,0,0,0
0,0,0,0,0,0,0,0,0,0,0,0,0,0,0,0.034934,0.034934,0,0,0,0,0,0,0,0,0,0,0,0,0,0,0,0.034934,0,0,0,0,0,0,0.94323,0,0,0,9.5371,0,0,0.069869,0.52402,0.069869,0.66376,0,0,0,0,0,0,0,0,0,0,0,0,0.069869,0.034934,0.52402,0,0,0,0,0.1048,0.069869,0,0,0,0.38428,0,0.31441,0,0.069869,0,0,0,0,0.034934,0,0.069869,0,0,0,0,0,0,0,0,0,0,0,0,0,0,0,0,0,0,0,0,0,0,0,0,0,0,0,0.034934,0,0,0,0,0,0.24454,0,0,0.034934,0,0,0,0,0,0,0,0,0,0,0,0,0,0,0,0,0,0,0,0,0.17467,0.034934,0.24454,0,0,0,0,0,0,0,0,0,0
0,0,0,0,0,0,0,0,0,0,0,0,0,0,0,0,0.57143,0,0,0,0,0,0,0,0,0,0,0,0,0,0,0,0,0,0,0,0,0,0,4.2857,0,0,0,57.143,0,0,0.85714,0.85714,0.28571,19.714,0,0,0,0,0,0,0,0,0,0,0,0,1.4286,0.28571,2.8571,0,0,0,0,2.5714,0.57143,0,0,0,1.1429,0,4.8571,0.28571,0.57143,0,0,0,0,0,0,0,0,0,0,0,0,0,0.28571,0,0,0.57143,0.28571,0,0,0,0,0,0,0,0,0,0,0,0,0.57143,0,0,0.28571,0.28571,0,0,0,0.28571,0,4,0.57143,0,0,0,0,0,0,0,0,0,0,0,0,0,0,0,0,0,0,0,0.85714,0,0,3.7143,0.57143,2.5714,0,0,0,0,0,0,0,0,0,0
0,0,0,0,0,0,0,0,0,0,0,0,0,0,0,0,0,0,0,0,0,0,0,0,0,0,0,0,0,0,0,0,0,0,0,0,0,0,0,0.38171,0,0,0,36.135,0,0,0.12724,0.38171,0,1.2724,0,0,0,0,0,0,0,0,0,0,0,0,0.12724,0,0.25447,0,0,0,0,0,0,0,0,0,0.12724,0,1.3996,0,0,0,0,0,0,0,0,0,0,0,0,0,0,0,0,0,0,0,0,0,0,0,0,0,0,0,0,0,0,0,0,0,0,0,0,0.12724,0,0,0,0,0,2.4175,0,0,0.12724,0,0,0,0,0,0,0,0,0,0,0,0,0,0,0,0,0,0.25447,0,0,0.12724,0.25447,0.25447,0,0,0,0,0,0,0.25447,0,0,0
0,0,0,0,0,0,0,0,0,0,0,0,0,0,0,0,1.0281,0,0,0,0,0,0,0,0,0,0,0,0,0,0,0,0,0,0,0,0,0,0,5.9116,0.25703,0,0,37.783,0,0,0.25703,0.77108,0,32.386,0,0,0,0,0,0,0,0,0,0,0,0.25703,0.25703,1.0281,1.5422,0,0,0,0,7.9679,0,0,0,0,1.2851,0,3.0843,0.77108,0.77108,0,0,0,0,0.25703,0,0.51406,0.25703,0,0.25703,0,0,0,0,0,0,0,0.77108,0,0,0,0,0.25703,0,0,0,0,0,0,0,0.25703,0,0,0,0,0,0,0,0,0,3.8554,1.7992,0,0.51406,0,0,1.0281,0,0.25703,0,0.25703,0,0,0,0,0,0,0,0,0,0,1.5422,0,0,2.3133,2.3133,1.5422,0,0,0,0,0,0,0.51406,0,0,0
0,0,0,0,0,0,0,0,0,0,0,0,0,0,0,0,1.1852,0,0,0,0,0,0,0,0,0,0,0,0,0,0,0,0,0,0,0,0,0,0,12.326,0,0,0,62.578,0.23704,0,0.71111,1.8963,0,8.7704,0,0,0,0,0,0,0,0,0,0,0,0,0.47407,0.23704,1.6593,0,0,0,0,1.1852,0,0,0,0,1.4222,0,2.1333,0,0.47407,0,0,0,0,0,0,0.71111,0,0,0,0,0,0,0,0,0,0,0.94815,0,0,0,0,0,0,0,0,0,0,0,0,0.23704,0,0,0,0,0,0,0.71111,0,0,6.8741,2.8444,0,0.71111,0,0,0,0,0,0,0,0,0,0,0,0,0,0,0,0,0,0,0,0,0,0.47407,0.71111,0,0,0,0,0,0,0.23704,0,0,0
0,0,0,0,0,0,0,0,0,0,0,0,0,0,0,0,1.0323,0,0,0,0,0,0,0,0,0,0,0,0,0,0,0,2.0645,0,0,0,0,0,0,4.129,0,0,0,299.35,0,0,0,4.129,0,25.806,0,0,0,0,0,0,0,0,0,0,0,0,2.0645,0,3.0968,0,0,0,0,9.2903,0,0,0,0,1.0323,0,3.0968,0,0,0,0,0,0,1.0323,0,1.0323,0,0,1.0323,0,0,0,0,0,0,0,1.0323,0,0,0,0,0,0,0,0,0,0,0,0,0,0,0,0,0,0,0,0,0,0,3.0968,0,0,0,2.0645,0,0,0,0,0,0,0,0,0,0,0,0,0,0,0,0,0,0,0,0,2.0645,1.0323,0,0,0,0,0,0,0,0,0,0
0,0,0,0,0,0,0,0,0,0,0,0,0,0,0,0,0,0,0,0,0,0,0,0,0,0,0,0,0,0,0,0,0,0,0,0,0,0,0,1.3351,0,0,0,559.4,0,0,0,0,0,4.0052,0,0,0,0,0,0,0,0,0,0,0,0,0,0,9.3455,0,0,0,0,0,0,0,0,0,0,0,0,0,0,0,0,1.3351,0,0,0,0,0,0,0,0,0,0,0,0,0,0,0,0,0,0,0,0,0,0,0,0,0,0,0,0,0,0,0,0,0,0,0,0,0,0,0,0,0,0,0,0,0,0,0,0,0,0,0,0,0,0,0,0,0,0,0,0,0,0,1.3351,0,0,0,0,0,0,0,0,0,0,0
