0.54363,0,0,0,1.8483,26.855,0.10873,10.981,26.746,0,0.21745,0.32618,0,0.10873,0,1.5222,0,1.6309,0,0,0,0,0,0,0.21745,0,113.73,0,0,0.32618,1.196,0.10873,0,0.10873,5.4363,0.10873,0.4349,3.2618
0.35336,0,0,0,1.5018,2.7385,0.26502,0,0.88339,0,0,0.17668,0,0,0,0,0,0.35336,0,0,0,0,0,0,0.088339,0,52.473,0,0,4.0636,0.61837,0.26502,0.088339,0,0.4417,0,0.35336,0.088339
0.12813,0,0,0.032032,0.73674,5.3173,0,0.096096,0.76877,0.25626,0.38438,0.096096,0,0.16016,0,2.2102,0,1.5055,1.4094,0.064064,0,0,0.064064,0.51251,1.6657,0,23.544,0,0.064064,0.48048,0.67267,0.35235,0.22422,0.48048,3.5235,0.22422,2.7227,7.7197
1.1307,0,0,0,2.6007,17.64,0.056537,0,2.8834,0.90459,1.8092,0.16961,0,0.11307,0,6.7279,0,3.5053,2.8269,0.22615,0,0,0.28269,12.325,8.5936,0,103.07,0.33922,0.28269,4.0707,6.6714,1.0742,1.47,1.0177,12.325,4.0141,10.459,32.057
5.6537,0,0,1.3569,10.629,51.562,0,0.22615,15.378,5.8799,1.3569,0.4523,0,0.90459,0,20.353,0,11.307,10.403,0,0,0,0.4523,13.795,5.4276,0,160.57,2.0353,0,6.5583,13.795,4.0707,1.3569,2.4876,5.8799,9.0459,11.986,99.505
0.22615,0,0,2.8975,3.0389,7.4064,0.070671,0.11307,0.70671,1.894,0.19788,1.0459,0,0.25442,0,5.9223,0,7.3922,0.77739,0.16961,0,0,0.21201,0.62191,2.6007,0,21.753,0,0.84806,0.87633,5.4982,0.89046,0.35336,1.3428,1.0035,1.8233,6.7562,6.53
0.026403,0,0,0.0072007,0.032403,0.46605,0.0052005,0.018002,0.049605,0.013201,0,0.024402,0,0.014401,0,0.046405,0,0.036404,0.0020002,0,0,0,0,0,0.009601,0,0.60926,0.0032003,0.0016002,0.010001,0.0036004,0.013201,0.0060006,0.056806,0.044004,0.018802,0.033203,0.029603
1.05,0,0,2.3423,2.5846,16.638,0.64614,0.080767,2.3423,7.5114,0.080767,1.6153,0.16153,1.373,0,3.5538,0,5.5729,1.05,0.40384,0,0,0.080767,5.0883,3.3115,0,31.58,0,0.2423,0.88844,0.64614,1.4538,1.05,0.88844,4.9268,0.64614,3.2307,8.319
0.41118,0,0,10.485,1.6447,16.139,0.41118,0,2.3643,5.2425,0.30838,0.82236,0.20559,0.10279,0,6.5789,0,6.3733,1.2335,0.51397,0.10279,0,0.20559,6.2705,3.0838,0,39.884,0,1.1307,1.8503,1.9531,0.71956,0.41118,0.51397,4.523,1.0279,2.5699,9.8683
0.014134,0,0,2.0636,0.947,10.318,0.18375,0,0.63604,2.2191,0.014134,1.3004,0,0.70671,0,2.7138,0,8.947,1.3852,0.4523,0,0,0.014134,1.3852,3.5901,0,32.905,0,1.1873,2.7279,6.0071,0.76325,0.28269,0.56537,2.5442,1.0177,3.9435,4.7491
0.4523,0,0,2.6007,0.73498,19.336,0.4523,0.11307,3.5053,4.2403,0.16961,1.1873,0.11307,0.84806,0,11.081,0.11307,7.5194,2.8834,0.73498,0,0,0,1.1873,3.1095,0,28.721,0,0.90459,1.4134,3.2226,0.73498,0.33922,0.33922,3.6184,1.2438,2.3746,6.0495
4.3816,0,0,15.265,1.2721,31.237,1.6961,0.28269,6.3604,40.283,0,3.1095,0,1.1307,0,22.473,0,21.201,14.982,1.8375,0.42403,0,0.28269,1.4134,9.1873,0,113.22,0,14.134,5.6537,11.025,5.371,2.8269,0.56537,7.0671,6.5018,37.314,24.028
3.8445,0,0,24.65,5.7668,27.138,0.50883,0.056537,2.9399,11.703,0.28269,2.318,0,0.96113,0,10.007,0,7.8021,2.8834,1.3004,0,0,0.22615,2.318,3.7314,0,75.647,0.056537,16.226,4.4664,1.1873,4.1837,1.4134,1.4134,7.8587,3.8445,10.177,9.2155
0.11307,0,0,5.7668,3.1661,33.922,0.56537,0,6.3322,3.5053,0,6.5583,0,0.79152,0,8.4806,0,13.004,0.67845,1.2438,0,0,0.11307,5.0883,6.5583,0,78.473,0,2.0353,1.583,5.7668,2.9399,1.583,3.8445,6.6714,3.9576,12.777,7.8021
0.056537,0,0,2.0353,2.9399,11.873,0,0,3.7314,1.6961,0.11307,0.96113,0.056537,1.5265,0,5.3145,0,10.968,1.0177,0.22615,0,0,0,0,6.4452,0,127.32,0.67845,2.9965,3.3922,5.9364,1.3004,0.16961,0.11307,10.968,1.7527,7.9717,4.523
0,0,0,0.092009,0.0060006,0.13201,0,0,0.023602,0.019202,0,0.021202,0.0032003,0.011201,0,0.039204,0,0.13721,0.0072007,0.0036004,0,0,0,0.0032003,0.043604,0,0.64366,0,0.010001,0.032003,0.047605,0.0044004,0.011201,0.0064006,0.020002,0.0044004,0.036004,0.062806
0.11307,0,0,6.7279,2.0353,12.466,0.25442,0,1.9788,1.8092,0.16961,1.0742,0.11307,0.42403,0,5.7951,0.028269,5.3993,0.33922,0.28269,0,0,0.028269,0,2.1767,0,33.159,0.11307,1.583,1.159,2.742,0.14134,0.19788,0.11307,2.9965,2.0353,3.7597,5.258
0.82236,0,0,25.904,3.7006,28.783,0.41118,0,2.6727,7.8124,0.20559,2.8783,0,0.61677,0,15.419,0,9.8683,1.0279,1.4391,0,0,0.61677,1.4391,4.7286,0,59.21,0,3.495,1.6447,0.82236,1.4391,1.2335,0.82236,3.9062,8.018,4.1118,10.485
0.41118,0,0,15.008,0.20559,8.2236,0,0,3.2894,3.495,0,1.0279,0,0.61677,0,7.8124,0,7.8124,0.41118,0,0,0,0.61677,0.20559,3.0838,0,45.23,0.41118,1.2335,2.0559,4.1118,0.41118,0.41118,0.41118,4.3174,0.82236,4.3174,5.7565
0.96834,0,0,0.42458,0.23091,2.6741,0.16387,0,0.67784,0.70764,0.037244,0.089385,0.014898,0,0,1.6387,0,0.80447,0.24581,0.081937,0,0.3054,0.40968,0.014898,0.84171,0,5.0577,0,0.28305,0.6108,2.2272,0.074488,0.19367,0.24581,1.3408,1.8547,0.18622,0.72998
0.023202,0,0,0.063206,0.022402,0.29843,0.017602,0.010401,0.044004,0.067207,0.0040004,0.024002,0.0016002,0.0024002,0,0.16642,0,0.13361,0.039204,0.0080008,0,0.0056006,0.048805,0.0016002,0.14401,0,0.47765,0.0032003,0.020802,0.070407,0.10161,0.016802,0.016802,0.026403,0.084008,0.020802,0.021602,0.089609
0.88844,0,0,16.719,3.0692,61.545,2.9076,0.72691,6.2998,5.2499,0.40384,4.523,0,0.40384,0,19.626,0,24.715,8.8844,1.05,0.32307,0,2.3423,0,30.53,0,119.62,0,0.32307,2.7461,9.9344,5.0883,1.05,0.64614,16.88,1.5346,5.0076,6.4614
0.027181,0,0,0.67953,0.46208,26.176,3.6423,0,2.3104,1.6852,0.32618,4.7024,0,0,0,5.2188,0,3.2074,16.39,0.35336,0.13591,0.027181,0.48926,0,3.5879,0,47.594,0,0.65235,0.70671,3.5879,1.9571,0.24463,1.7396,5.7624,3.3977,1.0329,4.0228
0,0,0,0,5.4047,58.916,0,0.053512,3.5318,2.1405,6.8495,14.127,0,0,0,10.756,0,5.0836,19.639,0,0,0.42809,2.408,0.96321,6.5284,0,207.84,0.053512,3.6923,7.6522,10.756,3.1572,2.087,3.7993,14.341,4.0134,10.435,11.559
0,0,0,0,0.11808,6.9963,0.02952,0.01476,0.28044,0.35424,0.67897,1.6236,0,0.04428,0,2.8339,0,0.67897,1.9041,0,0.02952,0.02952,0.01476,0.11808,0.81181,0,14.775,0,0.16236,0.95941,1.2989,0.20664,0.059041,0.45756,1.048,0.04428,0.16236,1.5646
0,0,0,0,0.2952,9.8598,0.059041,0.059041,1.1808,0.88561,1.417,3.0701,0.059041,0,0,5.4908,0,1.0037,5.3727,0,0,0,0,0.47232,1.2989,0,50.775,0,0.70849,1.1808,4.9004,0.41328,0.059041,1.0037,5.0185,0.53137,0.64945,5.0775
0.059041,0,0,0,0.088561,7.1144,0.02952,0.02952,0.79705,0.56089,1.0923,2.4207,0,0,0,4.0443,0,1.1513,3.4539,0,0,0.059041,0.1476,0.059041,1.1218,0,21.196,0,0.38376,1.2103,2.0369,0.2952,0.11808,0.50185,2.3321,0.02952,0.11808,1.5055
0,0,0,0,0.26568,6.1697,0.02952,0,0.85609,0.4428,0.50185,1.6236,0.02952,0,0,2.7749,0,0.38376,2.2435,0,0.059041,0,0.02952,0.088561,0.47232,0,17.476,0,0.26568,0.50185,1.2694,0.059041,0.1476,0.4428,2.0664,0.20664,0.11808,1.4465
0.047904,0,0,0,0.38323,28.168,0.23952,0,4.3593,4.5509,1.5329,10.347,0,0,0,4.1198,0,10.108,22.419,0,0,0,0.57485,0,3.2575,0,99.018,0.047904,5.8443,7.521,11.689,1.7725,1.5329,2.8743,16.24,4.2156,7.3293,13.653
0.051948,0,0,0.051948,0.36364,34.182,0.25974,0.051948,2.1299,5.0909,0.88312,10.961,0.051948,0,0,2.4416,0,4.4156,22.961,0.25974,0.41558,0,0.98701,0.41558,3.7922,0,63.377,0.1039,4.2597,3.0649,8.5195,1.8182,0.31169,2.6494,8.7273,2.8052,4.7792,16.468
0.58427,0,0,0.17978,0.53933,22.697,0.31461,0,1.4831,0.94382,0.089888,5.3034,0,0.13483,0,2.2022,0,6.6067,8.6292,0.17978,0.13483,0.089888,0.44944,0,3.8202,0,66.966,0.40449,6.0225,2.6517,8.6742,0.98876,0.80899,1.6629,3.2809,1.4382,3.8202,8.2697
1.2261,0,0,0.73563,1.7165,22.682,0.36782,0.12261,2.636,5.0881,1.2874,3.6782,0.18391,0.61303,0,6.3755,0,7.4789,6.4981,0,0,0.61303,1.4713,0.24521,7.2337,0,64.184,0,7.2337,3.433,8.8276,2.8199,1.3487,2.2682,13.793,0.67433,6.3142,21.824
1.5276,0,0,1.1256,2.7337,21.226,0.48241,0.080402,3.1357,2.4925,5.3869,4.6633,0.32161,0.40201,0,5.3065,0,5.2261,14.633,0.32161,0,2.5729,1.7688,0,7.3166,0,69.307,0,1.1256,4.2613,6.1106,2.9749,0.48241,1.1256,7.9598,2.1709,2.4121,13.91
0.88147,0,0,0.88147,1.2287,11.967,0.50751,0,2.0568,3.5526,1.7896,2.217,0.053422,0.34725,0,4.0067,0,3.2855,10.952,0.7212,0.080134,1.1753,0.50751,0.053422,2.9649,0,18.217,0.080134,0.98831,1.3356,1.7629,1.4424,0.93489,1.015,3.4725,2.1102,2.5643,8.4407
0.27248,0,0,0,0.10899,3.1717,0.076294,0,0.26158,0.13079,0.065395,0.032698,0,0,0,0.021798,0,0.38147,1.3624,0.076294,0.021798,0,0.15259,0.054496,0.54496,0,10.736,0,0.15259,0.30518,4.861,1.7112,0.74114,0.26158,1.2534,0.25068,0.46866,0.64305
0.051349,0,0,0.091028,0.060686,0.62086,0.035011,0.0023341,0.084026,0.13771,0.018673,0.11437,0,0.021007,0,0.16572,0.0046681,0.13304,0.088694,0.0093363,0.0023341,0,0.0070022,0,0.17739,0.0046681,1.041,0,0.24974,0.037345,0.046681,0.079358,0.01167,0.060686,0.17505,0.065354,0.065354,0.24274
0.056845,0,0,0.24254,0.14401,1.2582,0.072004,0,0.27286,0.18569,0.11369,0.21601,0.0037897,0.098532,0,0.60635,0,0.19706,0.3676,0.0075793,0.0037897,0.015159,0.026528,0.011369,0.56466,0,4.7674,0.011369,0.13264,0.13643,0.11748,0.25012,0.022738,0.098532,0.52676,0.13264,0.11748,0.57982
0.057218,0,0,0.08131,0.06023,0.72577,0.039149,0.0030115,0.11745,0.26802,0.0090344,0.051195,0.006023,0.018069,0,0.24092,0,0.25296,0.30416,0.015057,0.0030115,0.0090344,0.012046,0,0.30416,0,1.4455,0.0030115,0.030115,0.084321,0.090344,0.08131,0.018069,0.039149,0.35234,0.1054,0.32223,0.24995
0.082305,0,0,0.090535,0.074074,2.1975,0.15638,0.016461,0.13169,0.37037,0.11523,0.107,0.016461,0.024691,0,0.40329,0.024691,0.66667,0.95473,0.049383,0.016461,0.057613,0.082305,0,0.66667,0,5.0206,0,0.16461,0.42798,0.85597,0.22222,0.074074,0.21399,0.70782,0.31276,0.38683,0.65021
0.18251,0,0,2.3878,1.3688,3.5285,0.38783,0,0.12167,1.2548,1.5057,0.62357,0.060837,0.068441,0.060837,2.5703,0,1.4144,2.1673,0,0,1.7643,0.28897,0,2.8137,0,6.1597,0,0.098859,0.65399,2.1369,1.2395,0.1749,0.28897,0.47148,0.31939,1.2471,1.4144
1.4752,0,0,0.79433,0.85106,15.262,0.68085,0,2.2695,0.96454,0.17021,0.34043,0.34043,0.85106,0,5.7305,0,2.0426,4.4255,0.39716,0,0.28369,0.28369,0,4.7092,0,39.943,0.11348,0.56738,1.3617,1.2482,2.0993,0.85106,2.0426,4.9929,0.51064,2.5532,7.6028
0.17391,0,0,0.28986,0.28986,4.4638,0.34783,0,0.63768,0.34783,1.6812,0.63768,0,0.28986,0,2.4928,0,0.4058,0.69565,0,0,0.98551,0.23188,0.057971,3.7681,0,7.4203,0.057971,0.057971,0.63768,0.81159,1.5072,0.46377,0.17391,1.5072,0.17391,0.52174,1.3913
1.3082,0,0,0,1.6101,28.428,0.15094,0,8.4528,0.050314,0.10063,0.95597,0,0.80503,0,15.145,0,0.60377,1.9119,0,0,0,0.10063,0,1.5094,0,16.403,0.30189,0.050314,0.3522,0.75472,1.0566,0.60377,1.4088,2.0629,0.45283,0.60377,1.761
12.598,0,0,0,32.756,736.76,0,12.598,439.94,0.50394,4.0315,0,0,0,0,153.2,0,2.0157,4.5354,0,0,6.0472,0,0.50394,20.157,0,283.72,0,0,0.50394,0.50394,39.307,0.50394,6.0472,20.157,2.0157,2.0157,5.0394
1.7555,0,0,0,2.3574,30.094,0.20063,0.050157,5.3668,0,0,0.70219,0.050157,1.0031,0,20.715,0,4.0125,4.5141,0.050157,0,0.20063,0.20063,0.050157,3.6614,0,27.386,0,0.050157,2.9592,6.9718,2.4075,0.40125,2.0564,3.8119,0.50157,2.2571,5.3166
0.50633,0.1519,0,2.1392,6.0127,11.924,0.063291,0,0.37975,1.3924,2.481,1.1899,0,0.063291,0,6.6076,0,4.8608,1.2785,0.10127,0.012658,0.10127,0.21519,0,2.962,0,12.19,0,0.72152,0.51899,3.2532,1.3671,0.17722,1.1646,0.87342,0.3038,1.4557,2.9747
0.90323,0,0,0.51613,4.0645,23.161,0.58065,0,6.0645,1.3548,0.25806,8.7097,0,0.32258,0,1.4194,0,9.871,2.7097,0.12903,0.25806,0,0.12903,0,3.0323,0,25.226,0,0.58065,0.51613,1.3548,0.58065,0.19355,1.3548,2.3226,0.51613,2.9677,1.2903
1.4313,0,0,0.61342,4.9073,70.748,0.20447,0,4.4984,1.0224,0.61342,6.5431,0,0.81789,0,6.5431,0,4.9073,16.358,0,0,0,0.40895,0,6.3387,0,52.141,0,0,1.4313,4.4984,6.1342,0.81789,3.2716,8.1789,4.7029,12.268,6.1342
0.15881,0.039702,0,1.8462,2.8586,13.34,0.079404,0,0.59553,2.005,0.35732,1.4094,0.079404,0.079404,0,2.4417,0,3.0769,4.8834,0.19851,0.11911,0.039702,0.099256,0,2.66,0,10.819,0,0.19851,0.45658,2.2432,1.6079,0.11911,1.0521,0.77419,0.91315,8.4963,4.4268
0.050157,0,0,0.60188,3.8621,14.997,0,0,1.605,2.2571,0,8.2759,0.20063,0.30094,0,2.9592,0,3.511,2.9091,0.10031,0.20063,0.10031,0,0,2.0564,0,23.925,0.30094,0,1.3542,2.0063,2.0063,0.40125,0.90282,1.8056,0.3511,2.2069,2.4075
0.19465,0,0,2.8029,1.0998,2.5401,0.17518,0.038929,0.35036,2.1217,0.28224,0.79805,0,0.058394,0.077859,2.2092,0,6.4915,1.0998,0.038929,0,0,0.077859,0,1.7518,0,6.7251,0,0.39903,0.45742,1.7616,1.0414,0.068127,0.51582,0.26277,0.60341,2.1995,2.5304
0.26415,0,0,2.0802,2.0849,4.184,0.15566,0.037736,0.39151,2.7264,0.14623,0.50943,0.004717,0.11792,0,1.9528,0,3.8443,0.8066,0.037736,0,0.018868,0.056604,0,1.8019,0,4.3821,0,0.30189,0.36792,1.6085,0.98113,0.075472,0.41981,0.29245,0.51887,0.84906,2.6085
0.030534,0,0,1.9351,1.8511,2.9275,0.10687,0,0.33969,3.1794,0.41221,0.5458,0.034351,0.038168,0,2.0763,0,3.9542,0.58015,0,0,0.015267,0.015267,0,1.6603,0,5.9427,0,0.89695,0.63359,1.5534,1,0.076336,0.69847,0.39695,0.22137,1.1336,2.7328
0.16306,0,0,1.2229,0.81529,7.3376,0.24459,0,1.1006,2.079,0.24459,0.36688,0,0.12229,0,1.2637,0,2.772,0.61146,0,0,0,0.16306,0,2.935,0,14.512,0,2.1197,1.1006,0.52994,1.9567,0.36688,1.549,0.89682,0.61146,0.44841,2.935
0.10224,0.10224,0,3.0032,1.4824,9.4249,0.12141,0,0.42173,10.952,0.52396,0.59425,0,0.10224,0,4.1661,0,2.5304,3.1374,0,0,0.0063898,0.15974,0,3.9233,0,7.7188,0,1.5016,0.35783,2.4984,1.0224,0.10224,0.23642,0.59425,0.58147,1.4377,5.361
0.80565,0,0,2.318,3.1237,7.3781,0.11307,0.056537,0.74912,0.65018,0.59364,1.8799,0,0.12721,0,4.5512,0,6.4594,0.93286,0.56537,0,0.028269,0.028269,0.028269,2.2615,0,9.9788,0,0.33922,1.6396,2.3322,0.84806,0.11307,1.2014,1.258,0.63604,1.4841,4.0989
0.84211,0,0,4.0284,4.9616,4.2788,0.13656,0,0.81935,0.84211,2.4808,0.52347,0.045519,0.18208,0,5.6899,0,4.0967,0.84211,0.40967,0,0.43243,0.20484,0.045519,4.4381,0,25.787,0,0.56899,1.9346,6.1906,3.4367,0.27312,1.889,1.9346,1.229,2.3898,4.3926
0,0.15764,0,2.7586,7.2906,22.345,0.31527,0.078818,2.3645,1.8916,2.8374,1.1429,0,0.15764,0,12.177,0,7.4483,4.0197,0,0,0.078818,0.039409,0,7.7241,0,22.069,0,0.23645,0.78818,5.4384,1.9704,0.4335,2.2857,1.6552,1.3005,4.2956,12.414
0.256,0,0,3.664,4.56,171.81,0,12.32,0.512,1.28,0.352,0,0,0,0,4.128,0,8.784,1.296,0,0,0,0.256,0,0.336,0,63.664,3.328,1.808,0.336,12.272,5.664,0.064,2.336,2.592,2.32,3.936,81.536
0.46944,0,0,0.15648,35.99,19.09,0,0,6.5721,0.31296,2.6601,0.46944,0,0.62592,0,7.511,0,11.267,1.7213,0,0,3.2861,0,0,4.0685,0,133.48,0.31296,0.46944,0.31296,0.93888,18.152,0.7824,25.819,9.5452,1.8778,4.8509,20.186
0,0,0,7.5517,1.5991,3.4655,0,0,0.34483,0.76724,1.0733,0.37069,0,0.13793,0,1.6595,0,21.095,4.2198,0,0,0.060345,1.8103,0,3.194,0,43.603,0,0.43103,3.4784,7.9138,2.3405,0.31034,5.2716,2.7112,0.69828,2.7155,4.4871
0,0,0,1.8214,0.49554,0.79464,0,0,0.17857,0.60268,0.22321,0.17857,0,0.017857,0,0.45089,0,4.2545,1.3884,0,0,0.026786,0.0089286,0,0.80804,0,11.129,0.10714,0.28571,0.25,2.1741,0.47321,0.035714,3.5714,1.6027,0.82143,3.4777,2.192
0.059869,0,0,6.7802,6.7428,24.823,0.059869,0,0.60617,5.7774,0.89055,0.052385,0.29935,0,0,6.0094,0,4.0187,2.0355,0.059869,0,0.4116,0.38915,0,1.8784,0,31.319,0.41908,0.93545,1.4668,9.4294,1.2572,0.44153,1.0327,1.9981,1.2123,9.7886,4.4453
0.44506,0,0,2.1641,1.9694,11.177,0.089013,0,0.26704,3.2211,0.43394,0.47288,0,0.094576,0,2.0807,0,10.153,3.8442,0.13352,0.011127,0.01669,0.32823,0,3.3324,0,29.708,0,0.56745,0.89013,5.847,1.185,0.19471,1.2517,2.4478,0.91238,11.193,5.2462
1.0544,0,0,2.9292,7.3641,7.8715,0.70511,0,1.1598,3.117,0.81384,0.49423,0.10544,0.10544,0,5.5585,0,3.0939,5.7002,0.052718,0.10544,0,0.16804,0,1.7628,0,14.264,0,0.24053,0.34596,3.4003,1.4036,0.016474,0.53048,1.14,0.48105,1.4596,4.2471
0.16306,0,0,2.3228,0.68885,1.787,0.16306,0.026622,0.27288,1.0183,0.08985,0.069884,0.0033278,0.079867,0,0.9218,0,1.797,0.53577,0,0,0,0.073211,0,0.99501,0,4.822,0,0.54908,0.30283,1.0948,0.4792,0.093178,0.90516,0.41597,0.56572,0.87854,3.7804
0.041612,0.020806,0,2.7087,0.89337,3.6541,0.17295,0,0.20936,2.2497,0.15735,0.70351,0,0.022107,0,1.5111,0,2.8336,0.37841,0.10403,0,0,0.26138,0,1.1547,0,7.1404,0,0.68791,0.3225,1.3212,1.0481,0.11183,2.0234,0.49805,0.53186,1.6762,2.7659
0.18472,0,0,0.90941,0.28419,2.4298,0.26998,0,0.53996,0.52575,0,0.35524,0.01421,0.042629,0,2.0888,0,1.6625,0.51155,0.01421,0,0,0.099467,0.01421,1.1226,0,9.9893,0.11368,0.56838,0.31261,0.15631,0.62522,0.028419,2.7851,0.52575,0.35524,0.32682,2.643
0.26132,0.037166,0,2.8885,0.37515,2.6504,0.080139,0.0011614,0.11266,1.2172,0.098722,0.081301,0.019744,0.037166,0,1.8153,0,3.6794,0.84437,0.037166,0.018583,0.0011614,0.15563,0,1.2253,0,6.6434,0,0.69919,0.36005,1.8931,0.74913,0.088269,0.80372,0.42857,0.223,0.7619,2.4832
3.1161,0.059925,0,5.4157,1.1461,5.8502,0.18727,0,0.30712,2.824,1.4682,0.31461,0.059925,0.059925,0,4.4644,0,9.3483,2.7041,1.4382,0,0.67416,0.29963,0,6.0375,0,39.004,0.059925,2.7491,1.176,7.4232,3.7004,0.68165,5.2584,2.5843,1.4682,7.3783,6.4494
7.4366,0,0,11.042,14.197,25.54,0.52582,0.67606,9.0141,15.399,7.5869,1.5023,0,0,0,5.784,0,11.493,62.047,0,0,0.52582,0.75117,0.075117,18.479,0,78.648,0.60094,0.97653,1.277,24.488,5.3333,0.22535,5.1831,7.9624,5.108,27.268,14.648
0.18208,0.18208,0,5.6444,9.0128,20.484,0,0,2.458,6.0085,7.4651,4.9161,0,0.091038,0,6.4637,0,8.5576,25.946,0,0.091038,2.7312,0.63727,0,6.7368,0,42.879,0.18208,0.91038,2.8222,13.656,5.9175,0.54623,6.6458,5.1892,1.3656,12.29,8.3755
0.30732,0.076831,0,2.7659,4.1489,23.318,0.038415,0.038415,0.9988,6.108,3.5726,1.9592,0.076831,0.34574,0,6.4922,0,4.3794,14.06,0.53782,0.076831,2.3049,0.42257,0.23049,4.072,0,19.515,0.076831,0.53782,1.0756,6.108,2.6891,0.69148,2.7275,1.9592,1.0372,7.6447,6.569
3.9755,0,0,7.9018,13.252,45.301,0.19632,1.1779,4.4172,11.043,15.804,4.908,0,0.04908,0,11.092,0,24.933,33.227,3.9264,0.04908,0.2454,1.865,0.78528,14.871,0,70.626,0,1.3742,3.7301,27.141,6.5276,1.5706,7.362,7.1166,6.9202,36.221,16.098
1.6306,0,0,36.841,10.955,40.51,0,0.050955,3.3121,6.6752,7.8471,4.1783,0.40764,0.050955,0,12.484,0,40.662,38.879,1.6306,0,1.0191,3.5669,0,8.9682,0,105.99,0,2.8535,4.2293,34.599,10.14,1.6815,6.6242,5.707,3.7197,54.573,19.669
1.6623,0,0,6.961,2.9784,12.312,0.15584,0,1.8355,2.9437,0.48485,0.329,0,0.31169,0.55411,11.498,0,13.316,4.4848,0.41558,0.13853,0.7619,0.27706,0,7.2554,0,19.082,0.13853,0.57143,0.98701,9.2641,3.3766,0.70996,2.0433,3.619,1.4372,5.8355,4.5541
0.20645,0,0,1.9183,0.4043,2.2323,0.4,0,0.34839,1.1957,0.073118,0.52043,0,0.077419,0,2.4774,0,2.5978,0.29677,0.034409,0,0.043011,0.16774,0,1.0495,0,4.4473,0.034409,0.65806,0.45591,1.0409,0.72688,0.15914,0.94624,0.30968,0.25806,1.4753,1.914
14.517,0,0,6.5695,12.821,8.5828,0,0,0.95364,2.4371,0,0.42384,0,0,0,0.21192,0,7.7351,1.8013,0,0,0,0.10596,0,41.642,0,36.556,0,1.2715,0.95364,20.132,13.245,2.4371,1.4834,4.2384,0.84768,7.7351,5.0861
1.0109,0,0,0.50547,0.50547,8.2041,0,0.077764,1.0498,3.0328,0.81652,0.34994,0.23329,0.077764,0,1.2442,0,2.0996,1.2053,0.038882,0,0.73876,0,0,2.9162,0,14.075,0,0.038882,0.31106,0.62211,1.4775,0.34994,0.27217,3.3439,1.2442,13.609,1.9441
1.1285,0,0,0.32242,5.4811,45.461,0.16121,0,6.1259,6.2872,0.48363,3.5466,0,0.64484,0,2.4181,0.16121,8.3829,1.9345,1.1285,0,0.48363,0,0,5.3199,0,26.761,0,0,0.64484,3.2242,3.063,0.64484,4.5139,5.3199,7.2544,4.0302,1.9345
5.5814,0,0,3.1628,8,50.698,0.093023,0,8,15.721,1.2093,4.7442,0,2.2326,0,10.047,0,9.1163,2.6047,0.83721,0.37209,2.8837,0,0,11.349,0,52.558,0,0,0.27907,1.5814,6.2326,0.74419,7.5349,4.9302,16.558,12.651,4.3721
2.0971,0,0,0.54369,1.2427,14.99,0,0.07767,3.4175,5.3592,0.93204,1.2427,0.15534,0.46602,0,2.4854,0,1.2427,1.6311,0.38835,0,1.0874,0,0,5.9806,0,16.699,0,0,0.54369,3.9612,3.7282,0.69903,1.8641,2.0194,44.816,8.3107,2.5631
0.25437,0,0.050874,1.5262,1.5517,3.6121,0.30525,0,0.45787,1.4499,0.63593,0.43243,0.050874,0.12719,0,2.7218,0,3.7901,1.8569,0.050874,0,0.38156,0.22893,0,3.2051,0,8.2162,0,0.55962,0.38156,2.1113,3.6375,0.2035,0.83943,0.66137,0.78855,3.1797,3.1033
1.6694,0,0,3.0139,8.1699,10.652,0.059095,0,2.0683,3.7821,0.63527,3.7673,0.23638,0.044321,0,4.639,0,6.8846,2.3786,0,0,0.044321,0.059095,0,3.6048,0,16.399,0.11819,0.60572,0.53186,3.3093,3.856,0.32502,2.2604,1.8763,6.2493,10.327,8.4506
1.997,0,0,4.8024,6.7043,24.202,0.33284,0,5.5632,4.7548,4.3744,3.471,0,0.57058,0,6.0386,0,9.89,15.453,0.38039,0,0.14264,0.28529,0,8.1783,0,30.669,0,3.899,0.57058,7.6077,4.2318,0.71322,3.9465,3.8039,4.4695,21.444,13.979
0.10544,0,0,3.3213,4.112,13.417,0.052718,0,2.8995,4.0329,1.3443,2.4778,0.10544,0.1318,0,3.9802,0,7.5914,6.9325,0.10544,0,0.42175,0.31631,0,4.0066,0,27.361,0,1.0016,1.0807,5.0346,4.771,0.18451,2.5305,1.9242,0.86985,16.791,26.596
1.0998,0.15572,0.0097324,2.4234,2.0535,8.1655,0.29197,0,0.48662,2.5985,0.12652,1.0414,0.23358,0.15572,0.15572,3.1533,0,7.0657,6.0438,0,0,0.0097324,0.13625,0,2.4039,0,13.635,0.15572,1.3431,0.24331,4.4088,1.2457,0.40876,1.3625,0.77859,0.58394,3.3187,4.8954
1.3483,0.044944,0,1.7753,1.618,5.4382,0.26966,0.044944,1.0112,1.4607,0.47191,1.0112,0,0,0,2.0449,0,5.7079,1.7528,0.22472,0,0,0.089888,0,2.3146,0,9.3483,0,0.65169,0.67416,2.1348,1.3483,0.17978,0.80899,0.60674,0.67416,3.8652,2.1124
0,0.1194,0,9.8507,11.94,11.881,0,0.23881,4.4179,1.0149,1.9104,1.0746,0.059701,0.35821,0,6.5672,0,7.7612,3.8806,0,0,1.194,0.35821,0,4.597,0,36.896,0.1194,0.59701,1.6716,6.8657,2.209,0.1791,2.9254,1.3134,0.71642,7.5224,6.5672
0,0,0,5.8401,10.329,8.1086,0.38612,0,1.448,0.57919,1.6893,1.3032,0,0.096531,0.096531,7.7225,0,3.6199,4.9231,0,0,0.77225,0.096531,0,3.9578,0,26.546,0,0.57919,1.9306,5.9849,1.7376,0.33786,1.8824,1.1101,0.57919,7.2881,5.8884
0.43472,0,0,1.7389,7.8249,14.418,0.19321,0,5.9653,3.4777,3.5502,2.2219,0,0,0.096604,3.357,0,4.8785,8.163,0.19321,0,0,0.33811,0,2.56,0,19.321,0,2.6325,0.28981,6.3034,1.7389,0.31396,1.8596,1.2558,2.1736,2.4392,3.1879
0.57788,0,0,2.3115,5.9233,77.436,0.57788,0,25.21,16.542,13.002,9.4628,0.072235,0.28894,0,12.497,0,16.108,42.041,3.1783,0,0,0.36117,0.28894,11.341,0,29.977,0,3.0339,0.93905,26.582,2.6005,2.2393,2.2393,2.3115,8.4515,5.2731,5.9233
1.0067,0.28764,0,2.8584,1.7618,6.5798,0.21573,0,2.8764,1.7618,2.2292,1.7438,0,0.14382,0,2.9483,0,4.3506,5.6629,0,0,0.70112,0.39551,0,2.0494,0,13.016,0.44944,0.93483,0.73708,4.6742,1.582,0.44944,1.1865,1.2225,1.2764,5.3573,4.8719
0.11054,0,0,3.095,7.7927,25.589,0.1658,0.11054,5.361,3.924,7.019,2.9845,0,0,0,5.6373,0,8.8981,11.275,0.44214,0.055268,0.71848,0.60794,0.11054,5.6926,0,17.575,0.11054,0.27634,1.2159,4.9741,3.0397,0.49741,1.7686,1.2712,1.7133,4.0898,3.9793
0.49459,0,0,3.1159,2.5966,18.597,0.56878,0.61824,1.4343,2.8192,6.0835,1.558,0,0,0,4.476,0,5.1685,5.9104,0.098918,0,0.2473,0.02473,0.19784,1.9536,0,18.25,0,4.1546,0.46986,6.2318,2.3493,0.22257,1.3107,0.91499,0.89026,11.252,3.0912
0.052632,0.15789,0,1.5526,2.4013,5.9934,0.40132,0,0.26974,2.6974,0.40789,0.30921,0,0.11184,0,4.5658,0,2.9671,0.96053,0.052632,0.052632,0.16447,0.026316,0,1.5592,0,6.8158,0,0.59868,0.53947,4.8487,1.9934,0.31579,0.71053,0.79605,0.625,1.9013,4.7632
0,0,0,2.3642,0.70665,5.3304,0.20065,0,0.34024,3.3762,0.27917,0.23555,0.10469,0.034896,0.034896,2.8702,0,3.6641,3.3413,0.034896,0,0.41003,0.14831,0,0.95965,0,6.0196,0.10469,0.95965,0.53217,2.687,1.108,0.253,0.253,0.29662,0.42748,2.0763,3.6379
0.026756,0.026756,0,1.0635,1.0702,4.9833,0.66221,0,1.3779,2.2609,0.32776,0.50167,0.006689,0.10702,0.053512,3.0502,0,1.7926,1.311,0.16054,0,0.1806,0.080268,0.026756,1.1973,0,3.5585,0.026756,0.52174,0.27425,1.9398,0.65552,0.1204,0.43478,0.37458,0.9097,1.0903,3.0836
0.029412,0,0,1.5221,1.1618,3.6838,0.40441,0,0.21324,2.2206,0.14706,0.48529,0.066176,0.066176,0.058824,2.2574,0,2,1.1544,0.029412,0.029412,0.080882,0.058824,0.088235,1.4265,0,4.0074,0,0.48529,0.61765,1.9706,1.0956,0.15441,0.26471,0.46324,0.46324,1.3456,2.6397
0.022222,0,0,1.6778,0.93333,3.0889,0.088889,0,0.54444,1.2333,0.31111,0.53333,0.022222,0.066667,0.022222,3.7444,0,2.3222,0.58889,0.022222,0.044444,0.033333,0.066667,0,1.2778,0,6.0333,0,0.86667,0.56667,2.2667,1.3111,0.11111,0.48889,0.43333,0.54444,1.6,3.4111
0.21227,0.053068,0,2.4279,1.937,5.7446,0.17247,0,1.2206,1.2604,0.55721,0.83582,0,0.1592,0.053068,4.869,0,2.7463,1.141,0.053068,0,0.14594,0.053068,0,2.2289,0,7.0182,0,0.65008,0.79602,2.534,1.5788,0.18574,0.37148,0.33167,0.65008,1.5655,4.126
0.11348,0,0,1.0118,3.7163,4.1135,0.094563,0,0.52955,0.32151,0.37825,0.54846,0,0.07565,0,5.2577,0,2.6383,0.42553,0.4539,0,0.1513,0.037825,0,1.5225,0,6.0615,0,0.22695,0.16076,1.6832,0.6052,0.0094563,0.27423,0.28369,0.67139,2.5248,2.0236
0.73563,0,0,1.4713,1.5632,4.1773,0.065681,0,0.98522,0.53859,0.35468,0.61741,0,0.13136,0.10509,5.5435,0,3.179,0.98522,0.052545,0,0.13136,0,0,1.5369,0,6.2923,0,0.18391,0.85386,1.4844,0.93268,0.30213,0.84072,0.56486,0.45977,3.3366,4.1905
0.19692,0,0,2.1662,1.0421,4.2585,0.098462,0.0082051,0.13949,0.68103,0.52513,0.36103,0,0.0082051,0,4.8492,0,1.9692,0.67282,0.13128,0,0.0082051,0.22154,0,2.1087,0,7.3764,0.065641,0.32,0.97641,2.0923,0.76308,0.24615,0.82872,0.62359,3.3723,8.0656,4.9395
1.7689,0.079503,0,1.3217,0.82484,3.4683,0.41739,0,1.2422,0.70559,0.33789,0.54658,0,0.14907,0.039752,2.8621,0,2.405,0.61615,0,0,0.0099379,0.089441,0,1.6199,0,6.0323,0.039752,0.16894,0.48696,2.3851,1.5404,0.22857,0.64596,0.34783,0.61615,2.2261,3.8261
0.051447,0,0,1.074,0.72026,2.6367,0.07074,0,0.26367,0.30225,0.23151,0.21222,0,0.10289,0,1.8135,0,1.2026,0.76527,0,0,0.032154,0.057878,0.051447,1.3055,0,3.6977,0.025723,0.07074,0.41801,1.0161,0.37942,0.064309,0.27653,0.19936,0.32154,1.8842,1.9035
0.25212,0,0,1.4739,2.2691,14.739,0.077576,0,0.64,1.4545,0.52364,0.89212,0,0.23273,0,4.4024,0,3.103,12.335,0.3103,0,0,0.13576,0,2.5406,0,12.335,0,0.25212,1.2412,2.1333,1.5321,0.17455,0.54303,0.40727,0.44606,1.2024,4.7515
0,0,0,1.1983,1.1318,18.929,0,0.19972,3.0402,2.2857,0.39945,0.39945,0,0.19972,0,1.3315,0,2.7739,5.3481,0,0,0,0.17753,0,0.48821,0,27.983,0,0.97642,0.44383,3.2399,3.129,0,9.0541,4.1054,21.259,8.4771,2.552
0,0,0,0.89922,2.6202,13.69,0.046512,0.12403,1.938,0.88372,0.44961,0.7907,0.062016,0.24806,0,4.4031,0,2.6822,1.5969,0,0,0.046512,0.062016,0,0.20155,0,8.7907,0,0.12403,0.60465,1.5504,2.0155,0.093023,1.4574,0.60465,5.5659,0.77519,1.7984
0.085837,0,0,0,0.92704,2.1631,0,0,0.025751,0.034335,0.025751,0.077253,0,0.13734,0,1.5107,0,0.95279,0.63519,0,0,0.25751,0,0,0.24034,0,18.155,0,0,0.57511,6.309,0.45494,0.15451,0.33476,0.80687,0.042918,0.15451,0.69528
0,0,0,0,59.422,35.007,0,0,0.17952,0,0,0.89762,0,0,0,6.8219,0,7.2707,0,0,0,0,0,0,8.0785,0,89.941,0,0,0.89762,3.2314,2.5133,0.089762,0.35905,2.5133,5.4755,0.17952,0.53857
0.061538,0,0,0,23.2,21.231,0,0,0.24615,0,0,0.8,0,0.43077,0,8.1846,0,1.8462,0.061538,0,0,0,0,0,13.908,0,66.708,0,0,0.12308,0.24615,1.3538,0.061538,0.61538,2.5846,0,0,1.1692
0,0,0,0,762.78,66.612,0,0,3.9184,0,0,2.6122,0,0,0,234.45,0,1.6327,0,0,0,0,0,0,10.776,0,705.31,0,0,0,6.5306,7.8367,0,103.51,22.857,0,2.6122,0
0,0,0,0,192.89,64.593,0,0,5.037,0,0,0.14815,4.7407,0.2963,0,5.9259,0,1.1852,0,0,0,0,0,0,3.5556,0,480.44,0,0,0.88889,8.5926,0.59259,1.1852,19.407,9.4815,2.3704,0,29.333
0.4,0,0,0,316.4,76.4,0,0,4.4,0,0,3.6,0,3.6,0,52.8,0,15.2,0,0,0,0,0,0,18.4,0,506,0,0,4,6,4,0,5.6,14.8,0.8,0,8
0,0,0,0,166.82,22.122,0,0,1.3913,0,0.13913,0,0.27826,0,0,4.5913,0,0,0,0,0,0,0,0,0.55652,0,221.08,0,0,0.27826,2.5043,2.9217,0.13913,1.9478,3.3391,0,0,31.026
0,0,0,0,30.31,16.864,0,0,0.75117,0,0,0.4507,0,0.15023,0,1.4648,0,2.7042,0,0,0,0,0,0,7.1362,0,199.1,0,0,2.4413,8.4507,0.18779,1.5399,34.516,3.1174,0,0,2.4038
0.012403,0,0,0,2.2233,2.6341,0,0,0,0,0,0.0015504,0,0,0,0.032558,0,0.44651,0,0,0,0,0,0,0.026357,0,13.163,0,0,0.026357,0.95659,0.024806,0,1.0574,0.2093,0.086822,0,0.21085
14.476,0,0,0,15.714,416.67,0,0,4.7619,0.7619,0,0.095238,1.5238,0,0,0.095238,0,0.7619,0,0,0,0,0.7619,0,4,0,276.48,0,0,1.2381,0.095238,5.7143,0,10.19,5.2381,0,0,6.1905
16.077,0,0,0,189.62,326,0,0,8.6154,0,0,0,2.4615,0,0,0,0,0,1.2308,0,0,0,0,0,42.154,0,921.38,0,0,2.4615,34.769,2.6923,1.3077,13.615,21.077,0.076923,0,101.23
0,0,0,0,52.703,40.835,0,0,1.7802,0,0,0,0,0.35165,0,0.72527,0,8.0879,0.35165,0,0,0,0,0,5.7582,0,476.84,0,0,0.043956,3.6484,0.3956,1.4066,2.1099,3.6703,0.35165,0,8.2198
0.083045,0,0,0,5.7647,9.5848,0,0,0.69204,0,0,0.15917,0,0.048443,0,0.78893,0,0,0,0,0,0,0,0,0.4083,0,20.256,0,0,0.14533,0.20761,0.055363,0.0069204,0.083045,0.16609,0,0,0.609
0,0,0,0,55.076,155.81,0,0,1.282,0,0,1.2327,0.39445,0,0,20.61,0,9.9599,0,0,0,0,0,0,2.7612,0,286.77,0,1.5778,4.9307,17.455,0.64099,4.3883,32.444,13.658,23.716,0,11.291
0,0,0,0,21.676,50.48,0,0,2.0574,0,0,0.36739,0,0.36739,0,15.21,0,2.9392,0,0,0,0,0,0,6.9805,0,277.53,0,0,9.9931,5.9518,0.88175,3.2331,8.6705,6.0987,3.527,0.29392,6.9805
0.71111,0,0,0,240,292.62,0,0,4.2667,0,0,9.9556,0,2.4889,0,50.844,0,14.933,0,0,0,0,0,0,12.444,0,262.4,0,0,22.756,21.333,2.1333,1.4222,4.2667,7.4667,57.956,0,18.489
