0,0,0,0,0,0,0,0,0.10873,0,0,0,0,0,0,0,0,0,0,0,0,0,0.10873,0,0,0,0,0,0,0,0,0,0,0,0,0,0,0,0,0,26.855,0.54363,0,0,0,1.8483,0.10873,10.981,0,0.21745,0.32618,0.10873,1.5222,0,0,0,0,0,0,1.6309,0,0,0,0,0,0,0,25.333,0.21745,1.4134,1.6309,0,0,0,3.2618,0,0,0,0.21745,0,0,0.21745,0,0,0,0,0,0,0,0,0,0,1.0873,0,0.10873,0,0,0,0,0,0,0,0,0,0,0,0,0,0,0,0,0,0,0,0,0,0,0,0,0,0,0.10873,0,0.21745,0,0,0,0,0,0,0,0,0,0,0,0,0,0,0,0,0,0,0,0,0,0,0,0,0,0,0,0,0,0,0.10873,0,0,0.10873,5.0014,0.10873,0,0,0.32618,0,0,0,0,0,0,0.32618,0,0,0
0,0,0,0,0,0.17668,0,0,0,0,0,0,0,0,0,0,0,0,0,0,0,0,0.17668,0,0,0,0,0,0,0,0,0,0,0.088339,0,0,0,0,0,0,2.7385,0.35336,0,0,0,1.5018,0.26502,0,0,0,0.17668,0,0,0,0,0,0,0,0,0.35336,0,0,0,0,0,0,0,0.88339,0.17668,0,0.088339,0,0,0,0.088339,0,0,0,0.26502,0,0,0.088339,0,0,0,0,0.088339,0,0,0.088339,0,0.088339,0,0,0.4417,0,0,0,0,0,0,0,0.088339,0,0,0,0,0,0,0,0.088339,1.0601,0.35336,1.5018,0.26502,0,0.26502,0,0.088339,0.088339,0,0,0.088339,0.088339,0,0,0,0,0,0.088339,0,0,0,0,0,0,0,0,0,0,0,0,0,0,0,0,0,0,0,0,0,0,0,0,0,0,0,0,0.17668,0.26502,0,0,0.17668,0,0,0,0,0,0,0,0,0,0
0,0.60861,0.064064,0,0,0.60861,1.2172,0.22422,0.032032,0,0,0,0,0,0,0,0.032032,0.032032,0,0.7047,0.032032,4.997,0.22422,0,0,0,0,0,0,0,0.096096,0,0,0,0,0,0.032032,0,0,0,5.3173,0.12813,0,0,0.032032,0.73674,0,0.096096,0,0.38438,0.096096,0.16016,2.2102,0.064064,0,0,0,0,0.51251,1.5055,0,0,0.25626,0,1.4094,0,0.064064,0.48048,0.41642,0.28829,0.60861,0,0.032032,0.064064,1.7297,0,0,0.032032,0.19219,0,0.096096,1.5375,0.032032,0.096096,0,0.096096,0.096096,0,0.16016,0.28829,0,0.096096,0.12813,0,0,0,0,0,0,0,0,0,0,0,0,0,0,0,0,0.064064,0.096096,0,0,0,0,0,0.032032,0,0,0.032032,0,0,0,0.096096,0,0,0,0,0,0.16016,0,0,0.096096,0,0,0,0,0,0,0,0,0,0,0,0,0,0,0,0,0,0,0,0,0,0.22422,0,0,0.38438,3.2673,0.096096,0,0,0.032032,0.096096,0,0,0,0,0,0.064064,0,0,0
0,1.6961,0.22615,0.056537,0,2.0919,2.6007,3.8445,0,0,0,0,0.33922,0.22615,0,0.22615,0,0,0.056537,3.4488,0.056537,24.933,0.4523,0,0,0.056537,0,0,0,0,0.39576,0,0,0,0,0,0.16961,0,0,0.056537,17.64,1.1307,0,0,0,2.6007,0.056537,0,0,1.8092,0.16961,0.11307,6.7279,0.22615,0,0,0,0,12.325,3.5053,0,0,0.90459,0,2.8269,0.28269,0,1.9788,1.8092,0.84806,1.5265,0,0,0.22615,3.1661,0,0,0.11307,1.0742,0,0.056537,7.2367,0.22615,1.1307,0,0.28269,0.056537,0,0.28269,4.2403,0,0.56537,1.3569,0,0.22615,0,0,0,0,0,0,0,0.4523,0,0,0,0,0.4523,0.22615,0,0.50883,0,0,0,0,0,0.11307,0,0.33922,1.1307,0,0.056537,0.22615,0.11307,0,0.22615,0,0,0,0.22615,0,0,0,0,0.22615,0,0,0.4523,0,0,0,0,0,0,0,0,0,0.79152,2.2049,0,0,0,0,0,1.0177,0.73498,0,0.79152,11.534,0.56537,0,0,0.22615,0,0,0,0,0.22615,0,0.22615,0,0,0
0,4.2968,0,0,0,1.1307,0.90459,3.8445,1.8092,0,0,0,2.0353,0,0,0,0.22615,0,0.67845,0,0,68.297,2.9399,0,0,0,0,0,0,0,0,0,0,0,0,0,1.1307,0,0,0,51.562,5.6537,0,0,1.3569,10.629,0,0.22615,0,1.3569,0.4523,0.90459,20.353,0,0,0,0,0,13.795,11.307,0,0,5.8799,0,10.403,0.22615,0.22615,15.152,1.583,0.22615,4.0707,0,0,0,27.59,0,0,0.90459,0.4523,0,2.0353,4.523,0,0.90459,0,1.1307,0,0,2.0353,8.1413,0.4523,2.7138,0.22615,0,0.22615,0,0,0,0,0,0,0,0.22615,0,0,0,0.4523,0,0,0,0.4523,0,0,0,0,0,0.90459,0,0.22615,2.0353,0,0,0,0.90459,0,1.1307,0.22615,0,0,0,0,0,0,0,0,0.22615,0,0,0,0,0,0,0,0,0,0,0.22615,1.583,3.6184,0,0,0,0,0,3.6184,0,0,2.2615,4.2968,0.22615,0,0,0,0.22615,0,0,0,0,0,0.90459,0,0,0.22615
0,3.4346,0,0.84806,0,0,0,3.1378,0.18375,0,0,0,0,0,0.056537,0,0.056537,0,0.28269,0.69258,0,0.40989,0.35336,0,0,0.18375,0,0,0,0,0,0,0,0,0,0,0.35336,0,0,0,7.4064,0.22615,0,0,2.8975,3.0389,0.070671,0.056537,0.056537,0.19788,1.0459,0.25442,5.9223,0.11307,0.056537,0,0,0,0.62191,7.3922,0,0,1.894,0,0.77739,0.21201,0,0.70671,0.66431,0,1.1731,0,0,0.056537,4.6219,0.28269,0.014134,0.4523,0.48057,0,0,1.9788,0.16961,0.4523,0,0.24028,0,0,0.12721,3.788,0.014134,0.91873,0.15548,0.014134,0.48057,0,0,0,0,0,0,0,0.014134,0,0.056537,0,0,0,0,0.056537,0,0,0,0,0,0,0.028269,0,0.056537,0.43816,0,0,0,0,0,0.056537,0.070671,0,0,0.09894,0,0,0,0,0,0,0,0,0,0,0,0.014134,0,0,0,0,0,0.11307,0.35336,0,0,0,0,0.014134,1.3286,0,0,1.3428,0.52297,0,0,0,0,0,0.35336,0,0,0,0,0.056537,0,0.070671,0
0,0.0084008,0,0.0016002,0,0.021602,0.0016002,0.0016002,0,0,0,0,0.0032003,0,0,0.00040004,0.0016002,0,0,0.0064006,0,0,0.0016002,0,0,0.00040004,0,0,0,0,0,0,0,0,0,0,0.011201,0,0,0,0.46605,0.026403,0,0,0.0072007,0.032403,0.0052005,0.018002,0,0,0.024402,0.014401,0.046405,0,0,0,0,0,0,0.036404,0,0,0.013201,0,0.0020002,0,0,0.047205,0.0068007,0.0024002,0.020802,0,0,0,0.023202,0,0,0,0.0016002,0,0,0.0076008,0,0.0020002,0,0.0036004,0,0,0.00040004,0.0016002,0,0,0,0,0,0,0.0016002,0,0,0,0,0,0,0,0,0,0,0,0,0,0,0,0,0,0,0,0,0,0.0016002,0.0020002,0,0,0,0.0032003,0,0,0,0,0.00040004,0.0028003,0,0,0,0,0,0,0,0.00040004,0,0,0.0084008,0,0,0,0,0,0.00040004,0.0020002,0.0016002,0,0,0,0,0,0.0064006,0.00040004,0,0.056806,0.031203,0.0032003,0,0,0,0.009601,0,0,0,0,0,0,0,0,0
0,0.80767,0.080767,0.080767,0.080767,1.8576,0,0.40384,0,0,0,0,0,0,0.080767,0.080767,0.40384,0,0.2423,0.4846,0,0,0.88844,0,0,0.16153,0,0,0,0,0,0,0,0,0,0,0.40384,0,0,0,16.638,1.05,0,0,2.3423,2.5846,0.64614,0.080767,0,0.080767,1.6153,1.373,3.5538,0.40384,0,0,0,0,5.0883,5.5729,0.16153,0,7.5114,0,1.05,0.080767,0,1.4538,0.56537,0.88844,0.80767,0,0,0,7.5114,0.2423,0,0,0.80767,0.080767,0.080767,2.9884,0,0.32307,0,0.4846,0,0,0,0.4846,0,0,0.16153,0,0,0,0,0,0,0,0,0,0,0,0,0,0.080767,0,0,0,0.080767,0,0,0,0,0,0.080767,0.080767,0,0.2423,0,0,0,0.080767,0,0,0.2423,0,0,0,0,0,0,0,0,0,0,0,0,0,0,0,0,0,0,0,0,0,0,0,0,0,0,0.080767,0.56537,0,0,0.88844,4.4422,0.40384,0,0,0.16153,0,0,0,0,0,0,0,0,0,0.080767
0,0.82236,0.61677,0.51397,0,1.0279,0,0.10279,0,0,0,0,0,0,0.10279,0,0.20559,0,0,2.5699,0,0,0.30838,0,0,0.10279,0.10279,0,0,0,0,0,0,0,0,0.10279,0.10279,0,0,0,16.139,0.41118,0,0,10.485,1.6447,0.41118,0,0,0.30838,0.82236,0.10279,6.5789,0.51397,0,0,0.10279,0,6.2705,6.3733,0.20559,0,5.2425,0,1.2335,0.20559,0,1.3363,1.1307,1.0279,0.82236,0,0,0,7.2984,0.20559,0,0,0.51397,0,0,2.6727,0.10279,0.30838,0,0,0,0,0.51397,1.3363,0,0,0.10279,0,0,0,0,0,0,0,0,0,0,0,0,0,0,0,0,0,0.20559,0,0,0,0,0,0.30838,0.10279,0.41118,0.30838,0,0,0.10279,0.10279,0,0,0,0,0,0.30838,0,0,0.10279,0,0,0,0,0.10279,0,0,0,0,0,0,0,0,0,0.10279,0,0,0.10279,0,0,0,0.82236,0,0,0.41118,3.9062,0.30838,0,0,0.61677,0,0,0,0,0,0,0.30838,0,0,0
0,0.56537,0.60777,0.56537,0.014134,0.97527,0,2.1484,0,0,0,0,0,0.056537,0,0.014134,0.056537,0.014134,0.24028,0.79152,0,0.12721,0.028269,0,0,0,0,0,0,0,0,0,0,0,0,0,0.73498,0,0,0,10.318,0.014134,0,0,2.0636,0.947,0.18375,0,0,0.014134,1.3004,0.70671,2.7138,0.4523,0,0,0,0,1.3852,8.947,0,0,2.2191,0,1.3852,0.014134,0,0.52297,0.81979,0.11307,0.65018,0,0,0,3.4629,0,0,0.11307,0.25442,0.014134,0,3.3781,0.028269,0.18375,0,0.14134,0,0,1.9929,2.9541,0,0.83392,0.12721,0,0.09894,0,0,0,0,0,0,0.014134,0.070671,0,0,0,0,0.014134,0,0.014134,0.042403,0,0,0,0,0,0.57951,0.12721,0.69258,0.29682,0,0.26855,0.11307,0.36749,0,0,0.12721,0,0,0,0,0,0.11307,0,0,0,0.014134,0,0,0,0,0,0,0,0,0,0,0,0,0,0,0,0,0,1.0177,0,0,0.4523,1.9505,0.48057,0,0,0.25442,0,0,0,0,0,0,0.11307,0,0,0
0,0.11307,0.22615,0.67845,0,0.50883,0,1.0742,0,0,0,0,0,0.11307,0,0,0.056537,0.11307,0,0.39576,0.056537,0.16961,0.56537,0,0,0,0,0,0,0,0,0,0,0,0,0,0.16961,0,0,0,19.336,0.4523,0,0,2.6007,0.73498,0.4523,0.11307,0,0.16961,1.1873,0.84806,11.081,0.73498,0,0,0,0,1.1873,7.5194,0.11307,0.11307,4.2403,0,2.8834,0,0,1.8092,0.73498,1.6961,0.62191,0,0,0,5.0883,0.11307,0,0.22615,0.90459,0.056537,0,2.8834,0.056537,0.16961,0,0,0.056537,0,0.33922,2.0919,0,0.39576,0.22615,0,0.16961,0,0,0,0,0,0,0,0.11307,0,0,0,0.056537,0,0,0,0.16961,0,0,0,0,0,0.11307,0,0.28269,0.39576,0,0,0,0.11307,0,0.11307,0,0,0,0.056537,0,0,0,0,0,0,0,0,0,0,0.22615,0,0,0,0,0,0,0,0.11307,0,0,0,0,0,0.90459,0,0,0.33922,3.3922,0.22615,0,0,0.67845,0,0,0,0,0.11307,0,0,0,0,0
0,2.1201,1.5548,12.58,0,0.70671,3.2509,30.53,0.56537,0,0,0,0,0.56537,0,0.28269,0.28269,0,0.56537,0.42403,0,0,3.2509,0,0,0.42403,0,0,0,0,0,0,0,0,0,0.9894,0.70671,0,0,0.14134,31.237,4.3816,0,0,15.265,1.2721,1.6961,0.28269,0,0,3.1095,1.1307,22.473,1.8375,0,0,0.42403,0,1.4134,21.201,0,0,40.283,0,14.982,0.28269,0,5.2297,1.6961,0.9894,2.6855,0.14134,0,0.28269,22.332,0,0,0.28269,1.2721,0,0,8.0565,0,1.1307,0,0,0.14134,0,1.2721,7.6325,0.28269,0.84806,0.70671,0,0.28269,0,0,0,0,0,0,0,0,0,0,0,0,0,0,0.28269,0.42403,0,0,0,0,0,1.1307,0.14134,0.56537,1.2721,0,0.56537,0.28269,0.84806,0,0,0.14134,0,0,0,0,0,0.56537,0,0,0,0,0.42403,0,0,0,0,0,0,0,0,0,0,0,0,0,0,0,0,6.5018,0.14134,0,0,5.6537,0.56537,0,0,0.14134,0,0,0,0,1.1307,0,0.84806,0,0,0
0,1.3004,1.5265,14.643,0.056537,3.6184,2.6572,0.73498,0.22615,0,0,0,0.056537,0.22615,0,0,0.28269,0.22615,0.73498,0.11307,0,0,2.7138,0.056537,0,0,0,0,0.22615,0,0,0,0,0,0,0.4523,0.73498,0,0,0,27.138,3.8445,0,0,24.65,5.7668,0.50883,0.056537,0,0.28269,2.318,0.96113,10.007,1.3004,0,0,0,0,2.318,7.8021,0,0,11.703,0,2.8834,0.22615,0,1.583,2.1484,1.3569,1.583,0,0,0,8.0848,0,0,0.056537,0.90459,0,0,3.1661,0.056537,0.50883,0,0.22615,0.056537,0,0.22615,0.56537,0.056537,0.22615,0.056537,0,0,0,0,0,0,0.056537,0,0,0.22615,0,0,0.22615,0,0,0,0,0.28269,0,0,0,0,0,0.67845,0.4523,1.1307,0.90459,0,0.056537,0.22615,0.28269,0,0,0,0,0,0,0,0,0.73498,0,0.22615,0,0,0.22615,0,0,0,0,0,0,0,0,0,0.22615,0.22615,0,0,0,0,0,3.3922,0,0.056537,0.39576,7.1237,0.22615,0,0,1.6396,0,0.22615,0,0,0.39576,0,0.28269,0,0,0
0,3.1661,0,1.9223,0.11307,3.2792,4.2968,1.8092,0,0,0,0,0,0.11307,0,0,0,0.11307,0,0,0,2.0353,1.1307,0,0,0,0,0,0,0,0,0,0,0,0,0,1.8092,0,0,0,33.922,0.11307,0,0,5.7668,3.1661,0.56537,0,0,0,6.5583,0.79152,8.4806,1.2438,0,0,0,0,5.0883,13.004,0,0,3.5053,0,0.67845,0.11307,0,5.8799,0.4523,0.4523,1.8092,0,0,0,5.6537,0,0,0,0.22615,0,0,5.7668,0.33922,0.4523,0,0,0,0,0.56537,3.053,0.4523,0.79152,0.90459,0,0,0,0,0,0,0,0,0,0.33922,0,0,0,0,0,0,0,0,0,0,0,0,0,0,0,0.33922,0.22615,0,0,0,0.33922,0,0.11307,0,0,0,0.22615,0,0,1.47,0,0.22615,1.0177,0,1.47,0,0,0.33922,0,0,0,0,0,0,0.4523,0.22615,0,0,0,0,0,2.9399,0,0,1.1307,6.3322,0.22615,0,0,0.22615,0,0.11307,0,0,0,0,0,0,0,0
0,2.4876,0.50883,2.2615,0.22615,0.056537,4.7491,0.56537,0,0,0,0,0.67845,0.056537,0,0.056537,0,0,0.056537,0,0,0.22615,0.28269,0,0,0.056537,0,0,0,0,0,0,0,0.056537,0,0,0.90459,0,0,0.22615,11.873,0.056537,0,0,2.0353,2.9399,0,0,0,0.11307,0.96113,1.5265,5.3145,0.22615,0,0,0,0,0,10.968,0.056537,0,1.6961,0,1.0177,0,0,2.5442,1.8657,0.96113,1.3569,0,0,0,4.2403,0.4523,0,0,0.22615,0,0,5.4276,0.33922,0.67845,0,0.056537,0,0,0.90459,2.318,0.4523,1.4134,0.50883,0,0.28269,0.056537,0,0,0,0,0,0.056537,0.67845,0,0,0,0,0,0,0,0,0,0,0,0,0,0.11307,0,0.67845,0.28269,0,0,0,0.056537,0,0,0.11307,0,0.056537,1.3569,0,0,0.11307,0,0,0,0,0,0,0.056537,0,0,0,0,0,0,0,0.50883,0,0,0.056537,0,0,0,1.1307,0,0,0,9.0459,0.50883,0,0,0.11307,0,0.22615,0,0,0,0,0.67845,0,0,0.50883
0,0.009601,0,0.010001,0,0.0068007,0.0036004,0.016002,0,0,0,0,0,0.0040004,0.00040004,0,0,0,0.00040004,0.0032003,0,0,0.00040004,0,0,0.00080008,0,0,0,0,0,0,0,0,0,0,0.0032003,0,0,0,0.13201,0,0,0,0.092009,0.0060006,0,0,0,0,0.021202,0.011201,0.039204,0.0036004,0,0,0,0,0.0032003,0.13721,0.0032003,0,0.019202,0,0.0072007,0,0,0.019202,0.009601,0.0044004,0.010401,0,0,0,0.056006,0,0,0.0032003,0.010801,0,0,0.035604,0,0.0080008,0,0.0036004,0,0,0.019602,0.014801,0.0068007,0,0.0032003,0,0,0.0032003,0,0,0,0,0.0032003,0,0.0032003,0,0,0,0,0,0,0,0,0,0,0,0,0,0.0036004,0,0.0076008,0.00080008,0,0.00040004,0.0032003,0.0032003,0,0.00040004,0.0032003,0,0,0.0032003,0,0,0.0032003,0,0,0,0,0,0,0,0,0,0,0,0,0,0,0,0,0,0.00040004,0,0,0,0.0040004,0,0,0.0032003,0.0064006,0.0068007,0,0,0,0,0.0036004,0,0,0.0032003,0,0,0,0,0.0032003
0,0.96113,0.11307,1.47,0,2.2898,0.14134,0.22615,0,0.11307,0,0,0.11307,0,0.028269,0,0.14134,0.14134,0,0,0,0,0.028269,0,0,0,0,0,0,0,0,0,0,0,0,0,0.11307,0,0,0,12.466,0.11307,0,0,6.7279,2.0353,0.25442,0,0,0.16961,1.0742,0.42403,5.7951,0.28269,0,0,0,0,0,5.3993,0.11307,0.028269,1.8092,0,0.33922,0.028269,0,1.2721,0.76325,0.70671,1.1025,0,0,0,5.0035,0.22615,0,0.11307,0.36749,0,0,1.9223,0.056537,0.19788,0,0.028269,0,0,1.0177,0.96113,0,0.22615,0.36749,0,0.11307,0,0,0,0,0.056537,0,0,0.028269,0,0.11307,0,0,0,0,0,0.028269,0,0,0,0,0,0.11307,0,0.62191,0.19788,0,0,0,0.028269,0,0,0,0,0,0.028269,0,0,0,0,0,0,0,0,0,0,0,0,0,0,0,0,0,0.11307,0,0,0,0,0,0,1.9223,0,0,0.11307,2.5159,0.11307,0,0,0.028269,0,0.11307,0.11307,0,0,0,0.028269,0,0,0.11307
0,0.82236,0,3.495,0,1.2335,1.0279,0.41118,0,0,0,0,0,0.20559,0,0,0,0,0.61677,0.20559,0,0,0.61677,0,0,0,0,0,0,0,0,0,0,0,0,0.20559,0.61677,0,0,0,28.783,0.82236,0,0,25.904,3.7006,0.41118,0,0,0.20559,2.8783,0.61677,15.419,1.4391,0,0,0,0,1.4391,9.8683,0,0,7.8124,0,1.0279,0.20559,0.41118,2.2615,0.20559,0.41118,1.4391,0,0,0,9.4571,0,0,0.20559,0,0,0,4.3174,0.20559,0.20559,0,0.20559,0,0,0.20559,0.20559,0,0,0.41118,0,0,0,0,0,0,0,0,0,0,0,0,0,0,0,0.20559,0,0,0,0,0,0,0,0.20559,0.20559,0.61677,0.20559,0,0,0,0.20559,0,0,0,0,0,0,0,0,0.20559,0,0,0,0,0.41118,0,0,0,0,0,0,0,0,0,0.61677,0,0,0,0,0,0,7.4012,0.20559,0,0.61677,2.6727,0.41118,0,0,0.61677,0.20559,0,0.20559,0,0.41118,0,0.41118,0,0,0
0,1.0279,0.20559,0.82236,0.20559,1.6447,0.82236,0.82236,0,0,0,0,0.41118,0.20559,0,0,0,0,0.82236,0,0,0,0.20559,0.20559,0,0,0,0,0,0,0,0,0,0,0,0,0,0,0,0,8.2236,0.41118,0,0,15.008,0.20559,0,0,0,0,1.0279,0.61677,7.8124,0,0,0,0,0,0.20559,7.8124,0,0,3.495,0,0.41118,0.61677,0,2.8783,0.82236,0.41118,1.2335,0,0,0,4.9341,0.20559,0,0,0.20559,0,0,2.4671,0.41118,0.20559,0,0,0,0,0.41118,1.2335,0,0.82236,1.0279,0,0,0,0.20559,0,0,0.41118,0,0,0.41118,0,0,0,0,0,0,0,0,0,0,0,0,0,0,0,0.61677,0.20559,0,0,0,0.61677,0,0.20559,0,0,0,0,0,0,0.20559,0,0,0,0,0,0,0,0,0,0,0,0,0,0,0.20559,0,0,0,0,0,0,0.61677,0,0,0.20559,3.9062,0.41118,0,0,0,0,0,0,0,0.20559,0,0,0,0,0
0,0.0074488,0,0.28305,0,0,0,0.16387,0.014898,0,0,0,0,0.029795,0,0.014898,0.044693,0.13408,0.044693,0,0,0,0.029795,0,0,0.022346,0,0,0,0,0,0,0,0,0.0074488,0,0.014898,0,0,0,2.6741,0.96834,0,0,0.42458,0.23091,0.16387,0,0,0.037244,0.089385,0,1.6387,0.081937,0,0,0,0.3054,0.014898,0.80447,0.014898,0,0.70764,0,0.24581,0.11173,0.29795,0.45438,0.037244,0.22346,0.26071,0,0,0,0.53631,0,0,0.014898,0.081937,0,0,0.73743,0.029795,0.074488,0,0.067039,0,0,0.14153,1.3333,0.089385,0.26071,0.26816,0,0.11918,0,0,0,0,0.014898,0,0,0.052142,0,0,0,0,0,0,0,0.0074488,0,0,0,0,0,0.044693,0.014898,0.052142,0.10428,0,0,0.052142,0.096834,0,0.096834,0.081937,0,0,0.0074488,0,0,0.11173,0,0,0.096834,0,0.0074488,0,0,0.029795,0,0,0,0,0,0.022346,0.11918,0.11173,0.037244,0,0,0,0,1.5345,0,0,0.037244,1.1695,0.096834,0,0,0,0,0.05959,0,0,0.029795,0,0.014898,0,0,0
0,0.0024002,0,0.020802,0,0.0040004,0.00080008,0.012001,0.0024002,0,0,0,0.0032003,0,0.0016002,0.00080008,0.0072007,0.00080008,0.0024002,0,0,0,0.0072007,0,0,0.0032003,0,0,0,0,0,0,0,0.00080008,0.00080008,0,0.0048005,0,0,0,0.29843,0.023202,0,0,0.063206,0.022402,0.017602,0.010401,0,0.0040004,0.024002,0.0024002,0.16642,0.0080008,0,0,0,0.0056006,0.0016002,0.13361,0.0016002,0,0.067207,0,0.039204,0.024802,0.024002,0.027203,0.011201,0.016802,0.011201,0,0,0,0.084008,0,0,0.00080008,0.010401,0,0.0016002,0.12721,0.0032003,0.013601,0,0.0064006,0,0,0.0048005,0.044804,0.00080008,0.014401,0.035204,0,0.00080008,0,0,0,0,0.00080008,0,0,0.0040004,0,0,0,0,0,0,0,0.0016002,0,0,0,0,0,0.0016002,0.0032003,0.0088009,0.022402,0,0,0,0.0016002,0.0016002,0.015202,0.0048005,0,0,0.0056006,0,0,0.016002,0,0.00080008,0,0,0.00080008,0,0,0,0,0,0,0,0,0.00080008,0.0016002,0.0056006,0,0,0,0,0,0.012801,0,0,0.009601,0.078408,0.0040004,0,0,0,0,0.0016002,0,0,0,0,0,0,0,0
0,2.0192,0,0.32307,0,0.40384,0.56537,1.9384,0.080767,0,0,0,0,0.32307,0,0,0.32307,0,0.080767,0,0,0,2.7461,0,0,0.40384,0,0,0.080767,0,0,0,0,0.32307,0.96921,0,0.56537,0,0,0,61.545,0.88844,0,0,16.719,3.0692,2.9076,0.72691,0,0.40384,4.523,0.40384,19.626,1.05,0,0,0.32307,0,0,24.715,0,0,5.2499,0,8.8844,1.5346,0.80767,5.3306,0.96921,0.96921,4.2807,0,0,0.40384,5.8152,0,0,0.16153,0.80767,0,0,24.472,0.72691,5.3306,0,0.40384,0,0,0.2423,4.3614,0,3.2307,1.6153,0,0.40384,0,0.080767,0,0,0,0,0,0,0,0,0,0,0,0,0,0.32307,0,0,0,0,0,0.32307,0,0.72691,0.32307,0,0,0,0.40384,0,0,0,0,0,0.64614,0,0,0,0,0.080767,0.080767,0,0,0,0,0,0,0,0,0,0,0,0.40384,0,0,0,0,0,0.32307,0.80767,0,0,0.4846,16.234,0.32307,0,0,0,0.32307,0,0,0,0,0,0,0,0,0
0,0.10873,0,0.65235,0,0,0.027181,0.78826,0,0,0,0,0,0,0,0,0.054363,0,0.13591,0,0,0,0.57081,0,0,0.13591,0,0,0,0,0.13591,0.10873,0,0,0,0,0.97853,0.027181,0,0,26.176,0.027181,0,0,0.67953,0.46208,3.6423,0,0,0.32618,4.7024,0,5.2188,0.35336,0,0,0.13591,0.027181,0,3.2074,0,0,1.6852,0,16.39,0.27181,0.21745,1.3862,0.24463,0.92416,3.4248,0,0,0.027181,3.4248,0.16309,0,0.21745,0.97853,0,0.21745,3.1258,0.10873,0.35336,0,0.054363,0.10873,0,0.32618,1.2503,0,0.89698,0.95135,0,0.13591,0,0.027181,0,0,0,0,0,0,0,0,0,0,0.027181,0,0,0.027181,0,0,0,0,0,0,0,0.21745,0.19027,0,0,0.027181,0.027181,0,0.13591,0.027181,0,0,0.027181,0,0,0.10873,0,0,0.32618,0,0.027181,0,0,0,0,0,0,0,0,0,0.97853,0.027181,0,0,0,0,0,2.392,0,0,1.3047,4.7295,0.13591,0,0,0.10873,0.54363,0.24463,0,0,0,0,0.10873,0,0,0
0,5.8328,1.3378,2.194,0.16054,2.408,1.2843,0.48161,0.42809,0,0,0.053512,0,0.53512,0,0.48161,0.42809,0,0.21405,1.6054,0,2.087,1.3378,0,0,0.9097,0,0,0,0,0,0,0,0,0,0,0.9097,0,0,0,58.916,0,0,0,0,5.4047,0,0.053512,0,6.8495,14.127,0,10.756,0,0,0,0,0.42809,0.96321,5.0836,0,0,2.1405,0,19.639,1.3378,1.0702,3.1037,0.74916,0.42809,4.0134,0,0,0,7.0635,0.10702,0.42809,0.10702,0.053512,0,0.053512,4.8161,1.7124,0,0,0.48161,0.10702,0,0,4.1739,0.053512,5.3512,0.74916,0,0.42809,0,0,0,0,0,0,0,0,0,0,0,0,0,0,0.85619,0,0.42809,0,0,0,0,0.42809,0,0.42809,0.48161,0.85619,0,0,2.2475,0,0,0,0,0,1.9264,0,0,1.0167,0,0.42809,0.053512,0,0.053512,0,0,0.48161,0,0,0,0,0,0,0,0,0,0,0,0,0,3.5318,0,0,2.301,10.328,1.3378,0,0,0,2.5686,0,0,0,0,0,0.053512,0.053512,0,0
0,0.01476,0.04428,0.11808,0,0.088561,0,0.059041,0,0,0,0,0,0,0,0,0.059041,0,0.02952,0.01476,0,0,0,0,0.02952,0.10332,0,0,0,0,0,0,0,0,0,0.059041,0.01476,0,0,0,6.9963,0,0,0,0,0.11808,0.02952,0.01476,0,0.67897,1.6236,0.04428,2.8339,0,0,0,0.02952,0.02952,0.11808,0.67897,0,0,0.35424,0,1.9041,0.01476,0,0.28044,0.20664,0,0.53137,0,0,0,1.5055,0.02952,0,0,0.088561,0,0.01476,0.63469,0.059041,0.11808,0,0,0,0.059041,0,0.61993,0.01476,0.32472,0.01476,0,0.32472,0,0,0,0,0,0,0,0.073801,0,0,0,0,0,0,0.059041,0.02952,0,0,0,0,0,0.11808,0.02952,0.02952,0.04428,0.073801,0,0,0.20664,0.02952,0,0.01476,0.13284,0.01476,0.10332,0,0,0.059041,0,0,0,0,0,0,0,0,0,0,0,0,0,0,0,0,0,0,0,0,0,0.04428,0,0,0.39852,0.72325,0.11808,0,0,0,0.11808,0,0,0,0,0,0.04428,0.04428,0,0
0,0.2952,0,0.70849,0,0.11808,0,0.23616,0,0,0,0,0,0,0,0,0.059041,0,0.11808,0,0,0.17712,0.23616,0,0,0.11808,0,0,0,0,0,0,0,0,0,0,0.059041,0,0,0,9.8598,0,0,0,0,0.2952,0.059041,0.059041,0,1.417,3.0701,0,5.4908,0,0,0,0,0,0.47232,1.0037,0.059041,0,0.88561,0,5.3727,0,0,0.53137,0.35424,0.64945,1.0627,0,0,0,4.7232,0,0,0,0.64945,0,0.059041,0.94465,0.23616,0.11808,0,0,0,0.059041,0,1.1218,0.11808,1.1808,0,0,2.3616,0,0,0.11808,0,0,0,0,0.059041,0,0,0,0,0,0,0.059041,0,0,0,0,0,0,0,0,0,0.17712,0.23616,0,0,0.17712,0,0,0,0.11808,0.11808,0.23616,0,0,0.17712,0,0,0.059041,0,0,0,0.059041,0.059041,0,0,0,0,0,0,0,0,0,0,0,0,0,0.41328,0,0,0.76753,4.5461,0.23616,0,0,0,0.23616,0,0,0,0,0,0,0,0,0
0,0,0,0.38376,0,0.059041,0,0.02952,0,0,0,0,0,0,0.02952,0,0,0,0,0,0,0,0.059041,0,0,0.1476,0,0,0,0,0,0,0,0,0.02952,0.059041,0,0,0,0,7.1144,0.059041,0,0,0,0.088561,0.02952,0.02952,0,1.0923,2.4207,0,4.0443,0,0,0,0,0.059041,0.059041,1.1513,0,0,0.56089,0,3.4539,0.11808,0.02952,0.56089,0.32472,0.23616,0.56089,0,0,0,1.5055,0,0,0,0.1476,0,0,1.0332,0.02952,0.059041,0,0.02952,0.059041,0,0,1.0332,0,0.56089,0,0,0.4428,0,0,0,0,0,0,0,0.17712,0,0,0,0,0.02952,0,0,0,0,0,0,0,0,0.02952,0,0.088561,0,0.23616,0,0,0.11808,0,0.02952,0,0.17712,0.059041,0.26568,0,0,0.23616,0,0,0,0,0,0,0,0,0,0,0,0,0,0,0,0,0,0,0,0,0,0.02952,0,0,0.26568,1.6827,0.23616,0,0,0.02952,0.2952,0,0.059041,0,0,0,0,0.059041,0,0
0,0,0,0.26568,0,0.088561,0,0.02952,0,0,0,0,0,0.02952,0,0,0.02952,0,0.059041,0,0,0,0.02952,0,0,0.02952,0,0,0,0,0,0,0,0,0,0,0,0,0,0,6.1697,0,0,0,0,0.26568,0.02952,0,0,0.50185,1.6236,0,2.7749,0,0,0,0.059041,0,0.088561,0.38376,0.02952,0,0.4428,0,2.2435,0.02952,0,0.32472,0.23616,0.53137,0.26568,0,0,0,1.3579,0,0,0,0.02952,0,0.02952,0.38376,0,0.088561,0,0.02952,0,0.02952,0.02952,0.41328,0.059041,0.35424,0,0,0.38376,0,0,0.02952,0,0,0,0,0.059041,0,0.02952,0,0,0,0,0,0,0,0,0,0,0,0.059041,0,0,0.02952,0.059041,0,0,0.088561,0,0.059041,0,0.02952,0,0.088561,0,0,0.059041,0,0,0,0.02952,0.02952,0,0,0,0,0,0,0,0,0,0.02952,0,0,0,0,0,0,0.17712,0.02952,0,0.38376,1.417,0.17712,0,0,0,0.17712,0.02952,0.02952,0,0,0,0.17712,0.059041,0,0
0,2.6347,0,3.4491,2.3952,0.57485,1.7246,1.9641,0,0.38323,0,0.047904,0,0.38323,0,0,0.76647,0,0.19162,0.047904,0,0,0.95808,0,0,0.38323,0,0,0,0,0,0,0,0,0,0.19162,0.23952,0,0,0,28.168,0.047904,0,0,0,0.38323,0.23952,0,0,1.5329,10.347,0,4.1198,0,0,0,0,0,0,10.108,0,0,4.5509,0,22.419,0.19162,0.38323,1.1976,0.47904,3.1617,1.5808,0,0,0,12.982,0,0,0.047904,0.23952,0,0.38323,3.2575,0,0,0,0,0.19162,0,0.67066,5.2216,0.047904,2.1078,3.4491,0,0.19162,0,0,0,0,0,0,0,0.76647,0,0,0,0,0,0,0,0.23952,0,0,0,0.19162,0,0.23952,0,0.19162,0,0.57485,0,0.38323,3.018,0.38323,0.19162,0,0,0,1.3413,0,0,0.19162,0,0.38323,0,0,0.19162,0,0,0,0,0,0,0,0,0,0,0,0,0,0,0,0,4.2156,0,0,2.2994,13.126,1.6766,0,0,0.047904,0.52695,0,0,0,0,0,0.62275,0.28743,0,0
0,0.83117,0.1039,3.4286,0.72727,0.46753,0.41558,3.0649,0,0,0,0.1039,0,0.051948,0,0,0.051948,0,0.051948,0.1039,0,0.051948,1.039,0,0,0.31169,0,0,0,0,0,0,0,0,0,0,0.46753,0,0,0,34.182,0.051948,0,0,0.051948,0.36364,0.25974,0.051948,0,0.88312,10.961,0,2.4416,0.25974,0,0,0.41558,0,0.41558,4.4156,0.051948,0,5.0909,0,22.961,0.31169,0.67532,1.2987,1.0909,0.83117,2.1299,0,0.051948,0,15.844,0.051948,0,0.20779,0.15584,0,0.15584,3.3766,0.31169,0.1039,0,0.20779,0,0.41558,0.31169,4.1558,0.1039,1.8182,2.1299,0,0,0,0,0,0,0,0,0,0,0,0,0,0,0,0,0,0.20779,0,0,0,0,0,0.25974,0,0.051948,0,1.4545,0,0.051948,1.039,0,0,0,0,0,0,0,0,0.46753,0,0,0,0,0,0,0,0,0,0,0,0,0,0,0.051948,0.20779,0,0,0,0,0,2.5455,0,0,2.1818,7.1169,0.77922,0,0,0,0.15584,0,0,0,0,0,0.25974,0.41558,0,0
0,1.5281,0.044944,5.9775,0,0.17978,0.17978,1.7528,0.089888,0,0,0.17978,0.22472,0,0,0,0.044944,0,0.31461,0,0,0,0.7191,0,0,0.13483,0,0,0,0,0,0.044944,0,0,0,0,0.089888,0,0,0.044944,22.697,0.58427,0,0,0.17978,0.53933,0.31461,0,0,0.089888,5.3034,0.13483,2.2022,0.17978,0,0,0.13483,0.089888,0,6.6067,0,0,0.94382,0,8.6292,0.22472,0.22472,1.3933,0.44944,0.044944,1.3933,0,0,0,7.6404,0.13483,0,0.044944,0.49438,0,0.26966,3.5955,0.089888,0.13483,0,0.22472,0.44944,0.17978,0.58427,4.9438,0.13483,2.3371,0.67416,0,0,0,0,0,0,0,0,0,0.22472,0,0,0,0,0.044944,0,0.044944,0.089888,0,0,0,0,0.044944,0.31461,0,0.26966,0.17978,0.13483,0,0.089888,1.0337,0.044944,0,0,0,0.089888,0.044944,0,0,0.089888,0,0,0,0,0,0,0.044944,0,0,0,0,0,0,0,0.31461,0.089888,0.089888,0,0,0,0,0.89888,0,0,1.573,1.8876,0.31461,0,0,0.089888,0.13483,0,0,0,0.089888,0,0.62921,0.31461,0,0
0,1.1034,0,7.2337,0,0.061303,0.30651,4.8429,0,0,0,0,0,0.061303,0,0.061303,0.30651,0,0.91954,1.0421,0,0,1.3487,0,0,0.12261,0,0,0,0,0.12261,0,0,0,0.061303,0,1.1648,0,0,0,22.682,1.2261,0,0,0.73563,1.7165,0.36782,0.12261,0,1.2874,3.6782,0.61303,6.3755,0,0,0,0,0.61303,0.24521,7.4789,0.18391,0,5.0881,0,6.4981,0.36782,1.1034,1.1648,2.1456,1.4713,1.8391,0,0,0.061303,19.617,0.12261,0,0.18391,1.9617,0,0,6.3755,0.49042,0.36782,0,0.42912,0.061303,0,1.0421,3.6169,0,2.0843,1.7778,0,0.24521,0,0.061303,0,0,0,0.12261,0,0.42912,0,0,0,0,0,0,0,0,0.061303,0,0,0,0,0.85824,0,0.49042,0.55172,0,0,0.061303,0.67433,0,0,0,0,0,0.18391,0,0,0.49042,0,0.12261,0,0,0.30651,0,0,0,0,0,0,0,0,0,0.36782,0,0,0,0,0,0,0.30651,0.061303,0,1.6552,12.383,0.91954,0,0,0,0.24521,0,0,0,0.12261,0,0,0.24521,0,0
0,0.96482,0,1.1256,0,0.1608,0.080402,1.0452,0.1608,0,0,0,0,0,0,0,0,0,0.72362,0.32161,0,0,1.9296,0,0,0.32161,0,0,0,0,0,0,0,0,0,0,0.56281,0.1608,0,0,21.226,1.5276,0,0,1.1256,2.7337,0.48241,0.080402,0,5.3869,4.6633,0.40201,5.3065,0.32161,0,0,0,2.5729,0,5.2261,0.32161,0,2.4925,0,14.633,1.2864,0.48241,2.6533,0.48241,0.48241,2.2513,0,0,0.1608,12.704,0,0,0,0.56281,0,0,6.2714,0.80402,0.24121,0,0.1608,0.1608,0.24121,0.32161,2.8945,0,1.608,0.88442,0,0.40201,0,0,0,0,0,0,0,0.24121,0,0,0,0,0,0,0,0.1608,0,0,0,0,0,0.24121,0.1608,0.24121,0.56281,0,0,0.080402,0.32161,0,0.24121,0,0,2.0101,0,0,0,0,0,0,0,0,0.1608,0,0.32161,0.24121,0,0,0,0,0,0,0.72362,0,0,0,0,0,0,0.88442,0,0,1.1256,5.7889,0.72362,0,0,0,0.1608,0.080402,0,0,0,0,0.64322,0.40201,0,0.1608
0,0.4808,0,0.9616,0.026711,0,0.21369,1.6828,0.18698,0,0,0,0.080134,0.13356,0,0.053422,0.13356,0,0.37396,0.053422,0,0.026711,0.69449,0,0,0.29382,0.053422,0,0.053422,0,0,0,0,0,0,0.10684,0.2404,0,0,0,11.967,0.88147,0,0,0.88147,1.2287,0.50751,0,0,1.7896,2.217,0.34725,4.0067,0.7212,0,0,0.080134,1.1753,0.053422,3.2855,0.053422,0,3.5526,0,10.952,0.29382,0.21369,1.3088,0.50751,0.74791,0.74791,0,0,0,7.7195,0,0,0.10684,0.45409,0,0.16027,2.5109,0.21369,0.2404,0,0.13356,0.053422,0,0.13356,0.90818,0.053422,0.45409,0.10684,0.053422,0.053422,0,0,0,0,0,0,0,0.026711,0,0,0,0,0,0.053422,0,0,0,0,0,0,0,0.40067,0,0.2404,0.2404,0,0,0,0.21369,0,0.026711,0.080134,0,0,0.053422,0,0,0,0,0.026711,0.053422,0,0.26711,0,0,0.16027,0,0,0,0,0,0,0.58765,0.026711,0.32053,0,0,0,0,1.015,0.080134,0,0.93489,2.9382,0.34725,0,0,0,0.026711,0.080134,0.053422,0,0.16027,0,0,0.026711,0,0
0,0.27248,0.010899,0.14169,0,0,0.032698,0.16349,0,0,0,0,0,0.021798,0,0,0,0,0.043597,0.28338,0,0,0.62125,0,0,0.032698,0,0,0,0,0,0,0.010899,0.010899,0.41417,0.054496,0.50136,0.054496,0.010899,0.021798,3.1717,0.27248,0,0,0,0.10899,0.076294,0,0,0.065395,0.032698,0,0.021798,0.076294,0,0,0.021798,0,0.054496,0.38147,0,0,0.13079,0,1.3624,0.098093,0.054496,0.22888,0.010899,0.010899,0.15259,0,0,0,0.31608,0,0,0,0.076294,0,0,0.42507,0.043597,0.076294,0,0.19619,0.51226,0,0.44687,3.455,0.23978,0.64305,0,0,0.043597,0.010899,0.021798,0,0,0,0,0,0,0,0,0,0,0,0,0,0,0,0,0,0,0,0.076294,0,0.076294,0.054496,0,0,0,0.076294,0,0,0,0,0,0.021798,0,0,0.076294,0.010899,0,0.021798,0,0.010899,0,0,0,0,0,0,0,0,0,0.054496,0.032698,0.010899,0,0,0,0,0.15259,0,0,0.15259,1.1989,0.043597,0,0,0,0.010899,0,0,0,0,0,0,0,0,0
0.0046681,0.042013,0.0046681,0.24508,0,0,0.0023341,0.016338,0,0.0046681,0,0,0,0,0,0,0,0,0,0,0,0,0.039679,0,0,0.0070022,0,0,0,0,0,0,0,0,0,0,0.032677,0,0,0,0.62086,0.051349,0,0,0.091028,0.060686,0.035011,0.0023341,0,0.018673,0.11437,0.021007,0.16572,0.0093363,0,0,0.0023341,0,0,0.13304,0,0.0046681,0.13771,0,0.088694,0.0070022,0,0.065354,0.014004,0.018673,0.021007,0,0,0,0.23341,0.0070022,0,0.0046681,0.025675,0,0.0046681,0.16338,0.01167,0.0023341,0,0.0093363,0,0,0.0046681,0.025675,0.0046681,0.0046681,0.0023341,0.0023341,0.0023341,0,0,0,0,0,0,0,0.0070022,0,0,0,0,0,0,0.0023341,0,0,0,0.0023341,0,0,0.0070022,0.0023341,0,0.0070022,0.0023341,0,0,0.0023341,0,0,0,0,0.0023341,0.0023341,0,0,0,0,0,0.0093363,0,0.0023341,0,0,0,0,0,0,0,0,0,0.016338,0,0,0,0,0,0,0.049015,0,0,0.051349,0.10737,0.039679,0,0,0,0.0046681,0,0,0,0,0,0.014004,0.0046681,0,0.0046681
0,0.034107,0.0037897,0.12885,0,0,0,0.068214,0.015159,0,0,0,0.011369,0,0.0037897,0,0,0,0.022738,0,0,0,0.17054,0,0,0,0,0,0,0,0,0.0037897,0,0,0,0.030317,0.045476,0,0,0,1.2582,0.056845,0,0,0.24254,0.14401,0.072004,0,0,0.11369,0.21601,0.098532,0.60635,0.0075793,0,0,0.0037897,0.015159,0.011369,0.19706,0.0037897,0,0.18569,0,0.3676,0.022738,0.0037897,0.20085,0.11369,0.072004,0.16675,0,0,0,0.53813,0.018948,0,0.0037897,0.018948,0,0.015159,0.52297,0.011369,0.030317,0,0,0.0037897,0,0.0037897,0.018948,0.0037897,0.022738,0.049266,0,0.015159,0.0037897,0,0,0,0,0,0,0.015159,0,0,0,0,0,0,0,0.030317,0,0,0,0,0,0.0037897,0,0.0037897,0.056845,0,0,0.0037897,0.018948,0,0.0037897,0,0,0,0,0,0,0.018948,0,0,0.0037897,0,0,0,0.0037897,0.034107,0,0,0,0,0,0,0.018948,0,0,0,0,0,0,0.075793,0.0037897,0,0.075793,0.50403,0.015159,0,0,0,0,0,0,0,0.015159,0,0.0075793,0,0,0
0,0.048184,0,0.030115,0,0,0.015057,0.23791,0.006023,0.015057,0,0,0.0030115,0.0030115,0,0.0030115,0.0030115,0,0.0090344,0,0,0,0.039149,0,0,0.0030115,0,0,0,0,0,0,0,0,0,0.015057,0.024092,0,0,0,0.72577,0.057218,0,0,0.08131,0.06023,0.039149,0.0030115,0,0.0090344,0.051195,0.018069,0.24092,0.015057,0,0,0.0030115,0.0090344,0,0.25296,0.006023,0,0.26802,0,0.30416,0.0090344,0.0030115,0.078299,0.012046,0.039149,0.06023,0,0,0,0.22586,0.0030115,0,0.0090344,0.042161,0,0.006023,0.26802,0.012046,0.024092,0,0.006023,0,0,0.012046,0.042161,0,0.0090344,0.018069,0,0.0090344,0,0,0,0,0,0,0,0.006023,0,0,0,0,0,0,0.0090344,0,0,0,0,0,0,0.0090344,0.006023,0.015057,0.018069,0,0,0,0.006023,0,0.0090344,0,0,0,0.006023,0,0,0.006023,0,0,0.0030115,0,0.0030115,0,0.0030115,0.006023,0,0,0,0,0,0,0.0090344,0.0030115,0.006023,0,0,0,0,0.078299,0,0,0.030115,0.26802,0.018069,0,0,0,0.024092,0,0,0.0030115,0,0,0.02108,0.0090344,0,0.0090344
0,0.098765,0,0.16461,0,0.0082305,0.0082305,0.23045,0.0082305,0.0082305,0,0,0,0.032922,0,0,0,0.041152,0,0.0082305,0,0,0.12346,0,0,0.0082305,0,0,0,0,0,0,0,0,0,0,0.090535,0,0,0,2.1975,0.082305,0,0,0.090535,0.074074,0.15638,0.016461,0,0.11523,0.107,0.024691,0.40329,0.049383,0,0,0.016461,0.057613,0,0.66667,0.016461,0.024691,0.37037,0,0.95473,0.057613,0.024691,0.082305,0.057613,0.049383,0.1893,0,0,0,0.36214,0.0082305,0.0082305,0.016461,0.1893,0,0.21399,0.5679,0.0082305,0.090535,0,0.0082305,0.0082305,0,0.041152,0.42798,0,0.065844,0.27984,0,0.041152,0,0,0,0,0,0,0,0.041152,0,0,0,0,0.0082305,0,0,0.016461,0,0,0,0,0,0.065844,0.024691,0.057613,0.11523,0,0,0.0082305,0.024691,0,0.032922,0,0,0,0.032922,0,0,0.024691,0,0.0082305,0.016461,0,0.024691,0,0.0082305,0,0,0,0,0,0,0,0.049383,0,0.0082305,0,0,0,0.0082305,0.23868,0,0,0.16461,0.4856,0.107,0,0.0082305,0.024691,0.0082305,0.0082305,0,0,0,0,0.057613,0.0082305,0,0.024691
0,0.25856,0,0.098859,0,0,0,0.92015,0.060837,0.0076046,0,0,0,0.038023,0,0,0.030418,0.030418,0.038023,0.0076046,0,0.12167,0.47148,0,0,0.21293,0,0,0,0,0,0,0,0.0076046,0.030418,0.015209,0.5019,0,0,0.030418,3.5285,0.18251,0,0,2.3878,1.3688,0.38783,0,0,1.5057,0.62357,0.068441,2.5703,0,0,0,0,1.7643,0,1.4144,0.060837,0,1.2548,0.060837,2.1673,0.1597,0.12928,0.091255,0.25095,0,0.67681,0,0,0,1.1103,0.068441,0.030418,0.015209,0.11407,0,0.060837,2.251,0.19772,0.36502,0.0076046,0.053232,0.038023,0,0,1.4905,0,0.39544,0.038023,0,0.21293,0,0,0,0,0,0,0,0.0076046,0,0,0,0,0.0076046,0,0.030418,0.0076046,0,0,0,0.0076046,0,0.12928,0,0.068441,0.34221,0,0,0,0.015209,0,0.038023,0,0,0,0,0,0,0,0,0,0,0.0076046,0,0,0,0,0.0076046,0,0,0,0,0,0,0.030418,0,0,0,0.0076046,0,0.27376,0,0,0.28897,0.34981,0.022814,0,0,0,0.0076046,0.060837,0,0,0,0,0.030418,0,0,0
0,0.28369,0,0.56738,0,0,0.056738,1.9858,0.11348,0,0,0,0.11348,0.11348,0,0.056738,0.11348,0.11348,0,0,0,0,0.68085,0,0,0.056738,0,0,0,0,0.17021,0.22695,0,0,0,0,0.96454,0,0,0,15.262,1.4752,0,0,0.79433,0.85106,0.68085,0,0,0.17021,0.34043,0.85106,5.7305,0.39716,0,0,0,0.28369,0,2.0426,0.34043,0,0.96454,0,4.4255,0.17021,0.11348,1.7589,2.6099,0.51064,2.2128,0,0,0.11348,7.0355,0.056738,0.11348,0,0.28369,0,0.22695,4.0851,0.28369,0.34043,0,0.28369,0.11348,0,0.39716,0.28369,0.056738,0.11348,0.28369,0,0.11348,0,0,0,0,0,0,0,0,0,0,0.056738,0,0,0,0,0.056738,0.056738,0,0,0,0,0,0.11348,0,0.34043,0.056738,0,0,0.34043,0,0.11348,0.056738,0,0,0.17021,0,0,0.056738,0,0,0.11348,0,0.056738,0,0,0,0,0,0,0,0,0,0,0,0,0,0,0,0,0.51064,0.056738,0,1.8723,3.7447,0.9078,0,0,0.11348,0,0,0,0,0.11348,0,0.34043,0,0,0
0,0.17391,0,0.057971,0,0,0,0.28986,0,0.057971,0,0,0.057971,0,0,0.057971,0.11594,0,0,0,0,0,0.98551,0,0.057971,0,0,0,0,0,0,0,0,0,0,0.057971,0.4058,0,0,0,4.4638,0.17391,0,0,0.28986,0.28986,0.34783,0,0,1.6812,0.63768,0.28986,2.4928,0,0,0,0,0.98551,0.057971,0.4058,0,0,0.34783,0,0.69565,0.11594,0.11594,0.4058,0.34783,0.23188,0.28986,0,0,0,1.3333,0,0,0.057971,0.28986,0,0,3.3623,0.23188,0.17391,0,0.11594,0.057971,0,0,0.52174,0,0.057971,0.23188,0,0,0,0,0,0,0,0,0,0.057971,0,0.057971,0,0,0,0,0,0.057971,0,0,0,0,0,0,0.057971,0,0.057971,0,0,0,0.11594,0,0.11594,0.057971,0,0,0.057971,0,0,0.057971,0,0,0,0.057971,0,0,0,0,0,0,0,0,0,0,0,0,0,0,0,0,0,0.17391,0,0,0.11594,1.2754,0.11594,0,0,0,0,0,0,0,0.057971,0,0.11594,0,0,0
0,0,0,0.050314,0,0,0,0.50314,0.10063,0,0,0,0.30189,0,0,0,0,0,0,0,0,0,0.45283,0,0,0,0,0.10063,0,0,0,0,0,0,0.10063,0,0.40252,0,0,0,28.428,1.3082,0,0,0,1.6101,0.15094,0,0,0.10063,0.95597,0.80503,15.145,0,0,0,0,0,0,0.60377,0,0,0.050314,0,1.9119,0.10063,0,7.195,1.3082,1.2579,1.8113,0,0,0.050314,1.6101,0.050314,0,0.050314,0.10063,0,0.050314,1.2075,0,0.30189,0,0.10063,0.50314,0,0,0.30189,0,0.3522,0.10063,0,0,0,0,0,0,0,0,0,0,0,0,0,0,0,0,0,0,0,0,0,0,0,0,0.050314,0.20126,0.10063,0,0,0,0,0,0,0,0,0,0,0,0,0,0,0,0,0,0,0,0,0.050314,0,0,0,0,0,0,0,0,0,0,0,0,0,0.40252,0,0,1.4088,1.3585,0.45283,0,0,0,0,0,0,0,0,0,0.25157,0,0,0
0,0,0,0,0,0,0,2.0157,0,0,0,0,0,0,0,0,0,0,0,0,0,0,0,6.0472,0,33.26,0,0,0,0,0,0,0,0,0,0,0,0,0,0,736.76,12.598,0,0,0,32.756,0,12.598,0,4.0315,0,0,153.2,0,0,0,0,6.0472,0.50394,2.0157,0,0,0.50394,0,4.5354,0,0,423.31,6.0472,16.63,27.717,0,0,0,0.50394,0,0,0,0.50394,0,4.5354,12.094,3.5276,4.5354,0,0,0.50394,0,0,0,0,0,0,0,0,0,0.50394,0,0,0,0,0,0,0,0,0,0,0,0,0,0,0,0,0,0,0,0,0,0,0,0,0,0,0.50394,0,0,0,0,0,0,0,0,0.50394,0,0,0,0,0,0,0,0,0,0,0,0,0,0,0,0,0,0,0,0,0,2.0157,0,0,5.5433,18.142,2.0157,0,0,0,0,0,0,0,0,0,0,0,0,0
0,0.10031,0,0.050157,0,0,0,2.1567,0,0,0,0,0,0,0,0,0.20063,0,0.050157,0,0,0,0.65204,0.25078,0,0,0,0,0,0,0,0,0,0,0,0,1.5047,0,0,0,30.094,1.7555,0,0,0,2.3574,0.20063,0.050157,0,0,0.70219,1.0031,20.715,0.050157,0,0,0,0.20063,0.050157,4.0125,0.050157,0,0,0,4.5141,0,0.20063,4.0125,0.15047,1.3542,0.70219,0,0,0,5.1661,0,0,0.10031,0,0,0,3.0094,0.050157,0.60188,0,0.20063,0,0,0.050157,2.8589,0.050157,0.3511,0,0,2.8088,0.40125,0.45141,0,0,0,0,0,0.20063,0,0,0,0,0,0,0,0,0,0,0,0,0,0.10031,0.3511,0.15047,1.0533,0,0,0,0.70219,0,0,0.40125,0,0,0,0,0,0,0,0,0,0,0,0,0.050157,0.050157,0,0,0,0,0,0,0.25078,0,0,0,0,0,0,0.15047,0,0,2.0564,3.3103,0.20063,0,0,0,0,0,0,0,0,0,0.25078,0,0,0.050157
0,0.5443,0.050633,0.67089,0,0,0,0.91139,0,0,0,0,0,0.025316,0.050633,0,0.012658,0,0.012658,0.063291,0,0.25316,0.64557,0.012658,0,0.3038,0,0,0,0,0,0,0,0,0,0,0.40506,0,0,0,11.924,0.50633,0.1519,0,2.1392,6.0127,0.063291,0,0,2.481,1.1899,0.063291,6.6076,0.10127,0,0,0.012658,0.10127,0,4.8608,0,0,1.3924,0,1.2785,0.025316,0.18987,0.36709,0.20253,0.012658,1.8354,0,0,0.050633,2.4684,0.20253,0.012658,0.11392,0.82278,0,0,2.2785,0.3038,0.37975,0,0.088608,0,0,0.050633,2.1013,0,0.86076,0.1519,0,0.088608,0,0,0,0,0,0,0.012658,0,0,0,0,0,0,0,0,0.037975,0,0,0,0,0,0,0,0,0.25316,0,0,0.10127,0,0,0.11392,0,0,0,0,0,0,0,0,0,0,0,0,0,0,0,0.012658,0,0,0,0,0,0,0,0,0,0,0,0,0.29114,0.012658,0,1.1646,0.51899,0,0,0,0,0.025316,0.27848,0,0,0,0,0.050633,0,0,0
0,0,0,0.58065,0,0,0,2.7097,0.064516,0,0,0,0,0.064516,0,0,0,0,0.12903,0,0,0,0.3871,0,0,0.19355,0,0,0,0,0,0,0,0,0,0,0,0,0,0,23.161,0.90323,0,0,0.51613,4.0645,0.58065,0,0,0.25806,8.7097,0.32258,1.4194,0.12903,0,0,0.25806,0,0,9.871,0,0,1.3548,0,2.7097,0.12903,0,5.7419,0,0.32258,1.6774,0,0,0,1.0968,0,0.064516,0,0.51613,0,0,1.6774,0.64516,0.70968,0,0,0,0,0,0.70968,0,0.64516,0,0,0,0,0,0,0,0,0,0,0.064516,0,0,0,0,0,0,0,0,0,0,0,0,0,0.064516,0,0,0.064516,0,0,0,0,0,0,0,0,0,0.32258,0,0,0,0,0.12903,0,0,0.12903,0,0,0,0,0,0,0,0,0,0,0,0,0,0,0,0,0.51613,0,0,1.2258,2.0645,0.12903,0,0,0.19355,0.12903,0,0,0,0,0,0,0,0,0
0,0.40895,0,0,0,0.20447,0.40895,10.019,0.61342,0,0,0,0,0.20447,0,0.20447,0,0,0,0,0,0,5.5208,0,0,0.40895,0,0,0,0,0,0,0,0,0,0,0.20447,0,0,0,70.748,1.4313,0,0,0.61342,4.9073,0.20447,0,0,0.61342,6.5431,0.81789,6.5431,0,0,0,0,0,0,4.9073,0,0,1.0224,0,16.358,0.40895,0,3.0671,1.4313,1.4313,3.2716,0,0,0,5.9297,0.20447,0,0.20447,2.4537,0,0,5.9297,0,0.40895,0,0.40895,0,0,0,3.2716,0.20447,0.81789,0.20447,0,0,0,0,0,0,0,0,0,0,0,0,0,0,0,0,0,0,0,0,0,0.20447,0,0,0,0.20447,0.61342,0,0,0,0.20447,0,0,0.20447,0,0,0,0,0,0,0,0,0,0,0,0,0,0,0,0,0,0,0,0,0,0,0,0,0,0,0,4.7029,0,0,3.2716,7.5655,0.40895,0,0,0.61342,0,0,0,0,0,0,0.20447,0,0,0
0,0.87345,0,0.19851,0,0,0,7.5434,0.079404,0,0,0,0,0,0.019851,0,0.019851,0,0.079404,0.15881,0,0.099256,0.57568,0,0,0.29777,0,0,0.039702,0,0,0.019851,0,0,0,0.019851,0.65509,0,0,0,13.34,0.15881,0.039702,0,1.8462,2.8586,0.079404,0,0,0.35732,1.4094,0.079404,2.4417,0.19851,0,0,0.11911,0.039702,0,3.0769,0.079404,0,2.005,0,4.8834,0.059553,0.039702,0.51613,0.55583,0.079404,0.9727,0,0,0.039702,3.8511,0.099256,0,0.19851,0.51613,0,0,2.3226,0.079404,0.25806,0,0.039702,0.039702,0,0,0.99256,0.079404,0.77419,0.059553,0,0.31762,0,0,0,0,0.019851,0,0,0,0,0,0,0,0.019851,0,0,0.019851,0.019851,0,0,0,0,0.059553,0,0,0.29777,0.019851,0,0,0.019851,0,0,0,0,0,0,0,0,0,0,0,0,0,0,0,0,0,0.019851,0.039702,0,0,0,0,0.059553,0,0.039702,0,0,0,0.019851,0.73449,0,0,1.0521,0.41687,0.039702,0,0,0,0.11911,0.15881,0,0,0,0,0,0,0,0.039702
0,0.25078,0,0,0,0,0,1.9561,0,0,0,0.25078,0.050157,0,0.10031,0,0,0,0.3511,0,0,0,1.3542,0.050157,0,0.10031,0,0,0,0,0,0,0,0,0,0,0.50157,0,0,0,14.997,0.050157,0,0,0.60188,3.8621,0,0,0,0,8.2759,0.30094,2.9592,0.10031,0,0,0.20063,0.10031,0,3.511,0.20063,0,2.2571,0,2.9091,0,0,1.0533,0.70219,0.55172,0.95298,0,0,0,2.0564,0.10031,0,0,0.60188,0,0,2.0564,0,0,0,0,0,0,0.10031,1.4545,0.050157,0.40125,0,0,0,0,0,0,0,0,0,0,0.10031,0,0,0,0,0,0,0,0,0.15047,0,0,0,0.10031,0.10031,0,0.15047,0.15047,0,0,0,0.45141,0,0,0.10031,0,0,0.050157,0,0,0,0,0,0,0,0,0,0,0,0,0,0,0,0,0,0,0,0,0,0,0,0,0.3511,0,0,0.90282,1.5549,0.050157,0,0,0,0,0,0,0,0.30094,0,0.050157,0,0,0.15047
0,0.29197,0.038929,0.3601,0,0,0,1.9075,0,0,0,0,0,0.0097324,0,0,0.058394,0,0,0.077859,0,0.087591,0.55474,0,0.0097324,0.038929,0,0,0,0,0,0,0,0,0,0,0.43796,0,0,0.038929,2.5401,0.19465,0,0,2.8029,1.0998,0.17518,0.038929,0,0.28224,0.79805,0.058394,2.2092,0,0.038929,0,0,0,0,6.4915,0,0,2.1217,0.077859,1.0998,0.077859,0,0.31144,0.11679,0,0.42822,0,0,0,2.2384,0.038929,0,0.12652,0.29197,0,0,1.6642,0.0097324,0.077859,0,0,0,0,0,0.88564,0,0.37956,0.12652,0,0.36983,0,0,0,0,0,0.0097324,0,0.0097324,0,0,0,0,0,0,0,0,0.0097324,0,0,0,0,0.077859,0,0,0.25304,0,0,0,0,0,0.038929,0.048662,0,0,0.0097324,0,0,0,0,0,0,0,0,0,0,0,0.15572,0,0,0.0097324,0,0,0,0,0,0,0,0,0,0.43796,0.0097324,0,0.51582,0.18491,0,0,0,0,0,0.077859,0,0,0,0,0,0,0,0
0,0.1934,0,0.30189,0,0,0,0.65566,0,0,0,0,0,0,0,0,0.037736,0,0.075472,0.11321,0,0,0.61792,0,0,0.014151,0,0,0,0,0,0.037736,0,0,0,0,0.31132,0,0,0.009434,4.184,0.26415,0,0,2.0802,2.0849,0.15566,0,0.037736,0.14623,0.50943,0.11792,1.9528,0.037736,0,0,0,0.018868,0,3.8443,0.004717,0,2.7264,0,0.8066,0.056604,0,0.34434,0.20283,0.037736,0.35377,0,0,0,2.0425,0.037736,0,0.37736,0.17453,0,0,1.533,0.14151,0.12736,0,0.037736,0,0,0.037736,0.76887,0,0.4717,0.15566,0,0.17453,0,0,0,0,0,0,0,0,0,0,0,0,0,0.004717,0.004717,0.014151,0,0,0,0.009434,0,0.089623,0,0.009434,0.080189,0,0,0,0.11792,0,0,0.037736,0,0,0,0,0,0,0,0,0,0,0,0,0.004717,0,0.04717,0,0,0,0,0,0.037736,0,0,0,0.004717,0,0.004717,0.41981,0.009434,0,0.41981,0.20755,0.004717,0,0,0,0,0.080189,0,0,0,0,0,0,0,0
0,0.37023,0,0.89695,0,0,0,0.75573,0.0076336,0,0,0,0,0.0076336,0,0,0.061069,0,0,0.030534,0,0.061069,0.56489,0,0,0.1145,0,0,0,0,0,0.030534,0,0,0,0.0038168,0.28626,0,0,0.034351,2.9275,0.030534,0,0,1.9351,1.8511,0.10687,0,0,0.41221,0.5458,0.038168,2.0763,0,0,0,0,0.015267,0,3.9542,0.034351,0,3.1794,0,0.58015,0.015267,0,0.30534,0.21756,0,0.25573,0,0,0,2.3206,0.091603,0,0.32061,0.27099,0,0,1.2977,0.14504,0.21756,0,0.0076336,0,0,0,1.1298,0.0038168,0.18321,0.072519,0,0.16031,0,0.0038168,0,0,0,0,0,0,0,0,0,0,0.0076336,0,0.061069,0.053435,0,0,0.0038168,0.0038168,0,0.0038168,0.030534,0.034351,0.43511,0,0,0,0,0,0,0,0,0,0,0,0,0,0,0.030534,0,0,0,0,0,0,0.030534,0.0038168,0,0,0,0,0.030534,0,0,0,0.0038168,0,0,0.15267,0.019084,0,0.66794,0.25191,0.064885,0,0,0,0.034351,0.045802,0,0,0,0,0,0,0,0
0,0.16306,0,2.1197,0,0,0.081529,0.081529,0.12229,0,0,0,0,0.040764,0,0.040764,0.040764,0,0.24459,0,0,0,1.0191,0,0,0.24459,0,0,0,0,0,0.16306,0,0,0.040764,0.040764,0.44841,0,0,0,7.3376,0.16306,0,0,1.2229,0.81529,0.24459,0,0,0.24459,0.36688,0.12229,1.2637,0,0,0,0,0,0,2.772,0,0,2.079,0,0.61146,0.16306,0,1.1006,0.85605,0,1.0191,0,0,0,2.6904,0.081529,0,0,0.48917,0,0,2.6497,0.16306,0.12229,0,0.24459,0,0,0,0.16306,0.040764,0.24459,0.081529,0,0,0,0,0,0,0,0,0,0.081529,0,0,0,0,0,0.040764,0,0.081529,0.040764,0,0,0,0,0.081529,0.081529,0,0.40764,0,0,0,0.20382,0,0,0,0,0,0.081529,0,0,0,0,0,0,0,0,0,0,0,0,0,0,0,0,0,0.16306,0,0,0,0,0,0,0.44841,0.081529,0,1.549,0.69299,0.20382,0,0,0,0,0,0,0,0,0,0,0,0,0
0,0.23003,0,1.5016,0,0,0,1.1565,0.051118,0,0,0,0,0.01278,0.0063898,0,0,0,0.10863,0.10863,0,0.10224,0.28115,0,0,0.01278,0,0,0,0,0,0,0,0,0,0,0.72843,0,0,0.10224,9.4249,0.10224,0.10224,0,3.0032,1.4824,0.12141,0,0,0.52396,0.59425,0.10224,4.1661,0,0,0,0,0.0063898,0,2.5304,0,0,10.952,0,3.1374,0.10863,0.051118,0.31949,1.7508,0,0.60064,0,0,0.051118,4.7732,0.057508,0,0.16613,0.17252,0,0.051118,3.4696,0.16613,0.28754,0,0.070288,0.01278,0,0,1.476,0,0.60703,0.15974,0,0.25559,0,0,0,0,0,0,0,0.051118,0,0,0.0063898,0,0.0063898,0,0,0.01278,0.0063898,0,0,0,0,0.10224,0,0,0.12141,0,0,0,0.051118,0,0,0,0,0,0,0,0,0.0063898,0,0,0,0,0,0,0,0,0.051118,0.0063898,0,0,0,0,0.10224,0,0,0,0,0,0,0.42173,0,0,0.23003,0.38339,0.070288,0,0,0,0,0.089457,0,0,0,0,0.051118,0,0,0
0,0.947,0,0.33922,0,0,0,0.33922,0.19788,0,0,0,0,0.028269,0.014134,0,0,0.028269,0.014134,0,0,0.056537,0.18375,0,0.014134,0.25442,0,0,0,0,0,0.028269,0,0,0,0,0.36749,0,0,0.028269,7.3781,0.80565,0,0,2.318,3.1237,0.11307,0.056537,0,0.59364,1.8799,0.12721,4.5512,0.11307,0.4523,0,0,0.028269,0.028269,6.4594,0,0,0.65018,0,0.93286,0.028269,0,0.63604,0.4523,0.084806,0.84806,0,0,0,3.7456,0.09894,0,0.25442,0.32509,0,0,1.9929,0.014134,0.25442,0,0.056537,0,0,0,0.93286,0,0.59364,0.056537,0,0.74912,0,0,0,0,0,0,0,0.014134,0,0,0,0,0.042403,0.028269,0.070671,0.14134,0.014134,0,0,0,0,0.22615,0.056537,0.56537,0.39576,0,0,0,0.056537,0,0.014134,0.014134,0,0,0,0,0,0,0,0,0,0,0.014134,0,0.056537,0,0,0,0,0,0,0,0,0,0,0,0,0,0,0.57951,0.014134,0,1.2014,0.69258,0.09894,0,0,0,0.056537,0.32509,0,0,0,0,0.028269,0,0,0.056537
0,0.86486,0,0.56899,0,0,0,0.66003,0.86486,0,0,0,0,0.02276,0,0,0,0,0.045519,0.34139,0,0.68279,1.7752,0,0.02276,0.93314,0,0,0,0,0,0,0,0,0,0,0.70555,0,0,0.045519,4.2788,0.84211,0,0,4.0284,4.9616,0.13656,0,0,2.4808,0.52347,0.18208,5.6899,0.18208,0.2276,0,0,0.43243,0.045519,4.0967,0.045519,0,0.84211,0,0.84211,0.20484,0,0.61451,0.68279,0.15932,2.9132,0,0,0.02276,2.6401,0.34139,0,0.66003,2.3442,0,0,2.6629,0.34139,1.4339,0,0.2276,0,0,0,1.9801,0,1.5704,0.091038,0,2.5036,0,0,0,0,0.045519,0.02276,0,0,0,0,0,0.02276,0.13656,0.02276,0.02276,0.045519,0,0,0,0.068279,0,0.29587,0,0.091038,0.88762,0.045519,0.045519,0.02276,0.091038,0,0.045519,0.045519,0,0,0.02276,0,0,0,0,0,0,0.02276,0,0,0,0.02276,0.43243,0.068279,0,0,0.045519,0.02276,0.045519,0,0,0,0,0,0,0.59175,0.091038,0,1.889,1.4111,0.02276,0.15932,0,0,0.13656,0.36415,0,0,0,0,0,0,0,0
0,0.82759,0,0.23645,0,0,0,3.3892,0.078818,0,0,0,0,0.23645,0,0,0,0,0,0.15764,0,0.35468,0.66995,0,0,0.23645,0,0.039409,0.078818,0,0,0,0,0,0,0,0.94581,0,0,0.078818,22.345,0,0.15764,0,2.7586,7.2906,0.31527,0.078818,0,2.8374,1.1429,0.15764,12.177,0,0,0,0,0.078818,0,7.4483,0,0,1.8916,0,4.0197,0.039409,0,2.2857,1.8128,0,1.8128,0,0,0,11.153,1.3399,0,0.74877,1.3005,0,0,4.1773,0.82759,2.7192,0,0.039409,0,0,0,2.2857,0,2.1281,0.15764,0,0.867,0,0,0,0,0,0,0,0,0,0,0,0,0,0,0,0,0,0,0,0,0,0.078818,0,0,0.63054,0,0,0,0,0,0,0,0,0,0.078818,0,0,0.078818,0,0,0,0,0.15764,0,0,0,0.15764,0.078818,0,0,0,0,0,0,0,0,0,0,0.039409,1.0246,0,0,2.2069,0.867,0.078818,0,0,0,0.078818,0.63054,0,0,0,0,0,0,0,0
0,1.584,0,1.808,0,0,0,2.352,0,0,0,0,3.328,0.016,0,0,0,0,0,7.952,66.88,1.024,1.152,0,0,0.032,0,0,0,0,0,0,0.016,2.48,1.952,0,0.016,0.016,0,0.256,171.81,0.256,0,0,3.664,4.56,0,12.32,0,0.352,0,0,4.128,0,0,0,0,0,0,8.784,0,0,1.28,0,1.296,0.256,0,0.256,0.512,0,3.36,0,0.512,1.28,1.328,0.512,0.512,1.536,26.128,0,0.512,0.048,0.272,0.016,0,0.016,0.032,0,1.024,9.024,0.016,1.072,0.256,0,0.88,0,0,0,0,0,0,0,0.032,0,0,0,0,0,0,0,0,0,0,0,0,0,0,0,0,0.288,0,0,0,0,0,0,0,0,0,0.016,0,0,0,0,0,0,0,0,0,0,0,0.016,0,0,0,0,0,0,0,0,0,0,0,0.768,1.536,0.016,0,2.336,1.28,0.8,0,0,0,0.256,0.256,0,0,0,0,0,0,0,0
0,0,0,0.46944,0,0,0.93888,3.7555,0,0,0,0,0.31296,0.31296,0,0.31296,0,0,0,0,0,0,16.274,0,0,0.31296,0,0,0.15648,0,0,0,0,0,0,0,1.4083,0,0,0,19.09,0.46944,0,0,0.15648,35.99,0,0,0,2.6601,0.46944,0.62592,7.511,0,0,0,0,3.2861,0,11.267,0,0,0.31296,0,1.7213,0,0,5.7897,3.4425,0.7824,9.8582,0,0,0,1.4083,0,18.778,0,4.6944,0,0,3.2861,0.31296,0.46944,0,0.15648,0,0,0.31296,0.15648,0,0.46944,0,0,0,0,0,0,0,0,0,0,0,0,0,0,0,0,0,0,0,0,0,0,0,0,0.15648,0,0,0,0,0,0,0.15648,0,0,0,0,0,0,0,0,0,0,0,0,0,0,0,0,0,0,0,0,0,0,0,0,0,0,0,0,0,0,1.8778,0.31296,0,25.819,4.2249,0.7824,0,0,0.15648,0.31296,0,0,0,0,0,4.2249,0,0,0
0,1.3922,0,0.43103,0,0,0,1.3233,0,0,0,0,0,0.29741,0,0,0.0086207,0,0.4181,0,0,0.073276,1.0776,0,0,0.081897,0,0,0,0,0,0.073276,0,0,0,0,1.1078,0,0,0.13793,3.4655,0,0,0,7.5517,1.5991,0,0,0,1.0733,0.37069,0.13793,1.6595,0,0,0,0,0.060345,0,21.095,0,0,0.76724,0,4.2198,1.8103,0,0.2069,0.77155,0,2.6034,0,0,0.073276,2.1078,0.36207,0.69397,1.1207,1.4871,0,0,1.194,0.99138,1.0086,0,0.0043103,0,0,0,3.4138,0,3.7371,0.15948,0,0.53448,0,0.068966,0,0,0,0,0,0.025862,0,0,0,0,0,0,0,0,0,0,0,0,0,0.13793,0,0,3.2931,0.0043103,0,0.012931,0.0043103,0,0,0,0,0,0,0,0,0,0,0,0,0,0,0,0,0,0.14224,0.13793,0,0,0,0,0,0,0,0,0,0,0,0.4181,0.0043103,0,5.2716,1.0991,0.2069,0,0,0,0.35345,0.91379,0,0,0,0,0.13793,0,0,0
0,0.91518,0,0.28571,0,0,0,2.5089,0.035714,0,0,0,0.10714,0.03125,0,0,0.0044643,0,0,0.23661,0,0.075893,0.16071,0,0,0.035714,0,0,0,0,0,0,0,0,0,0,0.27679,0,0,0,0.79464,0,0,0,1.8214,0.49554,0,0,0,0.22321,0.17857,0.017857,0.45089,0,0,0,0,0.026786,0,4.2545,0,0,0.60268,0,1.3884,0.0089286,0,0.17857,0.25446,0,0.27232,0,0,0.017857,1.183,0.040179,0.12946,0.54911,0.30357,0,0,0.52232,0.13839,0.14732,0,0,0,0,0.053571,1.4196,0,0.41964,0.0625,0,0.21875,0,0,0,0,0,0,0,0.071429,0,0,0,0,0,0,0,0,0,0,0,0,0,0.040179,0,0,0.10268,0,0,0,0.035714,0,0,0,0,0,0,0,0,0,0,0,0,0,0,0,0,0,0.071429,0.017857,0,0,0,0,0,0,0,0,0,0,0,0.73214,0,0,3.5714,0.75,0.040179,0,0,0.017857,0.075893,0.1875,0,0,0,0,0.54911,0,0,0
0,1.1899,0,0.93545,0,0,0,4.58,4.0187,0,0,0,0.41908,0.0074836,0,0,0.059869,0,0.11974,0.29935,0,0.31431,0.34425,0,0.014967,0.32928,0,0,0,0,0,0,0,0.0074836,0.0074836,0,0.55379,0,0,0,24.823,0.059869,0,0,6.7802,6.7428,0.059869,0,0,0.89055,0.052385,0,6.0094,0,0.059869,0,0,0.4116,0,4.0187,0.29935,0,5.7774,0,2.0355,0.38915,0,0.60617,0.913,0,1.9532,0,0.022451,0.08232,2.9261,0.38167,0.059869,0.5014,0.53882,0,0.11974,0.77081,0.61366,0.49392,0,0,0.0074836,0.0074836,0,2.3349,0.059869,0.9579,0.022451,0,5.927,0,0.067353,0.052385,0,0.0074836,0,0,0.014967,0,0,0,0,0.11225,0.022451,0.0074836,0.059869,0,0,0.0074836,0,0,0.12722,0,0.0074836,0.97287,0,0.059869,0,0.074836,0,0,0,0,0,0,0,0,0,0,0,0,0,0.3667,0,0,0,0.059869,0,0,0,0,0,0,0,0.19457,0,0,0,0,0.9579,0,0,1.0327,1.4069,0.097287,0,0,0,0.11974,0.31431,0,0,0,0,0.059869,0,0,0
0,1.9471,0,0.56745,0,0,0,8.9791,0.26704,0,0,0,0,0.13908,0.044506,0,0,0,0.5007,0.62309,0,0.089013,0.36161,0,0,0.45063,0.0055633,0,0,0,0,0,0,0,0,0,0.36161,0,0.0055633,0,11.177,0.44506,0,0,2.1641,1.9694,0.089013,0,0,0.43394,0.47288,0.094576,2.0807,0.13352,0,0,0.011127,0.01669,0,10.153,0,0,3.2211,0,3.8442,0.32823,0,0.26704,0.62865,0,1.096,0,0,0,3.2768,0.17803,0,0.75661,0.40056,0,0,1.2629,1.2184,0.85118,0,0,0,0,0,3.0487,0,0.46732,1.8136,0,0.51739,0,0,0,0,0,0,0.0055633,0.23922,0,0.0055633,0,0,0,0,0,0,0,0,0,0,0,0.0055633,0.0055633,0.061196,0.56745,0,0,0,0,0,0,0,0,0,0,0,0,0,0,0,0,0,0.011127,0,0,0,0.45063,0.089013,0,0,0,0,0,0,0.05007,0,0,0,0.0055633,0.31711,0.22809,0,1.2517,1.6912,0.011127,0,0,0,0.28373,0.46175,0,0,0,0,0,0,0,0
0,0.70511,0,0.24053,0,0,0,0.75124,0.0032949,0,0,0,0,0.0032949,0,0,0.0032949,0,0.26359,0.16474,0,0.10873,0.35585,0.0032949,0.0032949,0.45799,0,0,0,0,0,0,0,0,0,0,0.5832,0,0,0,7.8715,1.0544,0,0,2.9292,7.3641,0.70511,0,0,0.81384,0.49423,0.10544,5.5585,0.052718,0,0,0.10544,0,0,3.0939,0.10544,0,3.117,0,5.7002,0.16145,0.0065898,1.1598,0.42175,0,1.1433,0,0,0,3.1697,0.21746,0.0032949,0.53707,0.73806,0,0,1.0214,0.24382,0.49753,0,0.0065898,0,0,0,2.0692,0,0.73147,0.21087,0,0.38221,0,0,0,0,0.0065898,0,0,0,0,0,0,0,0,0,0,0,0,0,0,0,0,0.16145,0,0,0.18451,0,0,0,0,0,0,0,0,0,0,0,0,0,0,0,0,0,0.0032949,0,0,0,0,0.10544,0,0,0,0,0,0,0,0,0,0,0.0065898,0.36903,0.059308,0,0.53048,0.54366,0.10544,0,0,0,0.059308,0.37562,0,0,0,0.052718,0.0032949,0,0,0
0,0.38935,0,0.54908,0,0,0,0.40599,0.083195,0,0,0,0,0.013311,0.0066556,0,0.039933,0,0.10982,1.198,0,0.02995,0.18636,0,0.026622,0.17304,0.0033278,0,0,0,0,0,0,0,0,0.0033278,0.086522,0,0,0,1.787,0.16306,0,0,2.3228,0.68885,0.16306,0.026622,0,0.08985,0.069884,0.079867,0.9218,0,0,0,0,0,0,1.797,0.0033278,0,1.0183,0,0.53577,0.039933,0.033278,0.27288,0.086522,0,0.21298,0,0,0,2.2529,0.036606,0,0.18968,0.14975,0,0,0.80865,0.12313,0.063228,0,0.033278,0,0.026622,0,0.57903,0,0.16306,0.079867,0,0.22962,0,0.026622,0,0,0.016639,0,0,0.0066556,0,0.0033278,0,0,0,0,0.0066556,0,0.026622,0,0,0.02995,0,0.026622,0,0,0.17304,0.0033278,0,0,0.026622,0,0,0,0,0,0,0,0,0,0,0,0,0,0,0,0.026622,0,0.083195,0,0,0,0,0.0033278,0.0033278,0,0,0,0.0066556,0,0,0.4426,0.0099834,0,0.90516,0.21298,0.02995,0,0,0,0.026622,0.1198,0,0,0,0,0.026622,0,0,0
0,1.0078,0,0.68791,0,0,0,0.58518,0.083225,0,0,0,0,0.024707,0,0,0.0039012,0,0.085826,0.35631,0,0.084525,0.46944,0,0.0013004,0.13914,0,0,0,0,0,0.022107,0,0,0,0,0.41612,0,0,0,3.6541,0.041612,0.020806,0,2.7087,0.89337,0.17295,0,0,0.15735,0.70351,0.022107,1.5111,0.10403,0,0,0,0,0,2.8336,0,0,2.2497,0,0.37841,0.17685,0.084525,0.12484,0.12484,0.084525,0.85566,0,0,0.0039012,2.0884,0.06762,0,0.14694,0.30949,0,0,0.84005,0.11053,0.20416,0,0.075423,0,0.0013004,0,0.75553,0,0.26658,0.085826,0,0.18986,0,0,0,0,0.023407,0,0,0,0,0,0,0,0.0013004,0,0.022107,0.0052016,0.0013004,0,0,0.020806,0,0.027308,0,0,0.19636,0,0,0.022107,0.0052016,0,0.020806,0,0,0,0,0,0,0,0,0,0.020806,0.0013004,0.006502,0,0,0,0.085826,0.020806,0,0,0,0,0.042913,0.0026008,0,0,0,0,0.0026008,0.37711,0.026008,0,2.0026,0.36931,0.022107,0,0,0,0.020806,0.044213,0,0,0,0,0.041612,0,0,0
0,0.12789,0,0.56838,0,0.071048,0,0.12789,0,0,0,0,0.11368,0,0,0,0.028419,0,0.12789,0.36945,0,0,0.12789,0,0,0.056838,0,0,0,0,0,0,0,0,0,0,0.4405,0,0,0,2.4298,0.18472,0,0,0.90941,0.28419,0.26998,0,0,0,0.35524,0.042629,2.0888,0.01421,0,0,0,0,0.01421,1.6625,0.01421,0,0.52575,0,0.51155,0.028419,0.071048,0.53996,0.2984,0,0.099467,0,0,0,2.1456,0,0,0,0.11368,0,0,0.75311,0.21314,0.15631,0,0,0,0,0.01421,0.071048,0,0.071048,0,0,0,0,0,0,0,0,0,0,0.01421,0,0,0,0,0,0,0.01421,0.042629,0,0,0,0,0,0.042629,0,0.056838,0.099467,0,0,0.01421,0,0,0,0.01421,0,0,0.01421,0,0,0,0,0.11368,0,0,0,0,0,0.056838,0,0,0,0,0,0,0.11368,0,0,0,0,0,0,0.18472,0,0,2.6714,0.28419,0.071048,0,0,0,0,0.056838,0,0,0,0,0.11368,0,0,0
0,0.34727,0,0.69919,0,0,0,0.39605,0.018583,0,0,0,0,0.037166,0,0,0.039489,0,0.13357,0.094077,0,0.04065,0.3043,0,0,0.031359,0,0,0,0,0,0.0011614,0,0,0,0,0.41231,0,0,0.0011614,2.6504,0.26132,0.037166,0,2.8885,0.37515,0.080139,0.0011614,0,0.098722,0.081301,0.037166,1.8153,0,0.037166,0,0.018583,0.0011614,0,3.6794,0.019744,0,1.2172,0,0.84437,0.062718,0.092915,0.1115,0.18699,0,0.22997,0,0,0.0023229,1.8897,0.11963,0,0.32288,0.223,0,0,0.71777,0.16144,0.34611,0,0.0092915,0.0011614,0,0.018583,1.3728,0,0.31127,0.04065,0,0.14983,0,0,0,0,0,0,0,0.0011614,0,0,0,0,0.0023229,0.018583,0.0011614,0.010453,0,0,0,0,0,0.059233,0,0.019744,0.2079,0,0,0,0.039489,0,0,0,0,0,0,0,0,0,0,0,0,0,0.0011614,0,0,0,0,0.037166,0,0,0.018583,0,0,0,0,0,0,0,0,0.16725,0.019744,0,0.80372,0.27178,0.019744,0,0,0,0.0011614,0.098722,0,0,0,0,0.037166,0,0,0
0,3.8876,0,2.7491,0,0,0,2.824,0.36704,0.29963,0,0,0.059925,0.25468,0,0,0.0074906,0,0.72659,0.2397,0,0.29963,1.8801,0.067416,0,0.38951,0.0074906,0.0074906,0,0,0,0,0,0,0,0.38951,0.9588,0,0,0,5.8502,3.1161,0.059925,0,5.4157,1.1461,0.18727,0,0,1.4682,0.31461,0.059925,4.4644,1.0787,0.35955,0,0,0.67416,0,9.3483,0.059925,0,2.824,0,2.7041,0.29963,0,0.30712,1.3184,0,2.7116,0,0,0,2.8839,0.65169,0.72659,1.573,2.794,0,0,4.3221,0.62921,1.0861,0,0.11985,0.29963,0.25468,0,4.1498,0.059925,2.1873,0.36704,0,0.4794,0,0.059925,0,0,0.11985,0,0,0.067416,0,0.0074906,0.0074906,0,0,0,0.0074906,0.014981,0,0,0,0,0,0.14981,0,0,0.64419,0,0,0,0.082397,0.0074906,0,0,0,0,0.18727,0,0,0,0,0,0.059925,0,0,0,0,0,0.074906,0.059925,0,0,0,0,0,0,0,0,0,0,0,1.3333,0,0,5.1985,1.633,0.14981,0,0,0,0.12734,0.31461,0,0.059925,0,0,0.29963,0,0,0
0,4.9577,0,0.97653,0,0,0,21.709,0.60094,0,0,0,0.60094,0,0.075117,0,0,0,1.277,0.4507,0,0.30047,2.6291,0.075117,0,1.1268,0.075117,0,0,0,0,0.075117,0,0,0,0.075117,1.277,0,0,0,25.54,7.4366,0,0,11.042,14.197,0.52582,0.67606,0,7.5869,1.5023,0,5.784,0,0,0,0,0.52582,0.075117,11.493,0,0,15.399,0,62.047,0.75117,0,9.0141,0.97653,0,4.2066,0,0,0.30047,10.216,0.97653,0,2.1033,1.8779,0,0,12.019,4.0563,2.4038,0,0.075117,0,0,0,9.615,0,10.516,1.5775,0,2.7793,0,0,0,0,0,0,0,0.30047,0,0,0,0,0,0,0,0,0,0,0,0,0,0.37559,0,0,0.4507,0.075117,0,0,0,0.075117,0,0,0,0,0,0,0,0,0,0,0,0.075117,0,0,0,0,0.90141,0,0,0,0.075117,0,0,0.97653,0,0,0,0,0,3.1549,0,0,5.1831,4.5822,0.30047,0,0,0,0.67606,2.1033,0,0,0,0,0.30047,0,0,0
0,2.9132,0,0.91038,0,0,0,9.1038,0.27312,0,0,0,0.18208,0,0,0,0,0,0.36415,0.54623,0,0.72831,2.1849,0,0,1.2745,0,0,0,0,0,0.18208,0,0,0,0.091038,2.1849,0,0,0,20.484,0.18208,0.18208,0,5.6444,9.0128,0,0,0,7.4651,4.9161,0.091038,6.4637,0,0,0,0.091038,2.7312,0,8.5576,0,0,6.0085,0,25.946,0.63727,0,2.458,0.54623,0,2.0939,0,0,0,5.2802,0.36415,0,1.4566,1.3656,0,0,5.0982,1.0014,0.63727,0,0.18208,0,0.36415,0,5.9175,0,4.2788,0.91038,0.18208,2.276,0,0,0,0,0.091038,0,0,0.091038,0,0,0,0,0,0,0.091038,0.091038,0,0,0,0,0,1.0014,0,0.18208,1.2745,0,0,0,0,0,0.091038,0,0,0,0,0,0,0,0,0,0,0.27312,0.091038,0,0,0,0.18208,0,0,0,0,0,0,0,0,0,0,0,0,1.1835,0,0,6.6458,1.4566,0,0,0,0,2.5491,0.81935,0,0,0,0,0.36415,0,0,0
0,2.3818,0,0.53782,0,0,0,5.1092,0.15366,0,0,0,0.076831,0.038415,0,0,0,0,0.076831,0.23049,0,0.26891,1.0756,0,0,0.26891,0.038415,0,0,0,0.076831,0.076831,0,0,0,0.15366,0.9988,0,0,0,23.318,0.30732,0.076831,0,2.7659,4.1489,0.038415,0,0.038415,3.5726,1.9592,0.34574,6.4922,0.53782,0,0,0.076831,2.3049,0.23049,4.3794,0.076831,0,6.108,0,14.06,0.42257,0,0.9988,0.84514,0,1.1909,0,0,0,5.1092,0.076831,0,0.88355,0.53782,0,0,2.9964,0.4994,0.57623,0,0.23049,0.26891,0.42257,0,2.958,0.076831,1.8439,0.26891,0.038415,0.92197,0,0,0,0,0,0,0,0,0,0,0,0,0,0,0,0,0,0,0,0,0,0.26891,0,0,0.65306,0,0,0.038415,0.038415,0,0,0,0,0,0.076831,0,0,0,0,0,0,0.038415,0.11525,0,0,0.038415,0.076831,0.11525,0,0,0,0,0,0,0,0,0,0,0,0.80672,0,0,2.7275,0.69148,0.076831,0,0,0,0.92197,0.11525,0,0,0,0,0.15366,0,0,0
0,9.1779,0,1.3742,0,0,0,25.08,1.1779,0.78528,0,0,0,0.04908,0,0,0,0,0.39264,0.78528,0,0.78528,2.9939,0,0,1.3252,0.04908,0.04908,0.04908,0,0,0.04908,0,0,0,0.44172,1.5706,0,0,0,45.301,3.9755,0,0,7.9018,13.252,0.19632,0,1.1779,15.804,4.908,0.04908,11.092,3.9264,0,0.04908,0,0.2454,0.78528,24.933,0,0,11.043,0,33.227,1.865,0,3.9755,0.4908,0.44172,1.3742,0,0,0,10.454,0.09816,0,3.681,1.4724,0,0,10.307,2.0613,2.5031,0,0.63804,0,0.44172,0,16.687,0,4.1718,3.3865,0,2.8957,0,0,0,0,0,0,0,0.39264,0,0,0,0.04908,0.04908,0,0,0,0,0,0,0,0,0.4908,0.04908,0.04908,0.93252,0,0.39264,0.39264,0.88344,0,0,0,0,0,0.04908,0,0,0,0,0.39264,0.78528,0.04908,0.83436,0,0,0,0,0,0,0,0,0,0.39264,0.78528,0,0,0,0,0.58896,5.1534,0,0,6.184,1.865,1.5706,0,0,0,2.0123,1.2761,0,0,0,0,0,0.39264,0,0
0,12.331,0,2.8535,0,0,0,41.019,1.2229,0,0,0,0,0.10191,0,0,0.10191,0,0,2.4459,0,2.5987,2.7516,0,0.050955,1.172,0.050955,0,0,0,0,0.81529,0,0.10191,0,0.20382,4.9936,0,0,0,40.51,1.6306,0,0,36.841,10.955,0,0.050955,0,7.8471,4.1783,0.050955,12.484,1.6306,0,0,0,1.0191,0,40.662,0.40764,0,6.6752,0,38.879,3.5669,0,3.3121,3.2611,0,5.5541,0,0,0,6.4713,0,0,7.7452,3.1592,0,0.40764,6.1656,1.7325,1.0701,0,0.66242,0.81529,0,0.81529,24.408,0,4.1783,0.96815,0.050955,4.1274,0.050955,0,0,0,0,0.050955,0,0.050955,0,0,0,0,0,0,0.050955,0.10191,0,0,0,0,0,0.20382,0,0.10191,2.6497,0,0,0.050955,0.4586,0,0.40764,0,0,0,0.10191,0,0,0,0,0,0,0,0,0,0,0,0,0,0,0,0,0,0,0,0,0,0,0,0,3.7197,0.15287,0,6.6242,4.3312,0.050955,0,0,0,1.2739,0.050955,0,0,0,0,0,0,0,0
0,3.2208,0,0.57143,0,0,0,2.6147,0,0,0,0,0.13853,0.15584,0.017316,0,0.27706,0,0.62338,0.29437,0,0.17316,1.7143,0,0,0.25974,0,0.034632,0,0,0,0,0,0,0,0.39827,0.9697,0,0,0,12.312,1.6623,0,0,6.961,2.9784,0.15584,0,0,0.48485,0.329,0.31169,11.498,0.27706,0.13853,0,0.13853,0.7619,0,13.316,0,0,2.9437,0.55411,4.4848,0.27706,0,1.6797,0.9697,0.15584,1.1255,0,0,0,3.0303,0.017316,0,0.4329,0.48485,0,0,6.5974,0.58874,0.069264,0,0.20779,0,0.27706,0,5.6623,0,1.8701,1.0043,0,0.70996,0,0,0,0,0.017316,0,0,0.017316,0,0,0,0,0.017316,0,0,0.017316,0,0,0,0,0,0,0,0.13853,0.64069,0,0,0,0,0,0,0,0,0,0.15584,0,0,0,0,0,0.13853,0,0.034632,0.017316,0,0,0,0,0,0,0.15584,0,0.13853,0,0,0,0,0,0,1.1429,0.017316,0,1.9048,2.5974,0.13853,0,0,0,0.41558,0.329,0,0,0,0,0.13853,0,0,0
0,0.77419,0.034409,0.62366,0,0,0,0.59355,0.10753,0,0,0,0.034409,0.047312,0,0,0.03871,0,0.03871,0.24086,0,0.13763,0.30538,0,0,0.17204,0,0,0.0043011,0,0,0,0,0,0,0,0.24516,0,0,0.034409,2.2323,0.20645,0,0,1.9183,0.4043,0.4,0,0,0.073118,0.52043,0.077419,2.4774,0.034409,0,0,0,0.043011,0,2.5978,0,0,1.1957,0,0.29677,0.16344,0.0043011,0.31398,0.10323,0,0.15484,0,0,0,1.4581,0.068817,0.034409,0.0043011,0.16774,0,0,0.8129,0.15054,0.086022,0,0.012903,0.060215,0,0,0.51613,0,0.26667,0.073118,0,0.14624,0,0,0.0043011,0,0.034409,0,0,0,0,0.0043011,0.0086022,0,0.025806,0.0043011,0,0.012903,0,0,0,0,0,0.073118,0,0,0.23226,0.0086022,0,0.051613,0.034409,0,0,0,0,0,0,0,0,0,0,0,0,0,0,0,0,0,0.0043011,0,0,0,0,0,0.0043011,0.077419,0,0,0,0,0,0.17204,0,0,0.94624,0.12903,0,0,0,0,0.0043011,0.10753,0,0,0,0,0.068817,0,0,0
0,2.543,0,1.2715,0,0,0,5.1921,0,0,0,0,0,0.21192,0,0,0,0,0,0.63576,0,3.4967,6.1457,0,0.10596,0.84768,0,0,0,0,0,0,0.10596,0,5.1921,0.10596,0.5298,0,0.21192,0,8.5828,14.517,0,0,6.5695,12.821,0,0,0,0,0.42384,0,0.21192,0,0,0,0,0,0,7.7351,0,0,2.4371,0,1.8013,0.10596,0,0.95364,1.0596,0,1.8013,0,0,0.10596,0.5298,0.10596,0,0.31788,0.84768,0,0,34.013,2.4371,5.1921,0,2.1192,0.10596,0,0,17.483,0.10596,1.8013,0.10596,0,0.63576,0,0,0,0,0,0,0,0.31788,0,0,0,0,0,0,0,0,0,0,0,0,0,0,0,0,0.5298,0,0,0,0,0,0,0,0,0,0.10596,0,0,0.21192,0,0,0,0,0,0,0,0,0,0.10596,0,0,0,0,0,0,0,0,0,0,0,0.74172,0,0,1.2715,3.2848,0,0,0,0,0.21192,0.74172,0,0,0,0,0,0,0,0
0,0.19441,0,0.038882,0,0,5.5601,6.7655,0.11665,0.97205,0,0,0,0,0,0,0.15553,0,0,0,0,0,0.97205,0,0,0.077764,0,0,0,0,0,0,0,0,0,0.077764,0.34994,0,0,0.038882,8.2041,1.0109,0,0,0.50547,0.50547,0,0.077764,0,0.81652,0.34994,0.077764,1.2442,0.038882,0,0,0,0.73876,0,2.0996,0.23329,0,3.0328,0,1.2053,0,0,0.81652,1.0498,0.19441,0.54435,0,0,0,1.1276,0.077764,0.77764,0.038882,0.46659,0,0,2.6051,0.23329,0.077764,0,0.038882,0,0,0,0.31106,0,0.31106,0,0,0,0,0,0,0,0,0,0,0,0,0,0,0,0,0,0,0,0,0,0,0,0,0,0,0.15553,0.077764,0,0,0,0,0,0,0,0,0,0.077764,0,0,0.15553,0,0,0,0,0.15553,0,0.077764,0,0,0,0,0,0,0,0.077764,0.31106,0.077764,0,0,0,0,0.69988,0.077764,0,0.11665,2.8384,0.31106,0,0,0,0.038882,0.15553,0,0,0,0,0,0,0,0
0,0.16121,0,0,0,0,0,3.5466,0,0.16121,0,0,0,0.16121,0,0,0.16121,0,0.16121,0,0,0,1.6121,0,0,0.16121,0,0,0,0,0,0,0,0,0,0,1.2897,0,0,0,45.461,1.1285,0,0,0.32242,5.4811,0.16121,0,0,0.48363,3.5466,0.64484,2.4181,1.1285,0,0,0,0.48363,0,8.3829,0,0.16121,6.2872,0,1.9345,0,0,5.1587,2.2569,0.96725,4.0302,0,0,0,1.6121,0,0,0.16121,0.64484,0,0,4.8363,0.32242,0.16121,0,0,0,0,0,3.2242,0,0,0,0,0,0,0,0,0,0,0,0,0.32242,0,0,0,0,0,0,0,0,0,0,0,0,0,0,0,0,0,0,0,0,0.16121,0,0,0,0,0,0.16121,0,0,1.7733,0,0,1.9345,0,0.32242,0,0,0,0,0,0,0,0,0,0,0.32242,0,0,0,0,0,6.932,0,0,0.80605,4.8363,0.32242,0,0,0.16121,0.16121,0,0,0,0,0,0,0,0,0
0,1.1163,0,0,0,0,1.2093,8.8372,0.37209,0.93023,0,0,0,0,0,0,0,0,0,0,0,0,1.5814,0,0,0.093023,0,0,0,0,0,0,0,0,0,0,4.5581,0,0,0,50.698,5.5814,0,0,3.1628,8,0.093023,0,0,1.2093,4.7442,2.2326,10.047,0.83721,0,0.37209,0,2.8837,0,9.1163,0,0,15.721,0,2.6047,0,0,5.7674,2.8837,2.2326,3.0698,0,0,0,3.3488,0.093023,0.093023,0.93023,0.74419,0,0,10.791,0,0.55814,0,0.74419,0,0,0,1.0233,0,0.093023,0.46512,0,0,0,0,0,0,0,0,0,0,0,0,0,0,0,0,0,0,0,0,0,0,0,0,0,0,0.093023,0,0,0,0.18605,0,0,0,0,0,0,0,0,0.46512,0,0,6.0465,0,0,0,0,0,0,0,0,0,0,0,0,0,0,0,0,0,0,16.558,0.37209,0,1.0233,4.7442,0.093023,0,0,0.18605,0,0,0,0,0,0,0.093023,0,0,0
0,0.15534,0,0,0,0,0.7767,6.7573,0,0,0,0,0,0,0,0,0,0.07767,0,0,0,0,2.3301,0,0,0.15534,0,0,0,0,0,0,0,0,0,0,1.2427,0,0,0,14.99,2.0971,0,0,0.54369,1.2427,0,0.07767,0,0.93204,1.2427,0.46602,2.4854,0.38835,0,0,0,1.0874,0,1.2427,0.15534,0,5.3592,0,1.6311,0,0,3.1845,0.31068,0.23301,0.93204,0,0,0,2.4854,0,0,0,0.85437,0,0,5.2039,0.38835,0.38835,0,0.07767,0,0,0.07767,2.8738,0,0.54369,0.38835,0,0,0,0,0,0.07767,0,0,0,0,0,0,0,0,0,0,0,0.15534,0,0,0,0,0,0,0,0,0.23301,0,0,0,0,0,0.15534,0,0,0,0,0,0,0.31068,0,0,0.23301,0,0.62136,0,0,0,0,0,0,0,0,0,0,0,0,0,0,0,0,44.816,0.15534,0,1.3204,1.7864,0.07767,0,0,0.62136,0,0,0,0,0,0,0.07767,0.07767,0,0
0,1.399,0,0.55962,0,0,0,1.6789,0.10175,0,0,0,0,0,0,0,0.15262,0,0.076312,0.10175,0,0.050874,2.3402,0,0,0.2035,0.050874,0,0,0,0,0,0,0,0,0.17806,0.86486,0,0,0.050874,3.6121,0.25437,0,0.050874,1.5262,1.5517,0.30525,0,0,0.63593,0.43243,0.12719,2.7218,0.050874,0,0,0,0.38156,0,3.7901,0.050874,0,1.4499,0,1.8569,0.12719,0.10175,0.407,0.15262,0,0.33068,0,0,0,2.5437,0.025437,0.050874,0.27981,0.407,0,0,2.6963,0.30525,0.2035,0,0.050874,0,0,0,1.0938,0,0.71224,0.10175,0,0.15262,0,0,0.050874,0,0,0,0,0,0,0,0,0,0,0.025437,0.050874,0.025437,0,0,0,0,0,0.050874,0,0,0.22893,0,0,0,0,0,0,0,0,0,0,0,0,0,0,0,0,0,0,0,0,0.10175,0,0.076312,0.025437,0.050874,0,0,0,0,0,0,0,0,0,0.53418,0.025437,0,0.83943,0.2035,0.050874,0,0,0,0.050874,0.35612,0,0,0,0,0,0,0,0
0,2.8366,0,0.60572,0,0.11819,0,7.0175,0,0.35457,0,0,0.11819,0,0,0,0,0,0,0.13296,0,0.11819,1.7876,0,0,0.73869,0,0.029548,0,0,0,0,0,0,0,0.10342,1.1967,0,0,0,10.652,1.6694,0,0,3.0139,8.1699,0.059095,0,0,0.63527,3.7673,0.044321,4.639,0,0,0,0,0.044321,0,6.8846,0.23638,0,3.7821,0,2.3786,0.059095,0,2.0683,0.82733,0,1.0194,0,0,0.11819,7.5937,0.11819,0,0.48753,1.1967,0,0,3.1764,0.26593,0.16251,0,0.2807,0,0.014774,0,1.7581,0,0.76824,0.13296,0,0.65005,0,0,0,0,0,0,0,0.014774,0,0,0,0,0,0,0.014774,0,0,0,0,0,0,0.014774,0,0,0.31025,0,0,0.014774,0.14774,0,0,0,0,0,0.014774,0,0,0,0,0,0.11819,0,0.044321,0,0,0.014774,0.014774,0,0,0,0.25115,0,0,0.25115,0,0,0,0,0,5.7175,0,0,2.1422,1.0489,0.23638,0,0,0,0.11819,0.47276,0,0,0,0,0,0,0,0
0,2.5201,0,3.899,0,0,0,18.306,0.42793,0.19019,0,0,0,0.23774,0,0,0.19019,0,0.19019,0.047548,0,0.76077,2.3774,0,0,0.85587,0,0,0,0,0,0,0,0,0,0.14264,0.85587,0,0,0,24.202,1.997,0,0,4.8024,6.7043,0.33284,0,0,4.3744,3.471,0.57058,6.0386,0.38039,0,0,0,0.14264,0,9.89,0,0,4.7548,0,15.453,0.28529,0,5.5632,0.80832,0,1.6642,0,0,0,12.03,0.61813,0.19019,0.76077,1.1412,0,0,6.419,0.61813,1.1412,0,0.047548,0,0.19019,0,4.4695,0,1.2838,0.42793,0,1.4264,0,0,0,0,0,0,0,0.095097,0,0,0,0,0,0,0,0.047548,0,0,0,0,0,0.047548,0,0,0.38039,0,0,0,0,0,0,0,0,0,0,0,0,0,0,0,0,0,0.23774,0,0,0,0.14264,0,0,0,0,0,0,0.047548,0,0,0,0,0,4.2793,0,0,3.9465,0.80832,0.38039,0,0,0,0.42793,1.4264,0,0,0,0,0.76077,0,0,0
0,4.0329,0,1.0016,0,0,0,12.31,0.10544,0.34267,0,0,0,0,0,0,0,0,0.21087,0.63262,0,0.026359,2.3196,0,0,0.55354,0,0,0,0,0,0.52718,0,0,0,0.39539,0.97529,0,0,0,13.417,0.10544,0,0,3.3213,4.112,0.052718,0,0,1.3443,2.4778,0.1318,3.9802,0.10544,0,0,0,0.42175,0,7.5914,0.10544,0,4.0329,0,6.9325,0.28995,0.026359,2.8995,1.4498,0,1.2389,0,0,0,25.252,0.21087,0.1318,0.34267,0.68534,0,0,3.453,0.47446,0.079077,0,0.15815,0,0,0,3.1895,0,0.39539,0.68534,0,0.65898,0,0,0,0,0.10544,0,0,0.052718,0,0,0,0,0.026359,0,0,0.10544,0.026359,0,0,0,0,0.1318,0.10544,0,0.60626,0.026359,0,0,0,0,0,0,0,0,0,0,0,0.10544,0,0,0,0,0.026359,0,0,0,0,0.026359,0,0,0,0,0,0,0,0,0,0,0,0.84349,0.1318,0,2.425,1.4498,0.026359,0,0,0,0.23723,0.21087,0,0,0,0,0,0,0,0
0,0.97324,0,1.3431,0,0,0,2.1703,0.097324,0.077859,0.077859,0,0.077859,0.0097324,0,0,0.077859,0,0.16545,0.077859,0,0.23358,0.46715,0,0.0097324,0.3017,0,0,0,0,0,0,0,0,0,0.077859,0.38929,0,0,0,8.1655,1.0998,0.15572,0.0097324,2.4234,2.0535,0.29197,0,0,0.12652,1.0414,0.15572,3.1533,0,0,0,0,0.0097324,0,7.0657,0.23358,0,2.5985,0.15572,6.0438,0.13625,0,0.48662,0.077859,0,0.72993,0,0,0.0097324,3.6886,0.23358,0,0.72019,0.38929,0,0,1.8102,0.3309,0.26277,0.019465,0.28224,0,0,0.077859,2.3455,0,0.77859,0.49635,0,0.70073,0,0,0,0,0.0097324,0,0,0.0097324,0,0,0,0,0.019465,0,0.019465,0,0,0,0,0,0,0.087591,0,0,0.068127,0.0097324,0,0,0.019465,0,0,0.0097324,0,0,0,0,0,0,0,0,0,0,0,0.019465,0,0.077859,0,0,0,0,0,0.0097324,0,0,0,0.029197,0,0,0,0.46715,0,0,1.3625,0.35036,0.097324,0,0.077859,0,0.077859,0.17518,0,0,0,0,0,0,0,0
0,0.80899,0,0.65169,0,0,0,2.9213,0.13483,0,0,0,0,0,0,0,0.089888,0,0.044944,0.22472,0,0.067416,0.51685,0,0,0.31461,0,0,0.044944,0,0,0,0,0,0,0,0.47191,0,0,0,5.4382,1.3483,0.044944,0,1.7753,1.618,0.26966,0.044944,0,0.47191,1.0112,0,2.0449,0.089888,0.13483,0,0,0,0,5.7079,0,0,1.4607,0,1.7528,0.089888,0,0.98876,0.17978,0.022472,0.40449,0,0,0,1.4607,0.067416,0,0.31461,0.26966,0,0,2.0449,0.089888,0.17978,0,0.044944,0,0,0.044944,1.4157,0,0.38202,0.13483,0,0.1573,0,0,0,0,0,0,0,0.022472,0,0,0,0,0.022472,0.022472,0.044944,0,0,0,0,0,0,0.044944,0,0.044944,0.40449,0,0,0,0.067416,0,0,0,0,0,0,0,0,0,0,0,0,0,0.044944,0,0,0,0.067416,0,0,0,0,0,0,0,0,0,0,0,0,0.60674,0.022472,0,0.80899,0.29213,0.067416,0,0,0,0,0.17978,0,0,0,0,0.022472,0,0,0.044944
0,4.0597,0,0.59701,0,0,0,2.1493,1.3134,0,0,0,0.1194,0,0,0,0.059701,0,0,0.29851,0,0.65672,1.3731,0.059701,0,0.41791,0,0,0,0,0,0,0,0,0,0,0.35821,0,0,0,11.881,0,0.1194,0,9.8507,11.94,0,0.23881,0,1.9104,1.0746,0.35821,6.5672,0,0,0,0,1.194,0,7.7612,0.059701,0,1.0149,0,3.8806,0.35821,0,4.4179,1.194,0,2.2687,0,0,0.059701,2.6269,0.1194,0,0.53731,0.83582,0,2.3881,3.8806,0.1791,0.53731,0,0.1194,0,0.059701,0,2.3881,0,1.9104,0.47761,0.059701,2.0299,0,0,0,0,0,0,0,0.1791,0,0,0,0,0,0,0,0,0,0,0,0,0,0.1791,0,0.059701,0.41791,0,0.1194,0.35821,0.23881,0,0,0,0,0,0.1194,0,0,0,0,0,0,0,0,0,0,0,0.35821,0,0,0,0,0,0,0,0,0,0,0,0,0.35821,0,0,2.9254,0.53731,0.1194,0,0,0,0.1194,0.41791,0,0,0,0,0.1194,0,0,0
0,3.4751,0,0.57919,0,0,0,1.3997,2.4133,0,0,0,0,0.24133,0,0,0.096531,0,0.1448,0.096531,0,0.43439,1.1101,0,0,0.43439,0,0,0,0,0,0,0,0,0,0,0.19306,0,0,0,8.1086,0,0,0,5.8401,10.329,0.38612,0,0,1.6893,1.3032,0.096531,7.7225,0,0,0,0,0.77225,0,3.6199,0,0,0.57919,0.096531,4.9231,0.096531,0,1.448,0.96531,0,1.8341,0,0,0,3.4268,0.33786,0.048265,0.096531,0.33786,0,1.641,3.1373,0.43439,0.38612,0,0,0,0.57919,0,2.2685,0,1.1584,0.28959,0,2.2685,0,0,0,0,0,0,0,0.048265,0,0,0,0,0,0,0,0,0.048265,0,0,0,0,0.096531,0,0.19306,0.72398,0,0.096531,0.48265,0.048265,0,0,0.096531,0,0,0.096531,0,0,0,0,0,0,0,0,0,0,0,0.38612,0,0,0,0,0,0,0,0,0,0,0,0,0.19306,0,0,1.8824,0.28959,0.1448,0,0,0,0,0.48265,0,0,0,0,0.19306,0,0,0
0,0.89358,0,2.6325,0,0,0,1.5457,0,0,0,0,0,0,0,0,0.096604,0,0.19321,0.096604,0,0,0.89358,0,0,0.048302,0,0,0,0,0,0.024151,0,0,0,0.19321,0.57962,0,0,0,14.418,0.43472,0,0,1.7389,7.8249,0.19321,0,0,3.5502,2.2219,0,3.357,0.19321,0,0,0,0,0,4.8785,0,0,3.4777,0.096604,8.163,0.33811,0,5.9653,0.38642,0,1.1834,0,0,0,2.4875,0.24151,0,0.41057,0.84528,0,0,1.7147,0.36226,0.48302,0,0.14491,0,0.94189,0,2.3185,0,1.5698,0.24151,0,2.1736,0,0,0,0,0,0,0,0,0,0,0,0,0,0,0,0,0,0,0,0,0,0,0,0,0.19321,0,0,0,0,0,0.024151,0,0,0,0,0.024151,0.048302,0,0,0,0,0.024151,0.024151,0.024151,0,0,0.048302,0,0,0,0.048302,0,0.31396,0.096604,0,0,0,0,0,1.6664,0.024151,0,1.8596,0.33811,0.096604,0,0,0,0.26566,0.26566,0,0,0,0,0.28981,0,0,0
0,0.86682,0,3.0339,0,0,0,4.4063,0,0,0,0,0,1.0113,0,0,0,0,0.72235,0,0,0.28894,1.6614,0,0,0.28894,0,0,0,0,0,0,0,0,0,0,0.65011,0,0,0,77.436,0.57788,0,0,2.3115,5.9233,0.57788,0,0,13.002,9.4628,0.28894,12.497,1.4447,1.7336,0,0,0,0.28894,16.108,0.072235,0,16.542,0,42.041,0.36117,0,24.343,1.228,0.86682,1.5892,0,0,0,4.5508,0,0,0.36117,1.6614,0,0,9.246,1.3002,0.79458,0,0.43341,0,3.0339,0.57788,18.492,0.28894,4.4063,2.0948,0,0.72235,0,0,0,0,0,0,0,0,0,0,0,0,0,0,0,0,0,0,0,0,0,0,0,0,0,0,0,0,0.072235,0,0.86682,0,0,0,0,0,0,0,0,0,0,0.072235,0.72235,0,0,0.072235,0,0.28894,0,0,0,0,0.28894,1.0113,0,0,0,0,3.7562,3.0339,0.28894,0,2.2393,1.5892,0.28894,0,0,0,0.072235,0.36117,0,0,0,0,0,0,0,0
0,0.97079,0,0.86292,0.07191,0,0,4.2966,0.07191,0,0,0,0.44944,0.017978,0,0,0,0,0,0.14382,0,0.28764,0.70112,0,0,0.43146,0,0.017978,0,0,0,0.035955,0,0,0,0,0.37753,0,0.017978,0,6.5798,1.0067,0.28764,0,2.8584,1.7618,0.21573,0,0,2.2292,1.7438,0.14382,2.9483,0,0,0,0,0.70112,0,4.3506,0,0,1.7618,0,5.6629,0.25169,0.14382,2.6966,0.23371,0.17978,0.68315,0,0,0,3.9371,0.17978,0.07191,0.43146,0.62921,0,0,1.5101,0.26966,0.26966,0,0.26966,0.07191,0.97079,0.14382,2.2831,0,1.2045,0.19775,0,0.62921,0,0.14382,0,0,0.07191,0,0,0.017978,0,0,0,0,0,0,0,0,0,0,0,0,0,0.089888,0,0.089888,0.26966,0.017978,0,0.035955,0.1618,0,0.017978,0,0,0,0.035955,0,0,0,0,0,0,0.089888,0,0,0,0,0.14382,0.089888,0,0,0.07191,0,0,0,0,0,0,0,0.07191,0.89888,0.017978,0,1.1865,0.77303,0.14382,0,0,0.017978,0.017978,0,0,0,0,0,0.07191,0.21573,0,0
0,0.77375,0,0.27634,0,0,0,3.3161,0,0,0,0,0.11054,0.11054,0,0,0,0,0.1658,0.11054,0,0.22107,1.658,0,0,0.38687,0,0,0,0,0,0,0,0,0,0,0.99482,0,0,0,25.589,0.11054,0,0,3.095,7.7927,0.1658,0.11054,0,7.019,2.9845,0,5.6373,0.22107,0.22107,0.055268,0,0.71848,0.11054,8.8981,0,0,3.924,0,11.275,0.55268,0.055268,5.361,0.82902,0,1.4922,0,0,0.055268,3.095,0.055268,0,0.33161,0.93955,0,0,4.8636,0.22107,0.60794,0,0.22107,0.11054,0.33161,0,2.6528,0,1.2159,0.82902,0,0.27634,0,0,0,0,0,0,0,0,0,0,0.11054,0,0,0,0.11054,0,0,0,0,0,0,0.27634,0,0.11054,0.55268,0,0,0,0,0,0.055268,0,0,0,0,0,0,0,0,0,0,0,0.055268,0,0,0,0.055268,0.11054,0,0,0,0,0,0,0,0,0,0,0.055268,1.4922,0,0,1.7686,0.77375,0.055268,0,0,0,0.33161,0.11054,0,0,0,0,0,0,0,0
0,2.2998,0,4.1546,0,0,0,8.8284,0.098918,0.02473,0,0,0,0.02473,0,0,0,0.02473,0.02473,0.27202,0,0.098918,1.2117,0,0,0.34621,0,0,0,0,0,0,0,0.02473,0.02473,0,0.71716,0.02473,0,0,18.597,0.49459,0,0,3.1159,2.5966,0.56878,0.19784,0.4204,6.0835,1.558,0,4.476,0.098918,0,0,0,0.2473,0.19784,5.1685,0,0,2.8192,0,5.9104,0.02473,0,1.3354,0.61824,0.098918,1.1623,0,0,0,1.9784,0.02473,0,0.59351,1.0881,0,0.098918,1.4343,0.4204,0.098918,0,0.12365,0.02473,0.32148,0.098918,3.5611,0,1.83,0.22257,0,0.51932,0,0,0,0,0,0,0,0.049459,0,0,0,0,0,0,0,0,0,0,0,0,0,0,0,0,0.37094,0,0,0.049459,0,0,0,0,0,0,0,0,0,0,0,0,0,0.02473,0.02473,0,0,0,0,0,0,0,0,0,0.29675,0,0,0,0,0,0,0.59351,0,0,1.3107,0.51932,0.12365,0,0,0,0.12365,0.14838,0,0,0,0,0,0,0,0
0,0.61842,0,0.59868,0,0,0,1.1184,0.11184,0.052632,0,0,0,0,0,0,0.125,0,0,0.059211,0,0.052632,0.59868,0,0,0.072368,0,0,0,0,0,0,0,0.052632,0,0,1.2697,0,0,0,5.9934,0.052632,0.15789,0,1.5526,2.4013,0.40132,0,0,0.40789,0.30921,0.11184,4.5658,0.052632,0,0,0.052632,0.16447,0,2.9671,0,0,2.6974,0,0.96053,0.026316,0,0.26974,0.52632,0,0.51974,0,0,0,3.9474,0.10526,0,0.17763,0.32895,0,0.52632,1.1776,0.13816,0.24342,0,0.13816,0,0,0.052632,3.1974,0,1.0461,0.052632,0,0.5,0,0,0,0,0,0,0,0,0,0,0,0,0.013158,0,0,0.026316,0.0065789,0,0,0.0065789,0,0.19079,0,0.052632,0.19079,0,0,0,0,0,0,0.052632,0,0,0,0,0,0.0065789,0,0,0,0,0.052632,0,0,0,0.065789,0.0065789,0,0,0,0,0.052632,0.019737,0,0,0.052632,0,0,0.42763,0.019737,0,0.70395,0.28947,0.11184,0,0,0,0.0065789,0.38816,0,0,0,0,0,0,0,0
0,0.80262,0,0.95965,0,0,0,1.169,0.034896,0.069793,0.069793,0,0.034896,0,0,0,0.10469,0,0.043621,0.034896,0,0.10469,0.58451,0,0,0.026172,0,0,0.034896,0,0,0.034896,0,0,0,0,0.42748,0,0,0.034896,5.3304,0,0,0,2.3642,0.70665,0.20065,0,0,0.27917,0.23555,0.034896,2.8702,0.034896,0,0,0,0.41003,0,3.6641,0.10469,0,3.3762,0.034896,3.3413,0.14831,0,0.30534,0.31407,0,0.58451,0,0,0.0087241,3.0185,0.034896,0.034896,0.32279,0.23555,0,0.069793,0.86369,0.034896,0.061069,0.0087241,0.10469,0.034896,0.017448,0.034896,1.9019,0,0.43621,0.17448,0,0.13959,0,0,0,0,0,0,0,0.0087241,0,0,0,0,0.0087241,0.0087241,0,0.017448,0,0,0,0,0,0.043621,0,0.0087241,0.37514,0.0087241,0,0,0.017448,0,0,0,0,0,0.034896,0,0,0,0,0,0,0,0,0,0,0,0.026172,0,0,0.0087241,0,0.0087241,0.0087241,0.043621,0,0.017448,0.026172,0,0,0.2879,0.069793,0,0.253,0.27917,0.0087241,0,0,0,0,0.0087241,0,0,0,0,0,0,0,0
0,0.52174,0,0.52174,0,0.053512,0,0.48161,0.033445,0,0,0,0.026756,0.033445,0,0,0.053512,0,0.040134,0.033445,0,0.053512,0.22742,0.013378,0,0.013378,0,0,0.033445,0,0,0.060201,0,0,0.033445,0.006689,0.26756,0,0,0,4.9833,0.026756,0.026756,0,1.0635,1.0702,0.66221,0,0,0.32776,0.50167,0.10702,3.0502,0.16054,0,0,0,0.1806,0.026756,1.7926,0.006689,0,2.2609,0.053512,1.311,0.060201,0.020067,1.3779,0.35452,0,0.4214,0,0,0.006689,2.7692,0.053512,0,0.12709,0.1806,0,0.053512,0.82274,0.301,0.073579,0,0.006689,0,0,0.080268,1.3846,0,0.40803,0.033445,0,0.033445,0,0,0,0,0,0,0,0,0,0,0,0,0.013378,0,0,0.013378,0,0,0,0,0,0,0,0.060201,0.10702,0,0,0.020067,0.033445,0,0.026756,0,0,0,0,0,0,0.060201,0,0,0.026756,0,0.026756,0,0,0,0.006689,0.026756,0,0,0,0,0.040134,0.033445,0,0,0,0,0.026756,0.77592,0.026756,0,0.34783,0.20736,0.053512,0,0,0,0,0.060201,0,0,0,0,0.053512,0,0,0
0,0.72794,0,0.48529,0,0,0,0.54412,0.073529,0,0,0,0,0.022059,0,0,0.022059,0.0073529,0,0.029412,0,0.073529,0.5,0,0,0.022059,0,0,0.0073529,0,0,0.058824,0,0,0,0,0.50735,0,0,0,3.6838,0.029412,0,0,1.5221,1.1618,0.40441,0,0,0.14706,0.48529,0.066176,2.2574,0.029412,0,0,0.029412,0.080882,0.088235,2,0.066176,0,2.2206,0.058824,1.1544,0.058824,0,0.21324,0.17647,0,0.19853,0,0,0,2.1912,0.088235,0,0.19118,0.15441,0,0.14706,1.0956,0.17647,0.15441,0,0.051471,0,0.0073529,0.0073529,1.3824,0,0.30882,0.0073529,0,0.26471,0,0,0,0,0,0,0,0.0073529,0,0.0073529,0,0,0.0073529,0.0073529,0,0.044118,0,0,0,0,0,0.13971,0,0.088235,0.27941,0,0,0,0.036765,0,0,0,0,0,0,0,0,0.066176,0,0,0,0,0.029412,0,0,0,0.0073529,0,0,0,0,0,0.095588,0.044118,0,0.0073529,0,0.0073529,0,0.30147,0.088235,0,0.19853,0.30147,0,0,0,0,0,0.16176,0,0,0.029412,0,0,0,0,0
0,0.46667,0,0.86667,0,0.011111,0,1.0778,0.022222,0,0,0,0,0.022222,0,0,0.011111,0.022222,0.022222,0.055556,0,0.044444,0.75556,0,0,0.11111,0,0,0,0,0,0.022222,0,0.011111,0,0.022222,0.37778,0.011111,0,0.011111,3.0889,0.022222,0,0,1.6778,0.93333,0.088889,0,0,0.31111,0.53333,0.066667,3.7444,0.022222,0,0,0.044444,0.033333,0,2.3222,0.022222,0,1.2333,0.022222,0.58889,0.055556,0.011111,0.53333,0.24444,0,0.3,0,0,0.044444,2.9889,0.077778,0.011111,0.088889,0.37778,0,0.13333,1.0333,0.14444,0.1,0.044444,0.022222,0,0,0.088889,1.3333,0,0.44444,0.15556,0,0.23333,0,0,0.011111,0,0,0.011111,0,0,0,0,0,0,0.022222,0,0.011111,0.033333,0,0,0.011111,0,0,0.055556,0.011111,0.022222,0.32222,0,0,0.011111,0.044444,0,0,0,0,0,0.011111,0,0,0,0,0,0,0,0.011111,0,0,0.011111,0.022222,0,0,0.011111,0,0.022222,0,0.066667,0,0.033333,0.033333,0.011111,0,0.33333,0.011111,0,0.48889,0.18889,0.13333,0,0,0.022222,0.022222,0.066667,0,0,0,0,0.022222,0,0,0
0,0.41128,0,0.65008,0,0,0,1.1542,0,0,0,0,0,0.026534,0,0,0.013267,0,0.066335,0,0,0.22554,0.67662,0,0,0.079602,0,0,0.013267,0,0,0.053068,0,0,0,0.013267,0.74295,0,0,0,5.7446,0.21227,0.053068,0,2.4279,1.937,0.17247,0,0,0.55721,0.83582,0.1592,4.869,0.053068,0,0,0,0.14594,0,2.7463,0,0,1.2604,0.053068,1.141,0.053068,0,1.2206,0.26534,0,0.35821,0,0,0.079602,3.2106,0.053068,0.10614,0.22554,0.199,0,0.21227,1.8839,0.10614,0.23881,0.013267,0.066335,0.066335,0,0,1.5522,0,0.53068,0.10614,0,0.34494,0,0,0,0,0,0,0,0,0,0,0,0,0.013267,0,0,0.013267,0.013267,0,0,0.013267,0,0.039801,0.026534,0.092869,0.50415,0.026534,0,0,0,0,0,0.053068,0,0,0,0,0,0,0,0,0,0,0,0,0,0,0.1194,0,0,0,0,0.066335,0.013267,0,0,0,0.053068,0,0,0.39801,0.053068,0,0.37148,0.21227,0.013267,0,0,0,0,0.053068,0,0,0,0,0.053068,0,0,0
0,0.51064,0,0.22695,0,0,0,1.9291,0.085106,0,0,0,0,0,0,0,0,0,0,0.07565,0,0.037825,0.37825,0,0,0.1513,0,0,0,0,0,0,0,0,0,0,0.07565,0,0,0,4.1135,0.11348,0,0,1.0118,3.7163,0.094563,0,0,0.37825,0.54846,0.07565,5.2577,0.037825,0.41608,0,0,0.1513,0,2.6383,0,0,0.32151,0,0.42553,0.037825,0,0.52955,0.23641,0,0.33097,0,0,0.07565,1.6832,0.037825,0,0.1513,0.61466,0,0,1.0591,0.14184,0.32151,0,0.0094563,0,0.33097,0,1.1442,0,0.35934,0.037825,0,0.14184,0,0,0,0,0,0.0094563,0,0,0,0,0,0,0,0,0.0094563,0,0,0,0,0,0,0.0094563,0,0,0.10402,0,0,0.0094563,0.018913,0,0,0,0,0,0,0,0,0,0,0,0,0,0,0,0,0,0,0.037825,0,0,0,0,0,0,0,0,0,0,0,0.63357,0,0,0.27423,0.056738,0.037825,0.037825,0,0,0,0.1513,0,0,0,0,0.037825,0,0,0
0,0.4335,0,0.18391,0,0,0,2.89,0,0,0,0,0,0.013136,0.013136,0,0.13136,0.013136,0.052545,0.10509,0,0.11823,0.21018,0,0,0.38095,0,0,0.013136,0,0,0.013136,0,0,0,0.052545,0.26273,0,0,0,4.1773,0.73563,0,0,1.4713,1.5632,0.065681,0,0,0.35468,0.61741,0.13136,5.5435,0.052545,0,0,0,0.13136,0,3.179,0,0,0.53859,0.10509,0.98522,0,0,0.98522,0.23645,0,0.47291,0,0,0.078818,3.757,0.065681,0,0.013136,0.19704,0,0.052545,1.3924,0.052545,0.091954,0.013136,0.11823,0.013136,0,0,0.80131,0,0.32841,0.039409,0,0.31527,0,0,0,0,0,0,0,0,0,0,0,0,0.026273,0.013136,0,0,0.013136,0,0,0,0,0.091954,0.013136,0.18391,0.45977,0.013136,0,0,0.039409,0,0,0,0,0,0,0,0,0,0,0,0,0,0,0,0,0,0,0,0,0,0,0,0.039409,0,0,0,0,0,0,0.42036,0.039409,0,0.84072,0.21018,0.11823,0,0,0.013136,0.013136,0.22332,0,0,0,0,0,0,0,0
0,0.42667,0,0.32,0,0,0,7.639,0,0,0.065641,0,0,0.082051,0,0,0,0,0.065641,0,0,0.065641,0.25436,0,0,0.11487,0,0,0,0,0,0,0,0,0,0,0.39385,0,0,0,4.2585,0.19692,0,0,2.1662,1.0421,0.098462,0.0082051,0,0.52513,0.36103,0.0082051,4.8492,0.13128,0,0,0,0.0082051,0,1.9692,0,0,0.68103,0,0.67282,0.22154,0,0.13949,0.54974,0,0.45128,0,0,0.39385,4.1928,0.073846,0,0.1559,0.26256,0,0.065641,1.3456,0.25436,0.50872,0.057436,0.082051,0.024615,0,0,0.77128,0,0.55795,0.1559,0,0.60718,0,0,0,0,0,0,0,0.01641,0,0,0,0,0.0082051,0,0.0082051,0.0082051,0.0082051,0,0,0.01641,0,0.31179,0,0.01641,0.51692,0.049231,0,0,0.01641,0,0,0,0,0,0,0,0,0,0,0,0.065641,0,0,0,0,0,0.01641,0,0,0,0,0,0.073846,0,0,0,0.098462,0,0,3.1836,0,0,0.76308,0.30359,0.01641,0,0,0,0,0.17231,0,0,0,0,0.13128,0,0,0
0,0.52671,0,0.16894,0,0,0,1.6596,0.039752,0,0,0,0.039752,0.059627,0,0,0.0099379,0.0099379,0.079503,0.039752,0,0.15901,0.48696,0.019876,0,0.13913,0,0,0.0099379,0,0,0,0,0,0.0099379,0.069565,0.80497,0,0,0.039752,3.4683,1.7689,0.079503,0,1.3217,0.82484,0.41739,0,0,0.33789,0.54658,0.14907,2.8621,0,0,0,0,0.0099379,0,2.405,0,0,0.70559,0.039752,0.61615,0.049689,0.039752,1.2025,0.089441,0,0.21863,0,0,0.30807,2.8621,0.0099379,0,0.24845,0.22857,0,0.11925,1.0037,0.21863,0.39752,0.019876,0.089441,0.049689,0.079503,0.12919,1.5503,0,0.48696,0.049689,0,0.16894,0,0,0,0,0,0,0,0.0099379,0,0,0,0,0,0,0,0.049689,0.0099379,0,0,0.019876,0,0.16894,0,0.039752,0.17888,0,0,0,0.0099379,0,0,0,0,0,0,0,0,0,0,0,0,0,0,0,0,0,0.019876,0,0,0,0,0.019876,0.039752,0.029814,0,0.0099379,0,0,0,0.49689,0.0099379,0,0.64596,0.11925,0.039752,0,0,0,0,0.14907,0,0,0,0,0.039752,0,0,0
0,0.22508,0,0.07074,0,0,0,1.6463,0.012862,0,0.025723,0,0,0.019293,0,0,0.025723,0,0,0.012862,0,0.032154,0.07717,0,0.0064309,0.07074,0,0,0.032154,0,0,0,0,0,0,0,0.19293,0,0,0,2.6367,0.051447,0,0,1.074,0.72026,0.07074,0,0,0.23151,0.21222,0.10289,1.8135,0,0,0,0,0.032154,0.051447,1.2026,0,0,0.30225,0,0.76527,0.032154,0.025723,0.26367,0.14148,0,0.15434,0,0,0.22508,1.4405,0.10932,0.025723,0.1672,0.090032,0,0,1.0482,0.064309,0.19293,0.0064309,0.0064309,0,0.025723,0,0.39871,0.0064309,0.31511,0.051447,0,0.21865,0,0,0,0,0.025723,0,0,0,0,0.025723,0,0,0,0,0,0,0.012862,0,0,0,0,0.090032,0,0.012862,0.18006,0.012862,0,0,0.0064309,0,0.025723,0.051447,0,0,0,0,0,0,0,0,0,0,0.0064309,0,0,0,0,0,0,0,0,0,0,0,0,0,0.025723,0,0,0.29582,0.0064309,0,0.27653,0.12219,0.0064309,0,0,0,0,0.07074,0,0,0,0,0,0,0,0
0,0.3297,0,0.25212,0,0,0,0.77576,0.09697,0,0,0,0,0,0,0,0.09697,0,0.077576,0.077576,0,0.15515,0.83394,0,0,0.23273,0,0,0,0,0,0,0,0,0,0,0.46545,0,0,0,14.739,0.25212,0,0,1.4739,2.2691,0.077576,0,0,0.52364,0.89212,0.23273,4.4024,0,0.3103,0,0,0,0,3.103,0,0,1.4545,0,12.335,0.038788,0.09697,0.64,1.28,0,0.36848,0,0,0.77576,3.3939,0.09697,0,0.27152,0.67879,0,0,1.9976,0.17455,0.36848,0.019394,0.058182,0,1.92,0,0.83394,0,0.73697,0.19394,0,0.36848,0,0,0,0,0,0,0,0.038788,0,0,0,0,0,0,0.077576,0,0,0,0.077576,0,0,0.019394,0,0.23273,0.46545,0.019394,0,0.21333,0,0,0.077576,0.019394,0,0,0,0,0,0,0,0,0,0,0,0,0,0,0.077576,0,0,0,0,0,0.019394,0.019394,0,0,0.019394,0,0,0.3103,0.019394,0,0.54303,0.29091,0,0,0,0,0.038788,0.077576,0,0,0,0,0,0,0,0
0,4.3495,0,0.97642,0,0,0,3.9501,0,0,0,0,0,0,0,0,0,0,0,0.35506,0,0.022191,0,0,0,0.31068,0,0.022191,0,0,0,0,0,0,0,0,2.7961,0,0,0,18.929,0,0,0,1.1983,1.1318,0,0.19972,0,0.39945,0.39945,0.19972,1.3315,0,0,0,0,0,0,2.7739,0,0,2.2857,0,5.3481,0.17753,0,2.8627,0.57698,0.17753,1.7531,0,0,0,1.2427,0.37725,0,0.93204,0.19972,0,0,0.24411,0.22191,0.022191,0,0,0,0,0,2.2635,0,0.044383,0.022191,0,0.90985,0,0,0,0,0,0,0,0.066574,0,0,0,0,0,0,0,0,0,0,0,0,0,0,0,0.022191,0.28849,0.022191,0,0.044383,0,0,0,0,0,0,0,0,0,0,0,0,0,0,0,0,0,0.19972,17.154,3.5506,0,0,0,0,0,0,0,0,0,0,0,0.35506,0.79889,0,9.0541,0.44383,0,0,0,0.17753,3.0846,0.39945,0,0,0,0,0.17753,0,0,0
0,0.21705,0,0.12403,0,0,0,0.43411,0.12403,0,0,0,0,0,0,0,0.015504,0,0,0,0,0.031008,0.093023,0,0,0.12403,0,0,0,0,0,0,0,0,0,0,1.7984,0,0,0,13.69,0,0,0,0.89922,2.6202,0.046512,0.12403,0,0.44961,0.7907,0.24806,4.4031,0,0,0,0,0.046512,0,2.6822,0.062016,0,0.88372,0,1.5969,0.062016,0,1.938,0.49612,0,0.43411,0,0,0,1.2093,0.37209,0,0.55814,0.046512,0,0,0.10853,0.031008,0.062016,0,0,0.077519,0,0.26357,0.71318,0,0.32558,0.12403,0,0.12403,0,0,0,0,0,0,0,0,0,0,0,0,0,0,0,0,0,0,0,0,0,0.015504,0.015504,0.062016,0.35659,0,0,0,0.077519,0,0,0,0,0,0.077519,0,0,0,0,0,0,0,0,0,0,0,4.9457,0.31008,0,0,0,0,0,0,0,0,0,0,0,0.31008,0.12403,0,1.4574,0.26357,0.077519,0.015504,0,0,0.24806,0.015504,0,0,0,0,0,0,0,0
0,0.017167,0,0,0,0,0,0.13734,0,0,0,0,0,0.025751,0,0,0.094421,0,0,0.30043,0,0,0.094421,0,0.034335,0.085837,0,0,0,0,0,0,0,0,0,0,0.24034,0,0,0,2.1631,0.085837,0,0,0,0.92704,0,0,0,0.025751,0.077253,0.13734,1.5107,0,0,0,0,0.25751,0,0.95279,0,0,0.034335,0,0.63519,0,0,0.025751,0.14592,0,0.27468,0,0,0,0.34335,0,0.034335,0.017167,0.042918,0,0,0.20601,0.017167,0.017167,0,0.017167,0.017167,0,0.017167,0.034335,0,0.12017,0.017167,0,5.073,0.025751,0.82403,0.12876,0,0.06867,0.034335,0,0.017167,0,0,0,0,0,0,0,0,0,0,0,0,0.034335,0.034335,0,0.051502,0.12017,0,0,0,0.077253,0,0.15451,0,0,0,0.051502,0,0,0,0,0,0,0,0,0,0,0,0,0,0,0,0,0,0.017167,0,0,0,0,0,0,0.025751,0.017167,0,0.33476,0.41202,0.36052,0,0,0,0,0,0,0,0,0,0.034335,0,0,0
0,0,0,0,0,0,0,0.17952,0,0,0,0,0,0,0,0,0,0,0,0,0,0,0.62833,0,0,1.7952,0,0,0,0,0,0,0,0,0,0,0.089762,0,0,0,35.007,0,0,0,0,59.422,0,0,0,0,0.89762,0,6.8219,0,0,0,0,0,0,7.2707,0,0,0,0,0,0,0,0.089762,5.1164,0.089762,7.899,0,0.089762,0,0.35905,0,0,0.089762,1.0771,0,0,5.4755,0.62833,1.9748,0,0.089762,0,0,0.089762,0.89762,0,1.7055,0,0,0.44881,0,0.089762,0,0,0,0.089762,0,0.26928,0,0,0,0,0,0,0,0,0,0,0,0,0,0,0,0.089762,0,0,0,0,0,0,0.44881,0,0,0,0,0,0,0,0,0,0,0,0,0,0,0,0,0,0,0,0,0,0,0,0,0,0,0,0,5.4755,0,0,0.35905,1.9748,0.35905,0,0,0,0,0.089762,0,0,0,0,0.089762,0,0,0
0,0,0,0,0,0,0,0,0,0,0,0,0,0.061538,0,0,0,0,0,0,0,0,0.18462,0,0,1.1692,0,0,0,0,0,0,0,0,0,0,0,0,0,0,21.231,0.061538,0,0,0,23.2,0,0,0,0,0.8,0.43077,8.1846,0,0,0,0,0,0,1.8462,0,0,0,0,0.061538,0,0,0.12308,3.7538,0.12308,9.8462,0,0,0,1.1692,0.18462,0,0,4.6769,0,0,10.031,1.0462,2.8308,0,0,0,0,0,0,0,0.24615,0,0,0,0,0,0,0,0,0,0,0.061538,0,0,0,0,0,0,0,0,0,0,0,0,0,0,0,0,0,0,0,0,0.061538,0,0,0,0,0,0,0,0,0,0,0,0,0,0,0,0,0,0,0,0,0,0,0,0,0,0,0,0,0,0,0,0,0,0.61538,1.4769,0.49231,0,0,0,0,0.36923,0.12308,0,0,0,0.12308,0,0,0
0,0,0,0,0,0,0,2.6122,0,0,0,0,0,0,0,0,0,0,0,0,0,0,6.2041,0,0,1.6327,0,0,0,0,0,0,0,0,0,0,0,0,0,0,66.612,0,0,0,0,762.78,0,0,0,0,2.6122,0,234.45,0,0,0,0,0,0,1.6327,0,0,0,0,0,0,0,3.9184,5.551,0,30.041,0,0,0,0,0,0,0,5.8776,0,0,10.122,0,0.65306,0,0,0,0,0,0,1.3061,3.9184,0,0,0,0,1.3061,0,0,0,0,0,0,0,0,0,0,0,0,0,0,0,0,0,0,0,0,0,0,0,0,0,0,0,0,0,0,0,0,0,0,0,96.98,0,0,0,0,0,0,0,0,0,0,0,0,0,0,0,0,0,0,0,0,0,0,1.3061,0,6.5306,20.245,0,0,0,0,0,2.6122,0,0,0,0,0,0,0,0
0,0,0,0,0,0,0,0,0,0,0,0,0,0.88889,0,0,0,0,0,0,0,0,0,0,0,0.59259,0,0,0,0,0,0,0,0,0,0,0,0,0,0,64.593,0,0,0,0,192.89,0,0,0,0,0.14815,0.2963,5.9259,0,0,0,0,0,0,1.1852,4.7407,0,0,0,0,0,0,4.4444,18.963,0.59259,39.556,0,0,15.704,0,0,0,13.63,9.037,0,0,1.7778,1.3333,0.44444,0,0.2963,0,0,2.0741,2.963,0.88889,2.2222,0,0,0,0,0.44444,0,0,0,0,0,0,0,0,0,0,0,0,0,0,0,0,0,0,0.2963,0,0,0,0,0,0,0,0,0,0.2963,0,0,0,0.2963,0,0,4.4444,0,0,0,0,0,0,0.88889,0,0,0,0,0,0,0,0,0,0,0,0,0,0,1.4815,0,0,14.963,7.5556,1.037,0,0,0,0,0.59259,0.2963,0,0,0,0,0,0,0
0,0,0,0,0,0,0,0,0,0,0,0,0,0,0,0,0,0,0.8,0,0,0,0,0,0,4,0,0,0,0,0,0,0,0,0,0,0,0,0,0,76.4,0.4,0,0,0,316.4,0,0,0,0,3.6,3.6,52.8,0,0,0,0,0,0,15.2,0,0,0,0,0,0,0,2.4,27.2,2,108.4,0,0.4,0.4,6,0.4,0,0.4,57.2,0,0,11.2,1.2,6,0,0,0,0,1.6,2.4,0,2,0,0,0,0,0,0,0,0,0,0,0,0,0,0,0,0,0,0,0,0,0,0,0,1.2,0,0,0,2,0,0,0,0.4,0,0,0,0,0,0.4,0,0,0,0,0,0,0,0,0,0.4,0,0,0,0,0,0,0,0,0,0,0,0,0,0,0.4,0.8,0,5.6,10,2.8,0,0,0,0,1.6,0.4,0,0,0,0,0,0,0
0,0,0,0,0,0,0,0,0,0,0,0,0,0,0,0,0,0,0,0,0,0,1.3913,0,0,0,0,0,0,0,0,0,0,0,0.13913,0,1.3913,0,0,0,22.122,0,0,0,0,166.82,0,0,0,0.13913,0,0,4.5913,0,0,0,0,0,0,0,0.27826,0,0,0,0,0,0,0.55652,7.0957,0.83478,23.513,0,31.026,0,0,0.27826,0,0,2.9217,0,0,0.41739,0,0.13913,0,0.13913,0,0,0,1.113,0,0.83478,0,0,0.27826,0,0.27826,0,0,0,0,0,0.13913,0,0,0,0,0,0,0,0,0,0,0,0,0.13913,0,0,0,0,0,0,0,0,0,0,0,0,0,0,0,0,0,0,0,0,0,0,0,0,0,0,0,0,0,0,0,0,0,0,0,0,0,0,0,0,0,1.9478,1.9478,1.2522,0,0,0,0,0,0.13913,0,0,0,0,0,0,0
0,0,0,0,0,0,0,0,0,0,0,0,0,1.5023,0,0,0,0.15023,0,0.15023,0,0,0,0,0,0.18779,0,0,0,0,0,0,0,0,0,0,0,0,0,0,16.864,0,0,0,0,30.31,0,0,0,0,0.4507,0.15023,1.4648,0,0,0,0,0,0,2.7042,0,0,0,0,0,0,0,0.60094,3.831,0.15023,3.7934,0,1.5023,0.30047,0,0.15023,0,0.30047,2.3286,0,0,6.1221,0.18779,0.82629,0,0.037559,0,0,3.9061,2.216,0.30047,1.277,0,0,0,0,0.75117,0,0,0,0.037559,0,1.7653,0.4507,0,0,0,0,0,0,0,0,0,0,0,0,0,0,0,0,0,0,0,0,0,0.18779,0,0,0,0,0,0,0,0,0,0,0,0,0,0,0,0,0,0,0,0,0,0,0,0,0,0,0,0,0,0.11268,0,34.516,2.2535,0.86385,0,0,0,0,0,0,0,0,0,0,0,0,0
0,0,0,0,0,0,0,0,0,0,0,0,0,0,0,0,0,0,0,0,0,0,0,0,0,0.024806,0,0,0,0,0,0,0,0,0,0,0,0,0,0,2.6341,0.012403,0,0,0,2.2233,0,0,0,0,0.0015504,0,0.032558,0,0,0,0,0,0,0.44651,0,0,0,0,0,0,0,0,0.075969,0,0.45271,0,0.037209,0,0,0,0,0.17364,0.17829,0.0046512,0,0.026357,0,0,0,0,0,0,0.3876,0.27287,0.0015504,0.29457,0,0,0,0,0,0,0,0,0,0,0.010853,0,0,0,0,0,0,0,0,0,0,0,0,0,0,0,0,0,0,0,0,0,0,0.0031008,0,0,0,0,0.012403,0,0.4093,0,0,0,0,0,0,0,0,0,0,0,0,0,0,0,0,0,0,0,0,0,0.086822,0.0015504,0,0.64806,0.1845,0.024806,0,0,0,0,0,0,0,0,0,0,0,0,0
0,0,0,0,0,0,0,0,0,0,0,0,0,0,0,0,0,0,0,0,0,0,4.381,0,0.85714,0.47619,0,0,0,0,0,0,0,0,0,0,0,0,0,0,416.67,14.476,0,0,0,15.714,0,0,0,0,0.095238,0,0.095238,0,0,0,0,0,0,0.7619,1.5238,0,0.7619,0,0,0.7619,0,4.7619,13.048,0,21.238,0,5.4286,0,0,0,0,0.7619,42.19,0,0,3.9048,0,0.095238,0,0,0,0,0,0.095238,0,0,0,0,0,0,0,0,0,0,0,0,0.7619,0,0,0,0,0,0,0,0,0,0,0,0,0,0,0,0,0,0,0,0,0,0,0.19048,0.095238,0,0,0.19048,0,0,0,0,0,0,0,0,0,0,0,0,0,0,0,0,0,0,0,0,0,0,0,0,0,0,0,10.19,2.5714,2.6667,0,0,0,0,0,0,0,0,0,0,0,0,0
0,0,0,0,0,0,0,0,0,0,0,0,0,1.3077,0,0,0,0,0,0,0,0,0.15385,0,0,0,0,0,0,0,0,0,0,0,0,0,2.5385,0,0,0,326,16.077,0,0,0,189.62,0,0,0,0,0,0,0,0,0,0,0,0,0,0,2.4615,0,0,0,1.2308,0,0,8.6154,5.3077,0,41,0,76.462,11.154,2.4615,0,0,11.154,5.2308,0,0,10.154,7.8462,24.154,0,0,0,0,3.8462,13.923,3.8462,12.692,0,0,0,0,0.46154,0,0,0,0,0,0,0,0,0,0,0,0,0,0,0,0,0,0,0,0,0,0,0,0,0,0,0,0,1.2308,0,0,0,1.2308,0,0,0,0,0,0,0,0,0,0.076923,0,0,0,0,0,0,0,0,0,0,0,0,0,0,0,0.076923,0,13.615,10.077,4.3846,0,0,0,0,6.6154,0,0,0,0,0,0,0,0
0,0,0,0,0,0,0,0,0,0,0,0,0,1.0549,0,0,0,0,0,0,0,0,0,0,0.043956,0,0,0,0,0,0,0,0,0,0,0,0.35165,0,0,0,40.835,0,0,0,0,52.703,0,0,0,0,0,0.35165,0.72527,0,0,0,0,0,0,8.0879,0,0,0,0,0.35165,0,0,1.7802,2.8352,0,8.1978,0,2.2198,1.4286,0,0,0,4.5714,1.4286,0,0,2.5275,0.9011,2.3297,0,0,0,0,0.76923,0,0,2.8571,0,0,0,0,0,0,0,0.021978,0,0,0.021978,0,0,0,0,0,0,0,0,0,0,0,0,0,0,0,0,0,0,0,0,0,0,0,0,0,0,0.021978,0,0,0,0,0,0,0.35165,0,0,0,0,0,0,0,0,0,0,0,0,0,0,0,0,0,0.35165,0,0,2.1099,3.6484,0.021978,0,0,0,0,0,0,0,0,0,0,0,0,0
0,0,0,0,0,0,0,0,0,0,0,0,0,0,0,0,0.0069204,0,0.027682,0,0,0,0.027682,0,0,0.020761,0,0,0,0.0069204,0,0,0,0,0,0,0,0,0,0,9.5848,0.083045,0,0,0,5.7647,0,0,0,0,0.15917,0.048443,0.78893,0,0,0,0,0,0,0,0,0,0,0,0,0,0,0.69204,0.7474,0,0.78893,0,0.35986,0,0.19377,0.041522,0,0.027682,0.45675,0,0,0.35986,0.034602,0.013841,0,0,0,0,0.027682,0.034602,0.027682,0.11073,0,0,0,0,0,0,0,0.0069204,0,0,0,0,0,0,0,0,0,0,0,0,0,0,0,0.027682,0,0,0,0.027682,0,0,0,0.034602,0,0.013841,0.027682,0,0,0.013841,0,0,0,0,0,0,0,0,0,0,0,0,0,0,0,0,0,0,0,0,0,0,0,0,0,0,0,0.083045,0.13841,0,0,0,0,0,0,0,0,0,0,0.027682,0,0,0
0,0,1.5778,0,0,0,0,0,0,0,0,0,0,3.9938,0,0,0,0,0,0,0,0,0,0,0,0.64099,0,0,0,0,0,0,0,0,0,0,0,0,0,0.049307,155.81,0,0,0,0,55.076,0,0,0,0,1.2327,0,20.61,0,0,0,0,0,0,9.9599,0.39445,0,0,0,0,0,0,0.78891,3.7473,0.44376,29.387,0,7.7411,1.5778,0,0.14792,0,1.9723,3.5994,0,0,0.69029,0.39445,1.6764,0,0,0,0,7.1495,1.9723,0.049307,7.4946,0,0,0.39445,0,0.39445,0,0,0,0,0,0.44376,0,0,0,0,0,0,0,0,0,0,0,0,0,0,0,0,0.049307,0,0,0,0,0,4.0431,0,0,0,0.39445,0,0,8.3328,0,0,7.4946,0,0,0,0,0,0,0,0,0,0,0,0,0,0,0,0,0,0,23.716,0.39445,0,16.616,4.98,2.0216,0,0,0,0,0.78891,0,0,0.39445,0,5.8675,0,0,0
0,0.29392,0,0,0,0,0,0,0,0,0,0,0,3.2331,0,0,0,0,0.29392,0,0,0,0.14696,0,0.073479,0.58783,0,0,0.073479,0,0,0,0,0,0,0,0,0,0,0,50.48,0,0,0,0,21.676,0,0,0,0,0.36739,0.36739,15.21,0,0,0,0,0,0,2.9392,0,0,0,0,0,0,0,2.0574,3.0126,0,9.6257,0,2.4248,0,4.2618,1.2491,0,0,4.8496,0,0,2.3513,1.4696,3.1596,0,0,0,0,0.073479,0.58783,0.29392,4.7026,0,0,0.29392,0,0,0,0,0,0,0,0.14696,0,0.073479,0,0,0,0,0,0,0,0,0,0,0.29392,0,0,0.073479,0.073479,0,0,0,0.073479,0,9.1848,0,0,0,0.073479,0,0,4.2618,0,0,1.1757,0,0,0,0,0,0,0,0,0,0,0,0,0,0,0,0,0,0,3.527,0,0,3.2331,2.2778,0.58783,0,0,0,0,0,0,0,0,0,3.2331,0,0,0
0,0,0,0,0,0,0,0,0,0,0,0,0,1.4222,0,0,0,0,0,0,0,0,0.35556,0,0,1.7778,0,0,0,0,0,0,0,0,0,0,0,0,0,0,292.62,0.71111,0,0,0,240,0,0,0,0,9.9556,2.4889,50.844,0,0,0,0,0,0,14.933,0,0,0,0,0,0,0,2.8444,7.4667,1.4222,34.489,0,0,0,18.489,1.0667,0,0,12.444,0,0,9.2444,1.7778,1.4222,0,0,0,0,0,8.5333,1.0667,9.2444,0,0,2.4889,0,0,0,0,0,2.8444,0,3.2,0,0,0,0,0,0,0,0,0,0,0,0,1.0667,0,0,0.71111,1.7778,0,0,0.71111,1.4222,0,10.667,0,0,0,0.35556,0,0,1.4222,0,0,0,0,0,0,2.8444,0,0,0,0,0,0,0,0,0,0,0,0,0,0,55.111,0.71111,0,2.8444,5.6889,1.4222,0,0,0,0,0,0,0,0,0,0.35556,0,0,0
